"plate_well_sub","keep_trace"
"cal520_bluebeads_PT_20240618_10s_20240618165855_plateB_B02_r04c04",1
"cal520_bluebeads_PT_20240618_10s_20240618165855_plateB_B02_r04c06",1
"cal520_bluebeads_PT_20240618_10s_20240618165855_plateB_B02_r05c05",1
"cal520_bluebeads_PT_20240618_10s_20240618165855_plateB_B02_r06c04",1
"cal520_bluebeads_PT_20240618_10s_20240618165855_plateB_B02_r06c06",0
"cal520_bluebeads_PT_20240618_10s_20240618165855_plateB_B03_r04c04",1
"cal520_bluebeads_PT_20240618_10s_20240618165855_plateB_B03_r04c06",1
"cal520_bluebeads_PT_20240618_10s_20240618165855_plateB_B03_r05c05",1
"cal520_bluebeads_PT_20240618_10s_20240618165855_plateB_B03_r06c04",1
"cal520_bluebeads_PT_20240618_10s_20240618165855_plateB_B03_r06c06",1
"cal520_bluebeads_PT_20240618_10s_20240618165855_plateB_B04_r04c04",2
"cal520_bluebeads_PT_20240618_10s_20240618165855_plateB_B04_r04c06",0
"cal520_bluebeads_PT_20240618_10s_20240618165855_plateB_B04_r05c05",1
"cal520_bluebeads_PT_20240618_10s_20240618165855_plateB_B04_r06c04",1
"cal520_bluebeads_PT_20240618_10s_20240618165855_plateB_B04_r06c06",1
"cal520_bluebeads_PT_20240618_10s_20240618165855_plateB_B05_r04c04",0
"cal520_bluebeads_PT_20240618_10s_20240618165855_plateB_B05_r04c06",0
"cal520_bluebeads_PT_20240618_10s_20240618165855_plateB_B05_r05c05",0
"cal520_bluebeads_PT_20240618_10s_20240618165855_plateB_B05_r06c04",0
"cal520_bluebeads_PT_20240618_10s_20240618165855_plateB_B05_r06c06",0
"cal520_bluebeads_PT_20240618_10s_20240618165855_plateB_B06_r04c04",1
"cal520_bluebeads_PT_20240618_10s_20240618165855_plateB_B06_r04c06",1
"cal520_bluebeads_PT_20240618_10s_20240618165855_plateB_B06_r05c05",1
"cal520_bluebeads_PT_20240618_10s_20240618165855_plateB_B06_r06c04",1
"cal520_bluebeads_PT_20240618_10s_20240618165855_plateB_B06_r06c06",1
"cal520_bluebeads_PT_20240618_10s_20240618165855_plateB_B07_r04c04",1
"cal520_bluebeads_PT_20240618_10s_20240618165855_plateB_B07_r04c06",1
"cal520_bluebeads_PT_20240618_10s_20240618165855_plateB_B07_r05c05",1
"cal520_bluebeads_PT_20240618_10s_20240618165855_plateB_B07_r06c04",1
"cal520_bluebeads_PT_20240618_10s_20240618165855_plateB_B07_r06c06",1
"cal520_bluebeads_PT_20240618_10s_20240618165855_plateB_B08_r04c04",1
"cal520_bluebeads_PT_20240618_10s_20240618165855_plateB_B08_r04c06",1
"cal520_bluebeads_PT_20240618_10s_20240618165855_plateB_B08_r05c05",1
"cal520_bluebeads_PT_20240618_10s_20240618165855_plateB_B08_r06c04",1
"cal520_bluebeads_PT_20240618_10s_20240618165855_plateB_B08_r06c06",1
"cal520_bluebeads_PT_20240618_10s_20240618165855_plateB_B09_r04c04",1
"cal520_bluebeads_PT_20240618_10s_20240618165855_plateB_B09_r04c06",1
"cal520_bluebeads_PT_20240618_10s_20240618165855_plateB_B09_r05c05",1
"cal520_bluebeads_PT_20240618_10s_20240618165855_plateB_B09_r06c04",1
"cal520_bluebeads_PT_20240618_10s_20240618165855_plateB_B09_r06c06",1
"cal520_bluebeads_PT_20240618_10s_20240618165855_plateB_B10_r04c04",1
"cal520_bluebeads_PT_20240618_10s_20240618165855_plateB_B10_r04c06",1
"cal520_bluebeads_PT_20240618_10s_20240618165855_plateB_B10_r05c05",1
"cal520_bluebeads_PT_20240618_10s_20240618165855_plateB_B10_r06c04",1
"cal520_bluebeads_PT_20240618_10s_20240618165855_plateB_B10_r06c06",1
"cal520_bluebeads_PT_20240618_10s_20240618165855_plateB_B11_r04c04",1
"cal520_bluebeads_PT_20240618_10s_20240618165855_plateB_B11_r04c06",2
"cal520_bluebeads_PT_20240618_10s_20240618165855_plateB_B11_r05c05",0
"cal520_bluebeads_PT_20240618_10s_20240618165855_plateB_B11_r06c04",0
"cal520_bluebeads_PT_20240618_10s_20240618165855_plateB_B11_r06c06",0
"cal520_bluebeads_PT_20240618_10s_20240618165855_plateB_C02_r04c04",1
"cal520_bluebeads_PT_20240618_10s_20240618165855_plateB_C02_r04c06",1
"cal520_bluebeads_PT_20240618_10s_20240618165855_plateB_C02_r05c05",1
"cal520_bluebeads_PT_20240618_10s_20240618165855_plateB_C02_r06c04",1
"cal520_bluebeads_PT_20240618_10s_20240618165855_plateB_C02_r06c06",1
"cal520_bluebeads_PT_20240618_10s_20240618165855_plateB_C03_r04c04",1
"cal520_bluebeads_PT_20240618_10s_20240618165855_plateB_C03_r04c06",1
"cal520_bluebeads_PT_20240618_10s_20240618165855_plateB_C03_r05c05",1
"cal520_bluebeads_PT_20240618_10s_20240618165855_plateB_C03_r06c04",1
"cal520_bluebeads_PT_20240618_10s_20240618165855_plateB_C03_r06c06",1
"cal520_bluebeads_PT_20240618_10s_20240618165855_plateB_C04_r04c04",1
"cal520_bluebeads_PT_20240618_10s_20240618165855_plateB_C04_r04c06",1
"cal520_bluebeads_PT_20240618_10s_20240618165855_plateB_C04_r05c05",1
"cal520_bluebeads_PT_20240618_10s_20240618165855_plateB_C04_r06c04",1
"cal520_bluebeads_PT_20240618_10s_20240618165855_plateB_C04_r06c06",1
"cal520_bluebeads_PT_20240618_10s_20240618165855_plateB_C05_r04c04",1
"cal520_bluebeads_PT_20240618_10s_20240618165855_plateB_C05_r04c06",1
"cal520_bluebeads_PT_20240618_10s_20240618165855_plateB_C05_r05c05",1
"cal520_bluebeads_PT_20240618_10s_20240618165855_plateB_C05_r06c04",1
"cal520_bluebeads_PT_20240618_10s_20240618165855_plateB_C05_r06c06",1
"cal520_bluebeads_PT_20240618_10s_20240618165855_plateB_C06_r04c04",1
"cal520_bluebeads_PT_20240618_10s_20240618165855_plateB_C06_r04c06",1
"cal520_bluebeads_PT_20240618_10s_20240618165855_plateB_C06_r05c05",1
"cal520_bluebeads_PT_20240618_10s_20240618165855_plateB_C06_r06c04",1
"cal520_bluebeads_PT_20240618_10s_20240618165855_plateB_C06_r06c06",1
"cal520_bluebeads_PT_20240618_10s_20240618165855_plateB_C07_r04c04",1
"cal520_bluebeads_PT_20240618_10s_20240618165855_plateB_C07_r04c06",1
"cal520_bluebeads_PT_20240618_10s_20240618165855_plateB_C07_r05c05",1
"cal520_bluebeads_PT_20240618_10s_20240618165855_plateB_C07_r06c04",1
"cal520_bluebeads_PT_20240618_10s_20240618165855_plateB_C07_r06c06",1
"cal520_bluebeads_PT_20240618_10s_20240618165855_plateB_C08_r04c04",1
"cal520_bluebeads_PT_20240618_10s_20240618165855_plateB_C08_r04c06",1
"cal520_bluebeads_PT_20240618_10s_20240618165855_plateB_C08_r05c05",1
"cal520_bluebeads_PT_20240618_10s_20240618165855_plateB_C08_r06c04",1
"cal520_bluebeads_PT_20240618_10s_20240618165855_plateB_C08_r06c06",1
"cal520_bluebeads_PT_20240618_10s_20240618165855_plateB_C09_r04c04",1
"cal520_bluebeads_PT_20240618_10s_20240618165855_plateB_C09_r04c06",1
"cal520_bluebeads_PT_20240618_10s_20240618165855_plateB_C09_r05c05",1
"cal520_bluebeads_PT_20240618_10s_20240618165855_plateB_C09_r06c04",1
"cal520_bluebeads_PT_20240618_10s_20240618165855_plateB_C09_r06c06",1
"cal520_bluebeads_PT_20240618_10s_20240618165855_plateB_C11_r04c04",1
"cal520_bluebeads_PT_20240618_10s_20240618165855_plateB_C11_r04c06",1
"cal520_bluebeads_PT_20240618_10s_20240618165855_plateB_C11_r05c05",1
"cal520_bluebeads_PT_20240618_10s_20240618165855_plateB_C11_r06c04",1
"cal520_bluebeads_PT_20240618_10s_20240618165855_plateB_C11_r06c06",1
"cal520_bluebeads_PT_20240618_10s_20240618165855_plateB_D02_r04c04",1
"cal520_bluebeads_PT_20240618_10s_20240618165855_plateB_D02_r04c06",1
"cal520_bluebeads_PT_20240618_10s_20240618165855_plateB_D02_r05c05",1
"cal520_bluebeads_PT_20240618_10s_20240618165855_plateB_D02_r06c04",1
"cal520_bluebeads_PT_20240618_10s_20240618165855_plateB_D02_r06c06",1
"cal520_bluebeads_PT_20240618_10s_20240618165855_plateB_D04_r04c04",1
"cal520_bluebeads_PT_20240618_10s_20240618165855_plateB_D04_r04c06",1
"cal520_bluebeads_PT_20240618_10s_20240618165855_plateB_D04_r05c05",1
"cal520_bluebeads_PT_20240618_10s_20240618165855_plateB_D04_r06c04",1
"cal520_bluebeads_PT_20240618_10s_20240618165855_plateB_D04_r06c06",1
"cal520_bluebeads_PT_20240618_10s_20240618165855_plateB_D06_r04c04",1
"cal520_bluebeads_PT_20240618_10s_20240618165855_plateB_D06_r04c06",1
"cal520_bluebeads_PT_20240618_10s_20240618165855_plateB_D06_r05c05",1
"cal520_bluebeads_PT_20240618_10s_20240618165855_plateB_D06_r06c04",1
"cal520_bluebeads_PT_20240618_10s_20240618165855_plateB_D06_r06c06",1
"cal520_bluebeads_PT_20240618_10s_20240618165855_plateB_D07_r04c04",1
"cal520_bluebeads_PT_20240618_10s_20240618165855_plateB_D07_r04c06",1
"cal520_bluebeads_PT_20240618_10s_20240618165855_plateB_D07_r05c05",1
"cal520_bluebeads_PT_20240618_10s_20240618165855_plateB_D07_r06c04",1
"cal520_bluebeads_PT_20240618_10s_20240618165855_plateB_D07_r06c06",1
"cal520_bluebeads_PT_20240618_10s_20240618165855_plateB_D08_r04c04",1
"cal520_bluebeads_PT_20240618_10s_20240618165855_plateB_D08_r04c06",1
"cal520_bluebeads_PT_20240618_10s_20240618165855_plateB_D08_r05c05",1
"cal520_bluebeads_PT_20240618_10s_20240618165855_plateB_D08_r06c04",1
"cal520_bluebeads_PT_20240618_10s_20240618165855_plateB_D08_r06c06",1
"cal520_bluebeads_PT_20240618_10s_20240618165855_plateB_D09_r04c04",1
"cal520_bluebeads_PT_20240618_10s_20240618165855_plateB_D09_r04c06",1
"cal520_bluebeads_PT_20240618_10s_20240618165855_plateB_D09_r05c05",1
"cal520_bluebeads_PT_20240618_10s_20240618165855_plateB_D09_r06c04",1
"cal520_bluebeads_PT_20240618_10s_20240618165855_plateB_D09_r06c06",1
"cal520_bluebeads_PT_20240618_10s_20240618165855_plateB_D10_r04c04",1
"cal520_bluebeads_PT_20240618_10s_20240618165855_plateB_D10_r04c06",1
"cal520_bluebeads_PT_20240618_10s_20240618165855_plateB_D10_r05c05",1
"cal520_bluebeads_PT_20240618_10s_20240618165855_plateB_D10_r06c04",1
"cal520_bluebeads_PT_20240618_10s_20240618165855_plateB_D10_r06c06",1
"cal520_bluebeads_PT_20240618_10s_20240618165855_plateB_D11_r04c04",1
"cal520_bluebeads_PT_20240618_10s_20240618165855_plateB_D11_r04c06",1
"cal520_bluebeads_PT_20240618_10s_20240618165855_plateB_D11_r05c05",1
"cal520_bluebeads_PT_20240618_10s_20240618165855_plateB_D11_r06c04",1
"cal520_bluebeads_PT_20240618_10s_20240618165855_plateB_D11_r06c06",2
"cal520_bluebeads_PT_20240618_10s_20240618165855_plateB_E02_r04c04",1
"cal520_bluebeads_PT_20240618_10s_20240618165855_plateB_E02_r04c06",1
"cal520_bluebeads_PT_20240618_10s_20240618165855_plateB_E02_r05c05",2
"cal520_bluebeads_PT_20240618_10s_20240618165855_plateB_E02_r06c04",1
"cal520_bluebeads_PT_20240618_10s_20240618165855_plateB_E02_r06c06",1
"cal520_bluebeads_PT_20240618_10s_20240618165855_plateB_E03_r04c04",1
"cal520_bluebeads_PT_20240618_10s_20240618165855_plateB_E03_r04c06",1
"cal520_bluebeads_PT_20240618_10s_20240618165855_plateB_E03_r05c05",1
"cal520_bluebeads_PT_20240618_10s_20240618165855_plateB_E03_r06c04",1
"cal520_bluebeads_PT_20240618_10s_20240618165855_plateB_E03_r06c06",1
"cal520_bluebeads_PT_20240618_10s_20240618165855_plateB_E04_r04c04",1
"cal520_bluebeads_PT_20240618_10s_20240618165855_plateB_E04_r04c06",1
"cal520_bluebeads_PT_20240618_10s_20240618165855_plateB_E04_r05c05",1
"cal520_bluebeads_PT_20240618_10s_20240618165855_plateB_E04_r06c04",1
"cal520_bluebeads_PT_20240618_10s_20240618165855_plateB_E04_r06c06",1
"cal520_bluebeads_PT_20240618_10s_20240618165855_plateB_E05_r04c04",1
"cal520_bluebeads_PT_20240618_10s_20240618165855_plateB_E05_r04c06",1
"cal520_bluebeads_PT_20240618_10s_20240618165855_plateB_E05_r05c05",1
"cal520_bluebeads_PT_20240618_10s_20240618165855_plateB_E05_r06c04",1
"cal520_bluebeads_PT_20240618_10s_20240618165855_plateB_E05_r06c06",1
"cal520_bluebeads_PT_20240618_10s_20240618165855_plateB_E06_r04c04",1
"cal520_bluebeads_PT_20240618_10s_20240618165855_plateB_E06_r04c06",1
"cal520_bluebeads_PT_20240618_10s_20240618165855_plateB_E06_r05c05",1
"cal520_bluebeads_PT_20240618_10s_20240618165855_plateB_E06_r06c04",1
"cal520_bluebeads_PT_20240618_10s_20240618165855_plateB_E06_r06c06",1
"cal520_bluebeads_PT_20240618_10s_20240618165855_plateB_E07_r04c04",1
"cal520_bluebeads_PT_20240618_10s_20240618165855_plateB_E07_r04c06",1
"cal520_bluebeads_PT_20240618_10s_20240618165855_plateB_E07_r05c05",1
"cal520_bluebeads_PT_20240618_10s_20240618165855_plateB_E07_r06c04",1
"cal520_bluebeads_PT_20240618_10s_20240618165855_plateB_E07_r06c06",1
"cal520_bluebeads_PT_20240618_10s_20240618165855_plateB_E08_r04c04",1
"cal520_bluebeads_PT_20240618_10s_20240618165855_plateB_E08_r04c06",1
"cal520_bluebeads_PT_20240618_10s_20240618165855_plateB_E08_r05c05",1
"cal520_bluebeads_PT_20240618_10s_20240618165855_plateB_E08_r06c04",1
"cal520_bluebeads_PT_20240618_10s_20240618165855_plateB_E08_r06c06",1
"cal520_bluebeads_PT_20240618_10s_20240618165855_plateB_E09_r04c04",1
"cal520_bluebeads_PT_20240618_10s_20240618165855_plateB_E09_r04c06",1
"cal520_bluebeads_PT_20240618_10s_20240618165855_plateB_E09_r05c05",1
"cal520_bluebeads_PT_20240618_10s_20240618165855_plateB_E09_r06c04",1
"cal520_bluebeads_PT_20240618_10s_20240618165855_plateB_E09_r06c06",1
"cal520_bluebeads_PT_20240618_10s_20240618165855_plateB_E10_r04c04",1
"cal520_bluebeads_PT_20240618_10s_20240618165855_plateB_E10_r04c06",1
"cal520_bluebeads_PT_20240618_10s_20240618165855_plateB_E10_r05c05",1
"cal520_bluebeads_PT_20240618_10s_20240618165855_plateB_E10_r06c04",1
"cal520_bluebeads_PT_20240618_10s_20240618165855_plateB_E10_r06c06",1
"cal520_bluebeads_PT_20240618_10s_20240618165855_plateB_E11_r04c04",1
"cal520_bluebeads_PT_20240618_10s_20240618165855_plateB_E11_r04c06",1
"cal520_bluebeads_PT_20240618_10s_20240618165855_plateB_E11_r05c05",1
"cal520_bluebeads_PT_20240618_10s_20240618165855_plateB_E11_r06c04",1
"cal520_bluebeads_PT_20240618_10s_20240618165855_plateB_E11_r06c06",1
"cal520_bluebeads_PT_20240618_10s_20240618165855_plateB_F02_r04c04",1
"cal520_bluebeads_PT_20240618_10s_20240618165855_plateB_F02_r04c06",1
"cal520_bluebeads_PT_20240618_10s_20240618165855_plateB_F02_r05c05",1
"cal520_bluebeads_PT_20240618_10s_20240618165855_plateB_F02_r06c04",1
"cal520_bluebeads_PT_20240618_10s_20240618165855_plateB_F02_r06c06",1
"cal520_bluebeads_PT_20240618_10s_20240618165855_plateB_F03_r04c04",1
"cal520_bluebeads_PT_20240618_10s_20240618165855_plateB_F03_r04c06",1
"cal520_bluebeads_PT_20240618_10s_20240618165855_plateB_F03_r05c05",1
"cal520_bluebeads_PT_20240618_10s_20240618165855_plateB_F03_r06c04",1
"cal520_bluebeads_PT_20240618_10s_20240618165855_plateB_F03_r06c06",1
"cal520_bluebeads_PT_20240618_10s_20240618165855_plateB_F04_r04c04",1
"cal520_bluebeads_PT_20240618_10s_20240618165855_plateB_F04_r04c06",1
"cal520_bluebeads_PT_20240618_10s_20240618165855_plateB_F04_r05c05",1
"cal520_bluebeads_PT_20240618_10s_20240618165855_plateB_F04_r06c04",1
"cal520_bluebeads_PT_20240618_10s_20240618165855_plateB_F04_r06c06",1
"cal520_bluebeads_PT_20240618_10s_20240618165855_plateB_F05_r04c04",1
"cal520_bluebeads_PT_20240618_10s_20240618165855_plateB_F05_r04c06",1
"cal520_bluebeads_PT_20240618_10s_20240618165855_plateB_F05_r05c05",1
"cal520_bluebeads_PT_20240618_10s_20240618165855_plateB_F05_r06c04",1
"cal520_bluebeads_PT_20240618_10s_20240618165855_plateB_F05_r06c06",1
"cal520_bluebeads_PT_20240618_10s_20240618165855_plateB_F06_r04c04",1
"cal520_bluebeads_PT_20240618_10s_20240618165855_plateB_F06_r04c06",1
"cal520_bluebeads_PT_20240618_10s_20240618165855_plateB_F06_r05c05",1
"cal520_bluebeads_PT_20240618_10s_20240618165855_plateB_F06_r06c04",1
"cal520_bluebeads_PT_20240618_10s_20240618165855_plateB_F06_r06c06",1
"cal520_bluebeads_PT_20240618_10s_20240618165855_plateB_F07_r04c04",1
"cal520_bluebeads_PT_20240618_10s_20240618165855_plateB_F07_r04c06",1
"cal520_bluebeads_PT_20240618_10s_20240618165855_plateB_F07_r05c05",1
"cal520_bluebeads_PT_20240618_10s_20240618165855_plateB_F07_r06c04",1
"cal520_bluebeads_PT_20240618_10s_20240618165855_plateB_F07_r06c06",1
"cal520_bluebeads_PT_20240618_10s_20240618165855_plateB_F08_r04c04",1
"cal520_bluebeads_PT_20240618_10s_20240618165855_plateB_F08_r04c06",1
"cal520_bluebeads_PT_20240618_10s_20240618165855_plateB_F08_r05c05",1
"cal520_bluebeads_PT_20240618_10s_20240618165855_plateB_F08_r06c04",1
"cal520_bluebeads_PT_20240618_10s_20240618165855_plateB_F08_r06c06",1
"cal520_bluebeads_PT_20240618_10s_20240618165855_plateB_F09_r04c04",1
"cal520_bluebeads_PT_20240618_10s_20240618165855_plateB_F09_r04c06",1
"cal520_bluebeads_PT_20240618_10s_20240618165855_plateB_F09_r05c05",1
"cal520_bluebeads_PT_20240618_10s_20240618165855_plateB_F09_r06c04",1
"cal520_bluebeads_PT_20240618_10s_20240618165855_plateB_F09_r06c06",1
"cal520_bluebeads_PT_20240618_10s_20240618165855_plateB_F10_r04c04",1
"cal520_bluebeads_PT_20240618_10s_20240618165855_plateB_F10_r04c06",1
"cal520_bluebeads_PT_20240618_10s_20240618165855_plateB_F10_r05c05",1
"cal520_bluebeads_PT_20240618_10s_20240618165855_plateB_F10_r06c04",1
"cal520_bluebeads_PT_20240618_10s_20240618165855_plateB_F10_r06c06",1
"cal520_bluebeads_PT_20240618_10s_20240618165855_plateB_F11_r04c04",1
"cal520_bluebeads_PT_20240618_10s_20240618165855_plateB_F11_r04c06",1
"cal520_bluebeads_PT_20240618_10s_20240618165855_plateB_F11_r05c05",1
"cal520_bluebeads_PT_20240618_10s_20240618165855_plateB_F11_r06c04",1
"cal520_bluebeads_PT_20240618_10s_20240618165855_plateB_F11_r06c06",1
"cal520_bluebeads_PT_20240618_10s_20240618165855_plateB_G06_r04c04",1
"cal520_bluebeads_PT_20240618_10s_20240618165855_plateB_G06_r04c06",1
"cal520_bluebeads_PT_20240618_10s_20240618165855_plateB_G06_r05c05",1
"cal520_bluebeads_PT_20240618_10s_20240618165855_plateB_G06_r06c04",1
"cal520_bluebeads_PT_20240618_10s_20240618165855_plateB_G06_r06c06",1
"cal520_bluebeads_PT_20240618_10s_20240618165855_plateB_G07_r04c04",1
"cal520_bluebeads_PT_20240618_10s_20240618165855_plateB_G07_r04c06",1
"cal520_bluebeads_PT_20240618_10s_20240618165855_plateB_G07_r05c05",1
"cal520_bluebeads_PT_20240618_10s_20240618165855_plateB_G07_r06c04",1
"cal520_bluebeads_PT_20240618_10s_20240618165855_plateB_G07_r06c06",1
"cal520_bluebeads_PT_20240618_10s_20240618165855_plateB_G08_r04c04",1
"cal520_bluebeads_PT_20240618_10s_20240618165855_plateB_G08_r04c06",1
"cal520_bluebeads_PT_20240618_10s_20240618165855_plateB_G08_r05c05",1
"cal520_bluebeads_PT_20240618_10s_20240618165855_plateB_G08_r06c04",1
"cal520_bluebeads_PT_20240618_10s_20240618165855_plateB_G08_r06c06",1
"cal520_bluebeads_PT_20240618_10s_20240618165855_plateB_G09_r04c04",1
"cal520_bluebeads_PT_20240618_10s_20240618165855_plateB_G09_r04c06",1
"cal520_bluebeads_PT_20240618_10s_20240618165855_plateB_G09_r05c05",1
"cal520_bluebeads_PT_20240618_10s_20240618165855_plateB_G09_r06c04",2
"cal520_bluebeads_PT_20240618_10s_20240618165855_plateB_G09_r06c06",1
"cal520_bluebeads_PT_20240618_10s_20240618165855_plateB_G10_r04c04",1
"cal520_bluebeads_PT_20240618_10s_20240618165855_plateB_G10_r04c06",1
"cal520_bluebeads_PT_20240618_10s_20240618165855_plateB_G10_r05c05",1
"cal520_bluebeads_PT_20240618_10s_20240618165855_plateB_G10_r06c04",1
"cal520_bluebeads_PT_20240618_10s_20240618165855_plateB_G10_r06c06",1
"cal520_bluebeads_PT_20240618_10s_20240618165855_plateB_G11_r04c04",1
"cal520_bluebeads_PT_20240618_10s_20240618165855_plateB_G11_r04c06",1
"cal520_bluebeads_PT_20240618_10s_20240618165855_plateB_G11_r05c05",1
"cal520_bluebeads_PT_20240618_10s_20240618165855_plateB_G11_r06c04",1
"cal520_bluebeads_PT_20240618_10s_20240618165855_plateB_G11_r06c06",1
"cal520_bluebeads_PT_20240618_10s_20240618201243_plateC_B02_r04c04",1
"cal520_bluebeads_PT_20240618_10s_20240618201243_plateC_B02_r04c06",1
"cal520_bluebeads_PT_20240618_10s_20240618201243_plateC_B02_r05c05",1
"cal520_bluebeads_PT_20240618_10s_20240618201243_plateC_B02_r06c04",1
"cal520_bluebeads_PT_20240618_10s_20240618201243_plateC_B02_r06c06",1
"cal520_bluebeads_PT_20240618_10s_20240618201243_plateC_B03_r04c04",1
"cal520_bluebeads_PT_20240618_10s_20240618201243_plateC_B03_r04c06",1
"cal520_bluebeads_PT_20240618_10s_20240618201243_plateC_B03_r05c05",1
"cal520_bluebeads_PT_20240618_10s_20240618201243_plateC_B03_r06c04",1
"cal520_bluebeads_PT_20240618_10s_20240618201243_plateC_B03_r06c06",1
"cal520_bluebeads_PT_20240618_10s_20240618201243_plateC_B04_r04c04",1
"cal520_bluebeads_PT_20240618_10s_20240618201243_plateC_B04_r04c06",1
"cal520_bluebeads_PT_20240618_10s_20240618201243_plateC_B04_r05c05",1
"cal520_bluebeads_PT_20240618_10s_20240618201243_plateC_B04_r06c04",1
"cal520_bluebeads_PT_20240618_10s_20240618201243_plateC_B04_r06c06",1
"cal520_bluebeads_PT_20240618_10s_20240618201243_plateC_B05_r04c04",1
"cal520_bluebeads_PT_20240618_10s_20240618201243_plateC_B05_r04c06",1
"cal520_bluebeads_PT_20240618_10s_20240618201243_plateC_B05_r05c05",1
"cal520_bluebeads_PT_20240618_10s_20240618201243_plateC_B05_r06c04",1
"cal520_bluebeads_PT_20240618_10s_20240618201243_plateC_B05_r06c06",2
"cal520_bluebeads_PT_20240618_10s_20240618201243_plateC_B06_r04c04",1
"cal520_bluebeads_PT_20240618_10s_20240618201243_plateC_B06_r04c06",1
"cal520_bluebeads_PT_20240618_10s_20240618201243_plateC_B06_r05c05",1
"cal520_bluebeads_PT_20240618_10s_20240618201243_plateC_B06_r06c04",1
"cal520_bluebeads_PT_20240618_10s_20240618201243_plateC_B06_r06c06",1
"cal520_bluebeads_PT_20240618_10s_20240618201243_plateC_B07_r04c04",1
"cal520_bluebeads_PT_20240618_10s_20240618201243_plateC_B07_r04c06",1
"cal520_bluebeads_PT_20240618_10s_20240618201243_plateC_B07_r05c05",1
"cal520_bluebeads_PT_20240618_10s_20240618201243_plateC_B07_r06c04",1
"cal520_bluebeads_PT_20240618_10s_20240618201243_plateC_B07_r06c06",1
"cal520_bluebeads_PT_20240618_10s_20240618201243_plateC_B08_r04c04",1
"cal520_bluebeads_PT_20240618_10s_20240618201243_plateC_B08_r04c06",1
"cal520_bluebeads_PT_20240618_10s_20240618201243_plateC_B08_r05c05",1
"cal520_bluebeads_PT_20240618_10s_20240618201243_plateC_B08_r06c04",1
"cal520_bluebeads_PT_20240618_10s_20240618201243_plateC_B08_r06c06",1
"cal520_bluebeads_PT_20240618_10s_20240618201243_plateC_B09_r04c04",1
"cal520_bluebeads_PT_20240618_10s_20240618201243_plateC_B09_r04c06",1
"cal520_bluebeads_PT_20240618_10s_20240618201243_plateC_B09_r05c05",1
"cal520_bluebeads_PT_20240618_10s_20240618201243_plateC_B09_r06c04",1
"cal520_bluebeads_PT_20240618_10s_20240618201243_plateC_B09_r06c06",1
"cal520_bluebeads_PT_20240618_10s_20240618201243_plateC_B10_r04c04",0
"cal520_bluebeads_PT_20240618_10s_20240618201243_plateC_B10_r04c06",0
"cal520_bluebeads_PT_20240618_10s_20240618201243_plateC_B10_r05c05",0
"cal520_bluebeads_PT_20240618_10s_20240618201243_plateC_B10_r06c04",0
"cal520_bluebeads_PT_20240618_10s_20240618201243_plateC_B10_r06c06",0
"cal520_bluebeads_PT_20240618_10s_20240618201243_plateC_B11_r04c04",1
"cal520_bluebeads_PT_20240618_10s_20240618201243_plateC_B11_r04c06",0
"cal520_bluebeads_PT_20240618_10s_20240618201243_plateC_B11_r05c05",0
"cal520_bluebeads_PT_20240618_10s_20240618201243_plateC_B11_r06c04",0
"cal520_bluebeads_PT_20240618_10s_20240618201243_plateC_B11_r06c06",0
"cal520_bluebeads_PT_20240618_10s_20240618201243_plateC_C02_r04c04",1
"cal520_bluebeads_PT_20240618_10s_20240618201243_plateC_C02_r04c06",1
"cal520_bluebeads_PT_20240618_10s_20240618201243_plateC_C02_r05c05",1
"cal520_bluebeads_PT_20240618_10s_20240618201243_plateC_C02_r06c04",1
"cal520_bluebeads_PT_20240618_10s_20240618201243_plateC_C02_r06c06",1
"cal520_bluebeads_PT_20240618_10s_20240618201243_plateC_C03_r04c04",1
"cal520_bluebeads_PT_20240618_10s_20240618201243_plateC_C03_r04c06",1
"cal520_bluebeads_PT_20240618_10s_20240618201243_plateC_C03_r05c05",1
"cal520_bluebeads_PT_20240618_10s_20240618201243_plateC_C03_r06c04",1
"cal520_bluebeads_PT_20240618_10s_20240618201243_plateC_C03_r06c06",1
"cal520_bluebeads_PT_20240618_10s_20240618201243_plateC_C04_r04c04",1
"cal520_bluebeads_PT_20240618_10s_20240618201243_plateC_C04_r04c06",1
"cal520_bluebeads_PT_20240618_10s_20240618201243_plateC_C04_r05c05",1
"cal520_bluebeads_PT_20240618_10s_20240618201243_plateC_C04_r06c04",1
"cal520_bluebeads_PT_20240618_10s_20240618201243_plateC_C04_r06c06",1
"cal520_bluebeads_PT_20240618_10s_20240618201243_plateC_C05_r04c04",1
"cal520_bluebeads_PT_20240618_10s_20240618201243_plateC_C05_r04c06",1
"cal520_bluebeads_PT_20240618_10s_20240618201243_plateC_C05_r05c05",1
"cal520_bluebeads_PT_20240618_10s_20240618201243_plateC_C05_r06c04",1
"cal520_bluebeads_PT_20240618_10s_20240618201243_plateC_C05_r06c06",1
"cal520_bluebeads_PT_20240618_10s_20240618201243_plateC_C06_r04c04",1
"cal520_bluebeads_PT_20240618_10s_20240618201243_plateC_C06_r04c06",1
"cal520_bluebeads_PT_20240618_10s_20240618201243_plateC_C06_r05c05",1
"cal520_bluebeads_PT_20240618_10s_20240618201243_plateC_C06_r06c04",1
"cal520_bluebeads_PT_20240618_10s_20240618201243_plateC_C06_r06c06",1
"cal520_bluebeads_PT_20240618_10s_20240618201243_plateC_C07_r04c04",1
"cal520_bluebeads_PT_20240618_10s_20240618201243_plateC_C07_r04c06",1
"cal520_bluebeads_PT_20240618_10s_20240618201243_plateC_C07_r05c05",1
"cal520_bluebeads_PT_20240618_10s_20240618201243_plateC_C07_r06c04",1
"cal520_bluebeads_PT_20240618_10s_20240618201243_plateC_C07_r06c06",1
"cal520_bluebeads_PT_20240618_10s_20240618201243_plateC_C08_r04c04",1
"cal520_bluebeads_PT_20240618_10s_20240618201243_plateC_C08_r04c06",1
"cal520_bluebeads_PT_20240618_10s_20240618201243_plateC_C08_r05c05",1
"cal520_bluebeads_PT_20240618_10s_20240618201243_plateC_C08_r06c04",1
"cal520_bluebeads_PT_20240618_10s_20240618201243_plateC_C08_r06c06",1
"cal520_bluebeads_PT_20240618_10s_20240618201243_plateC_C09_r04c04",1
"cal520_bluebeads_PT_20240618_10s_20240618201243_plateC_C09_r04c06",1
"cal520_bluebeads_PT_20240618_10s_20240618201243_plateC_C09_r05c05",1
"cal520_bluebeads_PT_20240618_10s_20240618201243_plateC_C09_r06c04",1
"cal520_bluebeads_PT_20240618_10s_20240618201243_plateC_C09_r06c06",1
"cal520_bluebeads_PT_20240618_10s_20240618201243_plateC_C11_r04c04",0
"cal520_bluebeads_PT_20240618_10s_20240618201243_plateC_C11_r04c06",0
"cal520_bluebeads_PT_20240618_10s_20240618201243_plateC_C11_r05c05",0
"cal520_bluebeads_PT_20240618_10s_20240618201243_plateC_C11_r06c04",0
"cal520_bluebeads_PT_20240618_10s_20240618201243_plateC_C11_r06c06",0
"cal520_bluebeads_PT_20240618_10s_20240618201243_plateC_D02_r04c04",1
"cal520_bluebeads_PT_20240618_10s_20240618201243_plateC_D02_r04c06",1
"cal520_bluebeads_PT_20240618_10s_20240618201243_plateC_D02_r05c05",1
"cal520_bluebeads_PT_20240618_10s_20240618201243_plateC_D02_r06c04",1
"cal520_bluebeads_PT_20240618_10s_20240618201243_plateC_D02_r06c06",1
"cal520_bluebeads_PT_20240618_10s_20240618201243_plateC_D04_r04c04",1
"cal520_bluebeads_PT_20240618_10s_20240618201243_plateC_D04_r04c06",1
"cal520_bluebeads_PT_20240618_10s_20240618201243_plateC_D04_r05c05",1
"cal520_bluebeads_PT_20240618_10s_20240618201243_plateC_D04_r06c04",1
"cal520_bluebeads_PT_20240618_10s_20240618201243_plateC_D04_r06c06",1
"cal520_bluebeads_PT_20240618_10s_20240618201243_plateC_D06_r04c04",1
"cal520_bluebeads_PT_20240618_10s_20240618201243_plateC_D06_r04c06",1
"cal520_bluebeads_PT_20240618_10s_20240618201243_plateC_D06_r05c05",1
"cal520_bluebeads_PT_20240618_10s_20240618201243_plateC_D06_r06c04",1
"cal520_bluebeads_PT_20240618_10s_20240618201243_plateC_D06_r06c06",1
"cal520_bluebeads_PT_20240618_10s_20240618201243_plateC_D07_r04c04",1
"cal520_bluebeads_PT_20240618_10s_20240618201243_plateC_D07_r04c06",1
"cal520_bluebeads_PT_20240618_10s_20240618201243_plateC_D07_r05c05",1
"cal520_bluebeads_PT_20240618_10s_20240618201243_plateC_D07_r06c04",1
"cal520_bluebeads_PT_20240618_10s_20240618201243_plateC_D07_r06c06",1
"cal520_bluebeads_PT_20240618_10s_20240618201243_plateC_D08_r04c04",1
"cal520_bluebeads_PT_20240618_10s_20240618201243_plateC_D08_r04c06",1
"cal520_bluebeads_PT_20240618_10s_20240618201243_plateC_D08_r05c05",1
"cal520_bluebeads_PT_20240618_10s_20240618201243_plateC_D08_r06c04",1
"cal520_bluebeads_PT_20240618_10s_20240618201243_plateC_D08_r06c06",1
"cal520_bluebeads_PT_20240618_10s_20240618201243_plateC_D09_r04c04",1
"cal520_bluebeads_PT_20240618_10s_20240618201243_plateC_D09_r04c06",1
"cal520_bluebeads_PT_20240618_10s_20240618201243_plateC_D09_r05c05",1
"cal520_bluebeads_PT_20240618_10s_20240618201243_plateC_D09_r06c04",1
"cal520_bluebeads_PT_20240618_10s_20240618201243_plateC_D09_r06c06",1
"cal520_bluebeads_PT_20240618_10s_20240618201243_plateC_D10_r04c04",1
"cal520_bluebeads_PT_20240618_10s_20240618201243_plateC_D10_r04c06",1
"cal520_bluebeads_PT_20240618_10s_20240618201243_plateC_D10_r05c05",1
"cal520_bluebeads_PT_20240618_10s_20240618201243_plateC_D10_r06c04",1
"cal520_bluebeads_PT_20240618_10s_20240618201243_plateC_D10_r06c06",1
"cal520_bluebeads_PT_20240618_10s_20240618201243_plateC_D11_r04c04",1
"cal520_bluebeads_PT_20240618_10s_20240618201243_plateC_D11_r04c06",1
"cal520_bluebeads_PT_20240618_10s_20240618201243_plateC_D11_r05c05",2
"cal520_bluebeads_PT_20240618_10s_20240618201243_plateC_D11_r06c04",2
"cal520_bluebeads_PT_20240618_10s_20240618201243_plateC_D11_r06c06",1
"cal520_bluebeads_PT_20240618_10s_20240618201243_plateC_E02_r04c04",2
"cal520_bluebeads_PT_20240618_10s_20240618201243_plateC_E02_r04c06",2
"cal520_bluebeads_PT_20240618_10s_20240618201243_plateC_E02_r05c05",1
"cal520_bluebeads_PT_20240618_10s_20240618201243_plateC_E02_r06c04",1
"cal520_bluebeads_PT_20240618_10s_20240618201243_plateC_E02_r06c06",2
"cal520_bluebeads_PT_20240618_10s_20240618201243_plateC_E03_r04c04",1
"cal520_bluebeads_PT_20240618_10s_20240618201243_plateC_E03_r04c06",1
"cal520_bluebeads_PT_20240618_10s_20240618201243_plateC_E03_r05c05",1
"cal520_bluebeads_PT_20240618_10s_20240618201243_plateC_E03_r06c04",1
"cal520_bluebeads_PT_20240618_10s_20240618201243_plateC_E03_r06c06",1
"cal520_bluebeads_PT_20240618_10s_20240618201243_plateC_E04_r04c04",1
"cal520_bluebeads_PT_20240618_10s_20240618201243_plateC_E04_r04c06",1
"cal520_bluebeads_PT_20240618_10s_20240618201243_plateC_E04_r05c05",1
"cal520_bluebeads_PT_20240618_10s_20240618201243_plateC_E04_r06c04",1
"cal520_bluebeads_PT_20240618_10s_20240618201243_plateC_E04_r06c06",1
"cal520_bluebeads_PT_20240618_10s_20240618201243_plateC_E05_r04c04",1
"cal520_bluebeads_PT_20240618_10s_20240618201243_plateC_E05_r04c06",1
"cal520_bluebeads_PT_20240618_10s_20240618201243_plateC_E05_r05c05",1
"cal520_bluebeads_PT_20240618_10s_20240618201243_plateC_E05_r06c04",1
"cal520_bluebeads_PT_20240618_10s_20240618201243_plateC_E05_r06c06",1
"cal520_bluebeads_PT_20240618_10s_20240618201243_plateC_E06_r04c04",1
"cal520_bluebeads_PT_20240618_10s_20240618201243_plateC_E06_r04c06",1
"cal520_bluebeads_PT_20240618_10s_20240618201243_plateC_E06_r05c05",1
"cal520_bluebeads_PT_20240618_10s_20240618201243_plateC_E06_r06c04",1
"cal520_bluebeads_PT_20240618_10s_20240618201243_plateC_E06_r06c06",1
"cal520_bluebeads_PT_20240618_10s_20240618201243_plateC_E07_r04c04",1
"cal520_bluebeads_PT_20240618_10s_20240618201243_plateC_E07_r04c06",1
"cal520_bluebeads_PT_20240618_10s_20240618201243_plateC_E07_r05c05",1
"cal520_bluebeads_PT_20240618_10s_20240618201243_plateC_E07_r06c04",1
"cal520_bluebeads_PT_20240618_10s_20240618201243_plateC_E07_r06c06",1
"cal520_bluebeads_PT_20240618_10s_20240618201243_plateC_E08_r04c04",1
"cal520_bluebeads_PT_20240618_10s_20240618201243_plateC_E08_r04c06",1
"cal520_bluebeads_PT_20240618_10s_20240618201243_plateC_E08_r05c05",1
"cal520_bluebeads_PT_20240618_10s_20240618201243_plateC_E08_r06c04",1
"cal520_bluebeads_PT_20240618_10s_20240618201243_plateC_E08_r06c06",1
"cal520_bluebeads_PT_20240618_10s_20240618201243_plateC_E09_r04c04",1
"cal520_bluebeads_PT_20240618_10s_20240618201243_plateC_E09_r04c06",1
"cal520_bluebeads_PT_20240618_10s_20240618201243_plateC_E09_r05c05",1
"cal520_bluebeads_PT_20240618_10s_20240618201243_plateC_E09_r06c04",1
"cal520_bluebeads_PT_20240618_10s_20240618201243_plateC_E09_r06c06",1
"cal520_bluebeads_PT_20240618_10s_20240618201243_plateC_E10_r04c04",1
"cal520_bluebeads_PT_20240618_10s_20240618201243_plateC_E10_r04c06",2
"cal520_bluebeads_PT_20240618_10s_20240618201243_plateC_E10_r05c05",1
"cal520_bluebeads_PT_20240618_10s_20240618201243_plateC_E10_r06c04",1
"cal520_bluebeads_PT_20240618_10s_20240618201243_plateC_E10_r06c06",2
"cal520_bluebeads_PT_20240618_10s_20240618201243_plateC_E11_r04c04",1
"cal520_bluebeads_PT_20240618_10s_20240618201243_plateC_E11_r04c06",1
"cal520_bluebeads_PT_20240618_10s_20240618201243_plateC_E11_r05c05",1
"cal520_bluebeads_PT_20240618_10s_20240618201243_plateC_E11_r06c04",1
"cal520_bluebeads_PT_20240618_10s_20240618201243_plateC_E11_r06c06",1
"cal520_bluebeads_PT_20240618_10s_20240618201243_plateC_F02_r04c04",1
"cal520_bluebeads_PT_20240618_10s_20240618201243_plateC_F02_r04c06",1
"cal520_bluebeads_PT_20240618_10s_20240618201243_plateC_F02_r05c05",1
"cal520_bluebeads_PT_20240618_10s_20240618201243_plateC_F02_r06c04",1
"cal520_bluebeads_PT_20240618_10s_20240618201243_plateC_F02_r06c06",1
"cal520_bluebeads_PT_20240618_10s_20240618201243_plateC_F03_r04c04",1
"cal520_bluebeads_PT_20240618_10s_20240618201243_plateC_F03_r04c06",1
"cal520_bluebeads_PT_20240618_10s_20240618201243_plateC_F03_r05c05",1
"cal520_bluebeads_PT_20240618_10s_20240618201243_plateC_F03_r06c04",1
"cal520_bluebeads_PT_20240618_10s_20240618201243_plateC_F03_r06c06",1
"cal520_bluebeads_PT_20240618_10s_20240618201243_plateC_F04_r04c04",1
"cal520_bluebeads_PT_20240618_10s_20240618201243_plateC_F04_r04c06",1
"cal520_bluebeads_PT_20240618_10s_20240618201243_plateC_F04_r05c05",1
"cal520_bluebeads_PT_20240618_10s_20240618201243_plateC_F04_r06c04",1
"cal520_bluebeads_PT_20240618_10s_20240618201243_plateC_F04_r06c06",1
"cal520_bluebeads_PT_20240618_10s_20240618201243_plateC_F05_r04c04",1
"cal520_bluebeads_PT_20240618_10s_20240618201243_plateC_F05_r04c06",1
"cal520_bluebeads_PT_20240618_10s_20240618201243_plateC_F05_r05c05",1
"cal520_bluebeads_PT_20240618_10s_20240618201243_plateC_F05_r06c04",1
"cal520_bluebeads_PT_20240618_10s_20240618201243_plateC_F05_r06c06",1
"cal520_bluebeads_PT_20240618_10s_20240618201243_plateC_F06_r04c04",1
"cal520_bluebeads_PT_20240618_10s_20240618201243_plateC_F06_r04c06",1
"cal520_bluebeads_PT_20240618_10s_20240618201243_plateC_F06_r05c05",1
"cal520_bluebeads_PT_20240618_10s_20240618201243_plateC_F06_r06c04",1
"cal520_bluebeads_PT_20240618_10s_20240618201243_plateC_F06_r06c06",1
"cal520_bluebeads_PT_20240618_10s_20240618201243_plateC_F07_r04c04",1
"cal520_bluebeads_PT_20240618_10s_20240618201243_plateC_F07_r04c06",1
"cal520_bluebeads_PT_20240618_10s_20240618201243_plateC_F07_r05c05",1
"cal520_bluebeads_PT_20240618_10s_20240618201243_plateC_F07_r06c04",1
"cal520_bluebeads_PT_20240618_10s_20240618201243_plateC_F07_r06c06",1
"cal520_bluebeads_PT_20240618_10s_20240618201243_plateC_F08_r04c04",1
"cal520_bluebeads_PT_20240618_10s_20240618201243_plateC_F08_r04c06",1
"cal520_bluebeads_PT_20240618_10s_20240618201243_plateC_F08_r05c05",1
"cal520_bluebeads_PT_20240618_10s_20240618201243_plateC_F08_r06c04",1
"cal520_bluebeads_PT_20240618_10s_20240618201243_plateC_F08_r06c06",1
"cal520_bluebeads_PT_20240618_10s_20240618201243_plateC_F09_r04c04",1
"cal520_bluebeads_PT_20240618_10s_20240618201243_plateC_F09_r04c06",1
"cal520_bluebeads_PT_20240618_10s_20240618201243_plateC_F09_r05c05",1
"cal520_bluebeads_PT_20240618_10s_20240618201243_plateC_F09_r06c04",1
"cal520_bluebeads_PT_20240618_10s_20240618201243_plateC_F09_r06c06",1
"cal520_bluebeads_PT_20240618_10s_20240618201243_plateC_F10_r04c04",1
"cal520_bluebeads_PT_20240618_10s_20240618201243_plateC_F10_r04c06",1
"cal520_bluebeads_PT_20240618_10s_20240618201243_plateC_F10_r05c05",1
"cal520_bluebeads_PT_20240618_10s_20240618201243_plateC_F10_r06c04",1
"cal520_bluebeads_PT_20240618_10s_20240618201243_plateC_F10_r06c06",1
"cal520_bluebeads_PT_20240618_10s_20240618201243_plateC_F11_r04c04",1
"cal520_bluebeads_PT_20240618_10s_20240618201243_plateC_F11_r04c06",1
"cal520_bluebeads_PT_20240618_10s_20240618201243_plateC_F11_r05c05",1
"cal520_bluebeads_PT_20240618_10s_20240618201243_plateC_F11_r06c04",2
"cal520_bluebeads_PT_20240618_10s_20240618201243_plateC_F11_r06c06",1
"cal520_bluebeads_PT_20240618_10s_20240618201243_plateC_G06_r04c04",0
"cal520_bluebeads_PT_20240618_10s_20240618201243_plateC_G06_r04c06",0
"cal520_bluebeads_PT_20240618_10s_20240618201243_plateC_G06_r05c05",0
"cal520_bluebeads_PT_20240618_10s_20240618201243_plateC_G06_r06c04",0
"cal520_bluebeads_PT_20240618_10s_20240618201243_plateC_G06_r06c06",0
"cal520_bluebeads_PT_20240618_10s_20240618201243_plateC_G07_r04c04",0
"cal520_bluebeads_PT_20240618_10s_20240618201243_plateC_G07_r04c06",0
"cal520_bluebeads_PT_20240618_10s_20240618201243_plateC_G07_r05c05",0
"cal520_bluebeads_PT_20240618_10s_20240618201243_plateC_G07_r06c04",0
"cal520_bluebeads_PT_20240618_10s_20240618201243_plateC_G07_r06c06",0
"cal520_bluebeads_PT_20240618_10s_20240618201243_plateC_G08_r04c04",1
"cal520_bluebeads_PT_20240618_10s_20240618201243_plateC_G08_r04c06",1
"cal520_bluebeads_PT_20240618_10s_20240618201243_plateC_G08_r05c05",1
"cal520_bluebeads_PT_20240618_10s_20240618201243_plateC_G08_r06c04",1
"cal520_bluebeads_PT_20240618_10s_20240618201243_plateC_G08_r06c06",1
"cal520_bluebeads_PT_20240618_10s_20240618201243_plateC_G09_r04c04",2
"cal520_bluebeads_PT_20240618_10s_20240618201243_plateC_G09_r04c06",2
"cal520_bluebeads_PT_20240618_10s_20240618201243_plateC_G09_r05c05",1
"cal520_bluebeads_PT_20240618_10s_20240618201243_plateC_G09_r06c04",2
"cal520_bluebeads_PT_20240618_10s_20240618201243_plateC_G09_r06c06",2
"cal520_bluebeads_PT_20240618_10s_20240618201243_plateC_G10_r04c04",1
"cal520_bluebeads_PT_20240618_10s_20240618201243_plateC_G10_r04c06",1
"cal520_bluebeads_PT_20240618_10s_20240618201243_plateC_G10_r05c05",2
"cal520_bluebeads_PT_20240618_10s_20240618201243_plateC_G10_r06c04",2
"cal520_bluebeads_PT_20240618_10s_20240618201243_plateC_G10_r06c06",2
"cal520_bluebeads_PT_20240618_10s_20240618201243_plateC_G11_r04c04",1
"cal520_bluebeads_PT_20240618_10s_20240618201243_plateC_G11_r04c06",1
"cal520_bluebeads_PT_20240618_10s_20240618201243_plateC_G11_r05c05",1
"cal520_bluebeads_PT_20240618_10s_20240618201243_plateC_G11_r06c04",1
"cal520_bluebeads_PT_20240618_10s_20240618201243_plateC_G11_r06c06",1
"cal520_bluebeads_PT_20240618_10s_20240618230055_plateD_B02_r04c04",1
"cal520_bluebeads_PT_20240618_10s_20240618230055_plateD_B02_r04c06",1
"cal520_bluebeads_PT_20240618_10s_20240618230055_plateD_B02_r05c05",1
"cal520_bluebeads_PT_20240618_10s_20240618230055_plateD_B02_r06c04",1
"cal520_bluebeads_PT_20240618_10s_20240618230055_plateD_B02_r06c06",1
"cal520_bluebeads_PT_20240618_10s_20240618230055_plateD_B03_r04c04",1
"cal520_bluebeads_PT_20240618_10s_20240618230055_plateD_B03_r04c06",1
"cal520_bluebeads_PT_20240618_10s_20240618230055_plateD_B03_r05c05",1
"cal520_bluebeads_PT_20240618_10s_20240618230055_plateD_B03_r06c04",1
"cal520_bluebeads_PT_20240618_10s_20240618230055_plateD_B03_r06c06",1
"cal520_bluebeads_PT_20240618_10s_20240618230055_plateD_B04_r04c04",1
"cal520_bluebeads_PT_20240618_10s_20240618230055_plateD_B04_r04c06",1
"cal520_bluebeads_PT_20240618_10s_20240618230055_plateD_B04_r05c05",1
"cal520_bluebeads_PT_20240618_10s_20240618230055_plateD_B04_r06c04",1
"cal520_bluebeads_PT_20240618_10s_20240618230055_plateD_B04_r06c06",1
"cal520_bluebeads_PT_20240618_10s_20240618230055_plateD_B05_r04c04",1
"cal520_bluebeads_PT_20240618_10s_20240618230055_plateD_B05_r04c06",1
"cal520_bluebeads_PT_20240618_10s_20240618230055_plateD_B05_r05c05",1
"cal520_bluebeads_PT_20240618_10s_20240618230055_plateD_B05_r06c04",1
"cal520_bluebeads_PT_20240618_10s_20240618230055_plateD_B05_r06c06",1
"cal520_bluebeads_PT_20240618_10s_20240618230055_plateD_B06_r04c04",1
"cal520_bluebeads_PT_20240618_10s_20240618230055_plateD_B06_r04c06",1
"cal520_bluebeads_PT_20240618_10s_20240618230055_plateD_B06_r05c05",1
"cal520_bluebeads_PT_20240618_10s_20240618230055_plateD_B06_r06c04",1
"cal520_bluebeads_PT_20240618_10s_20240618230055_plateD_B06_r06c06",1
"cal520_bluebeads_PT_20240618_10s_20240618230055_plateD_B07_r04c04",1
"cal520_bluebeads_PT_20240618_10s_20240618230055_plateD_B07_r04c06",1
"cal520_bluebeads_PT_20240618_10s_20240618230055_plateD_B07_r05c05",1
"cal520_bluebeads_PT_20240618_10s_20240618230055_plateD_B07_r06c04",1
"cal520_bluebeads_PT_20240618_10s_20240618230055_plateD_B07_r06c06",1
"cal520_bluebeads_PT_20240618_10s_20240618230055_plateD_B08_r04c04",1
"cal520_bluebeads_PT_20240618_10s_20240618230055_plateD_B08_r04c06",1
"cal520_bluebeads_PT_20240618_10s_20240618230055_plateD_B08_r05c05",1
"cal520_bluebeads_PT_20240618_10s_20240618230055_plateD_B08_r06c04",1
"cal520_bluebeads_PT_20240618_10s_20240618230055_plateD_B08_r06c06",1
"cal520_bluebeads_PT_20240618_10s_20240618230055_plateD_B09_r04c04",1
"cal520_bluebeads_PT_20240618_10s_20240618230055_plateD_B09_r04c06",1
"cal520_bluebeads_PT_20240618_10s_20240618230055_plateD_B09_r05c05",1
"cal520_bluebeads_PT_20240618_10s_20240618230055_plateD_B09_r06c04",1
"cal520_bluebeads_PT_20240618_10s_20240618230055_plateD_B09_r06c06",1
"cal520_bluebeads_PT_20240618_10s_20240618230055_plateD_B10_r04c04",1
"cal520_bluebeads_PT_20240618_10s_20240618230055_plateD_B10_r04c06",1
"cal520_bluebeads_PT_20240618_10s_20240618230055_plateD_B10_r05c05",1
"cal520_bluebeads_PT_20240618_10s_20240618230055_plateD_B10_r06c04",1
"cal520_bluebeads_PT_20240618_10s_20240618230055_plateD_B10_r06c06",0
"cal520_bluebeads_PT_20240618_10s_20240618230055_plateD_B11_r04c04",1
"cal520_bluebeads_PT_20240618_10s_20240618230055_plateD_B11_r04c06",1
"cal520_bluebeads_PT_20240618_10s_20240618230055_plateD_B11_r05c05",1
"cal520_bluebeads_PT_20240618_10s_20240618230055_plateD_B11_r06c04",1
"cal520_bluebeads_PT_20240618_10s_20240618230055_plateD_B11_r06c06",1
"cal520_bluebeads_PT_20240618_10s_20240618230055_plateD_C02_r04c04",1
"cal520_bluebeads_PT_20240618_10s_20240618230055_plateD_C02_r04c06",1
"cal520_bluebeads_PT_20240618_10s_20240618230055_plateD_C02_r05c05",1
"cal520_bluebeads_PT_20240618_10s_20240618230055_plateD_C02_r06c04",1
"cal520_bluebeads_PT_20240618_10s_20240618230055_plateD_C02_r06c06",1
"cal520_bluebeads_PT_20240618_10s_20240618230055_plateD_C03_r04c04",1
"cal520_bluebeads_PT_20240618_10s_20240618230055_plateD_C03_r04c06",1
"cal520_bluebeads_PT_20240618_10s_20240618230055_plateD_C03_r05c05",1
"cal520_bluebeads_PT_20240618_10s_20240618230055_plateD_C03_r06c04",1
"cal520_bluebeads_PT_20240618_10s_20240618230055_plateD_C03_r06c06",1
"cal520_bluebeads_PT_20240618_10s_20240618230055_plateD_C04_r04c04",1
"cal520_bluebeads_PT_20240618_10s_20240618230055_plateD_C04_r04c06",1
"cal520_bluebeads_PT_20240618_10s_20240618230055_plateD_C04_r05c05",1
"cal520_bluebeads_PT_20240618_10s_20240618230055_plateD_C04_r06c04",1
"cal520_bluebeads_PT_20240618_10s_20240618230055_plateD_C04_r06c06",1
"cal520_bluebeads_PT_20240618_10s_20240618230055_plateD_C05_r04c04",1
"cal520_bluebeads_PT_20240618_10s_20240618230055_plateD_C05_r04c06",1
"cal520_bluebeads_PT_20240618_10s_20240618230055_plateD_C05_r05c05",1
"cal520_bluebeads_PT_20240618_10s_20240618230055_plateD_C05_r06c04",1
"cal520_bluebeads_PT_20240618_10s_20240618230055_plateD_C05_r06c06",1
"cal520_bluebeads_PT_20240618_10s_20240618230055_plateD_C06_r04c04",1
"cal520_bluebeads_PT_20240618_10s_20240618230055_plateD_C06_r04c06",1
"cal520_bluebeads_PT_20240618_10s_20240618230055_plateD_C06_r05c05",1
"cal520_bluebeads_PT_20240618_10s_20240618230055_plateD_C06_r06c04",1
"cal520_bluebeads_PT_20240618_10s_20240618230055_plateD_C06_r06c06",1
"cal520_bluebeads_PT_20240618_10s_20240618230055_plateD_C07_r04c04",1
"cal520_bluebeads_PT_20240618_10s_20240618230055_plateD_C07_r04c06",1
"cal520_bluebeads_PT_20240618_10s_20240618230055_plateD_C07_r05c05",1
"cal520_bluebeads_PT_20240618_10s_20240618230055_plateD_C07_r06c04",1
"cal520_bluebeads_PT_20240618_10s_20240618230055_plateD_C07_r06c06",1
"cal520_bluebeads_PT_20240618_10s_20240618230055_plateD_C08_r04c04",1
"cal520_bluebeads_PT_20240618_10s_20240618230055_plateD_C08_r04c06",1
"cal520_bluebeads_PT_20240618_10s_20240618230055_plateD_C08_r05c05",1
"cal520_bluebeads_PT_20240618_10s_20240618230055_plateD_C08_r06c04",1
"cal520_bluebeads_PT_20240618_10s_20240618230055_plateD_C08_r06c06",1
"cal520_bluebeads_PT_20240618_10s_20240618230055_plateD_C09_r04c04",1
"cal520_bluebeads_PT_20240618_10s_20240618230055_plateD_C09_r04c06",1
"cal520_bluebeads_PT_20240618_10s_20240618230055_plateD_C09_r05c05",1
"cal520_bluebeads_PT_20240618_10s_20240618230055_plateD_C09_r06c04",1
"cal520_bluebeads_PT_20240618_10s_20240618230055_plateD_C09_r06c06",1
"cal520_bluebeads_PT_20240618_10s_20240618230055_plateD_C11_r04c04",1
"cal520_bluebeads_PT_20240618_10s_20240618230055_plateD_C11_r04c06",1
"cal520_bluebeads_PT_20240618_10s_20240618230055_plateD_C11_r05c05",1
"cal520_bluebeads_PT_20240618_10s_20240618230055_plateD_C11_r06c04",1
"cal520_bluebeads_PT_20240618_10s_20240618230055_plateD_C11_r06c06",1
"cal520_bluebeads_PT_20240618_10s_20240618230055_plateD_D02_r04c04",1
"cal520_bluebeads_PT_20240618_10s_20240618230055_plateD_D02_r04c06",1
"cal520_bluebeads_PT_20240618_10s_20240618230055_plateD_D02_r05c05",1
"cal520_bluebeads_PT_20240618_10s_20240618230055_plateD_D02_r06c04",1
"cal520_bluebeads_PT_20240618_10s_20240618230055_plateD_D02_r06c06",1
"cal520_bluebeads_PT_20240618_10s_20240618230055_plateD_D04_r04c04",1
"cal520_bluebeads_PT_20240618_10s_20240618230055_plateD_D04_r04c06",1
"cal520_bluebeads_PT_20240618_10s_20240618230055_plateD_D04_r05c05",1
"cal520_bluebeads_PT_20240618_10s_20240618230055_plateD_D04_r06c04",1
"cal520_bluebeads_PT_20240618_10s_20240618230055_plateD_D04_r06c06",1
"cal520_bluebeads_PT_20240618_10s_20240618230055_plateD_D06_r04c04",1
"cal520_bluebeads_PT_20240618_10s_20240618230055_plateD_D06_r04c06",1
"cal520_bluebeads_PT_20240618_10s_20240618230055_plateD_D06_r05c05",1
"cal520_bluebeads_PT_20240618_10s_20240618230055_plateD_D06_r06c04",1
"cal520_bluebeads_PT_20240618_10s_20240618230055_plateD_D06_r06c06",1
"cal520_bluebeads_PT_20240618_10s_20240618230055_plateD_D07_r04c04",1
"cal520_bluebeads_PT_20240618_10s_20240618230055_plateD_D07_r04c06",1
"cal520_bluebeads_PT_20240618_10s_20240618230055_plateD_D07_r05c05",1
"cal520_bluebeads_PT_20240618_10s_20240618230055_plateD_D07_r06c04",1
"cal520_bluebeads_PT_20240618_10s_20240618230055_plateD_D07_r06c06",1
"cal520_bluebeads_PT_20240618_10s_20240618230055_plateD_D08_r04c04",1
"cal520_bluebeads_PT_20240618_10s_20240618230055_plateD_D08_r04c06",1
"cal520_bluebeads_PT_20240618_10s_20240618230055_plateD_D08_r05c05",1
"cal520_bluebeads_PT_20240618_10s_20240618230055_plateD_D08_r06c04",1
"cal520_bluebeads_PT_20240618_10s_20240618230055_plateD_D08_r06c06",1
"cal520_bluebeads_PT_20240618_10s_20240618230055_plateD_D09_r04c04",1
"cal520_bluebeads_PT_20240618_10s_20240618230055_plateD_D09_r04c06",1
"cal520_bluebeads_PT_20240618_10s_20240618230055_plateD_D09_r05c05",1
"cal520_bluebeads_PT_20240618_10s_20240618230055_plateD_D09_r06c04",1
"cal520_bluebeads_PT_20240618_10s_20240618230055_plateD_D09_r06c06",1
"cal520_bluebeads_PT_20240618_10s_20240618230055_plateD_D10_r04c04",1
"cal520_bluebeads_PT_20240618_10s_20240618230055_plateD_D10_r04c06",1
"cal520_bluebeads_PT_20240618_10s_20240618230055_plateD_D10_r05c05",1
"cal520_bluebeads_PT_20240618_10s_20240618230055_plateD_D10_r06c04",1
"cal520_bluebeads_PT_20240618_10s_20240618230055_plateD_D10_r06c06",1
"cal520_bluebeads_PT_20240618_10s_20240618230055_plateD_D11_r04c04",1
"cal520_bluebeads_PT_20240618_10s_20240618230055_plateD_D11_r04c06",1
"cal520_bluebeads_PT_20240618_10s_20240618230055_plateD_D11_r05c05",1
"cal520_bluebeads_PT_20240618_10s_20240618230055_plateD_D11_r06c04",1
"cal520_bluebeads_PT_20240618_10s_20240618230055_plateD_D11_r06c06",1
"cal520_bluebeads_PT_20240618_10s_20240618230055_plateD_E02_r04c04",1
"cal520_bluebeads_PT_20240618_10s_20240618230055_plateD_E02_r04c06",2
"cal520_bluebeads_PT_20240618_10s_20240618230055_plateD_E02_r05c05",2
"cal520_bluebeads_PT_20240618_10s_20240618230055_plateD_E02_r06c04",1
"cal520_bluebeads_PT_20240618_10s_20240618230055_plateD_E02_r06c06",2
"cal520_bluebeads_PT_20240618_10s_20240618230055_plateD_E03_r04c04",1
"cal520_bluebeads_PT_20240618_10s_20240618230055_plateD_E03_r04c06",1
"cal520_bluebeads_PT_20240618_10s_20240618230055_plateD_E03_r05c05",1
"cal520_bluebeads_PT_20240618_10s_20240618230055_plateD_E03_r06c04",1
"cal520_bluebeads_PT_20240618_10s_20240618230055_plateD_E03_r06c06",1
"cal520_bluebeads_PT_20240618_10s_20240618230055_plateD_E04_r04c04",1
"cal520_bluebeads_PT_20240618_10s_20240618230055_plateD_E04_r04c06",1
"cal520_bluebeads_PT_20240618_10s_20240618230055_plateD_E04_r05c05",1
"cal520_bluebeads_PT_20240618_10s_20240618230055_plateD_E04_r06c04",1
"cal520_bluebeads_PT_20240618_10s_20240618230055_plateD_E04_r06c06",1
"cal520_bluebeads_PT_20240618_10s_20240618230055_plateD_E05_r04c04",1
"cal520_bluebeads_PT_20240618_10s_20240618230055_plateD_E05_r04c06",1
"cal520_bluebeads_PT_20240618_10s_20240618230055_plateD_E05_r05c05",1
"cal520_bluebeads_PT_20240618_10s_20240618230055_plateD_E05_r06c04",1
"cal520_bluebeads_PT_20240618_10s_20240618230055_plateD_E05_r06c06",1
"cal520_bluebeads_PT_20240618_10s_20240618230055_plateD_E06_r04c04",1
"cal520_bluebeads_PT_20240618_10s_20240618230055_plateD_E06_r04c06",1
"cal520_bluebeads_PT_20240618_10s_20240618230055_plateD_E06_r05c05",1
"cal520_bluebeads_PT_20240618_10s_20240618230055_plateD_E06_r06c04",1
"cal520_bluebeads_PT_20240618_10s_20240618230055_plateD_E06_r06c06",1
"cal520_bluebeads_PT_20240618_10s_20240618230055_plateD_E07_r04c04",1
"cal520_bluebeads_PT_20240618_10s_20240618230055_plateD_E07_r04c06",1
"cal520_bluebeads_PT_20240618_10s_20240618230055_plateD_E07_r05c05",1
"cal520_bluebeads_PT_20240618_10s_20240618230055_plateD_E07_r06c04",1
"cal520_bluebeads_PT_20240618_10s_20240618230055_plateD_E07_r06c06",1
"cal520_bluebeads_PT_20240618_10s_20240618230055_plateD_E08_r04c04",1
"cal520_bluebeads_PT_20240618_10s_20240618230055_plateD_E08_r04c06",1
"cal520_bluebeads_PT_20240618_10s_20240618230055_plateD_E08_r05c05",1
"cal520_bluebeads_PT_20240618_10s_20240618230055_plateD_E08_r06c04",1
"cal520_bluebeads_PT_20240618_10s_20240618230055_plateD_E08_r06c06",1
"cal520_bluebeads_PT_20240618_10s_20240618230055_plateD_E09_r04c04",1
"cal520_bluebeads_PT_20240618_10s_20240618230055_plateD_E09_r04c06",1
"cal520_bluebeads_PT_20240618_10s_20240618230055_plateD_E09_r05c05",1
"cal520_bluebeads_PT_20240618_10s_20240618230055_plateD_E09_r06c04",1
"cal520_bluebeads_PT_20240618_10s_20240618230055_plateD_E09_r06c06",1
"cal520_bluebeads_PT_20240618_10s_20240618230055_plateD_E10_r04c04",1
"cal520_bluebeads_PT_20240618_10s_20240618230055_plateD_E10_r04c06",1
"cal520_bluebeads_PT_20240618_10s_20240618230055_plateD_E10_r05c05",1
"cal520_bluebeads_PT_20240618_10s_20240618230055_plateD_E10_r06c04",1
"cal520_bluebeads_PT_20240618_10s_20240618230055_plateD_E10_r06c06",1
"cal520_bluebeads_PT_20240618_10s_20240618230055_plateD_E11_r04c04",1
"cal520_bluebeads_PT_20240618_10s_20240618230055_plateD_E11_r04c06",1
"cal520_bluebeads_PT_20240618_10s_20240618230055_plateD_E11_r05c05",1
"cal520_bluebeads_PT_20240618_10s_20240618230055_plateD_E11_r06c04",1
"cal520_bluebeads_PT_20240618_10s_20240618230055_plateD_E11_r06c06",1
"cal520_bluebeads_PT_20240618_10s_20240618230055_plateD_F02_r04c04",1
"cal520_bluebeads_PT_20240618_10s_20240618230055_plateD_F02_r04c06",1
"cal520_bluebeads_PT_20240618_10s_20240618230055_plateD_F02_r05c05",1
"cal520_bluebeads_PT_20240618_10s_20240618230055_plateD_F02_r06c04",1
"cal520_bluebeads_PT_20240618_10s_20240618230055_plateD_F02_r06c06",1
"cal520_bluebeads_PT_20240618_10s_20240618230055_plateD_F03_r04c04",1
"cal520_bluebeads_PT_20240618_10s_20240618230055_plateD_F03_r04c06",1
"cal520_bluebeads_PT_20240618_10s_20240618230055_plateD_F03_r05c05",1
"cal520_bluebeads_PT_20240618_10s_20240618230055_plateD_F03_r06c04",1
"cal520_bluebeads_PT_20240618_10s_20240618230055_plateD_F03_r06c06",1
"cal520_bluebeads_PT_20240618_10s_20240618230055_plateD_F04_r04c04",1
"cal520_bluebeads_PT_20240618_10s_20240618230055_plateD_F04_r04c06",1
"cal520_bluebeads_PT_20240618_10s_20240618230055_plateD_F04_r05c05",1
"cal520_bluebeads_PT_20240618_10s_20240618230055_plateD_F04_r06c04",1
"cal520_bluebeads_PT_20240618_10s_20240618230055_plateD_F04_r06c06",1
"cal520_bluebeads_PT_20240618_10s_20240618230055_plateD_F05_r04c04",1
"cal520_bluebeads_PT_20240618_10s_20240618230055_plateD_F05_r04c06",1
"cal520_bluebeads_PT_20240618_10s_20240618230055_plateD_F05_r05c05",1
"cal520_bluebeads_PT_20240618_10s_20240618230055_plateD_F05_r06c04",1
"cal520_bluebeads_PT_20240618_10s_20240618230055_plateD_F05_r06c06",1
"cal520_bluebeads_PT_20240618_10s_20240618230055_plateD_F06_r04c04",1
"cal520_bluebeads_PT_20240618_10s_20240618230055_plateD_F06_r04c06",1
"cal520_bluebeads_PT_20240618_10s_20240618230055_plateD_F06_r05c05",1
"cal520_bluebeads_PT_20240618_10s_20240618230055_plateD_F06_r06c04",1
"cal520_bluebeads_PT_20240618_10s_20240618230055_plateD_F06_r06c06",1
"cal520_bluebeads_PT_20240618_10s_20240618230055_plateD_F07_r04c04",1
"cal520_bluebeads_PT_20240618_10s_20240618230055_plateD_F07_r04c06",1
"cal520_bluebeads_PT_20240618_10s_20240618230055_plateD_F07_r05c05",1
"cal520_bluebeads_PT_20240618_10s_20240618230055_plateD_F07_r06c04",1
"cal520_bluebeads_PT_20240618_10s_20240618230055_plateD_F07_r06c06",1
"cal520_bluebeads_PT_20240618_10s_20240618230055_plateD_F08_r04c04",1
"cal520_bluebeads_PT_20240618_10s_20240618230055_plateD_F08_r04c06",1
"cal520_bluebeads_PT_20240618_10s_20240618230055_plateD_F08_r05c05",1
"cal520_bluebeads_PT_20240618_10s_20240618230055_plateD_F08_r06c04",1
"cal520_bluebeads_PT_20240618_10s_20240618230055_plateD_F08_r06c06",1
"cal520_bluebeads_PT_20240618_10s_20240618230055_plateD_F09_r04c04",1
"cal520_bluebeads_PT_20240618_10s_20240618230055_plateD_F09_r04c06",1
"cal520_bluebeads_PT_20240618_10s_20240618230055_plateD_F09_r05c05",1
"cal520_bluebeads_PT_20240618_10s_20240618230055_plateD_F09_r06c04",1
"cal520_bluebeads_PT_20240618_10s_20240618230055_plateD_F09_r06c06",1
"cal520_bluebeads_PT_20240618_10s_20240618230055_plateD_F10_r04c04",1
"cal520_bluebeads_PT_20240618_10s_20240618230055_plateD_F10_r04c06",1
"cal520_bluebeads_PT_20240618_10s_20240618230055_plateD_F10_r05c05",1
"cal520_bluebeads_PT_20240618_10s_20240618230055_plateD_F10_r06c04",1
"cal520_bluebeads_PT_20240618_10s_20240618230055_plateD_F10_r06c06",1
"cal520_bluebeads_PT_20240618_10s_20240618230055_plateD_F11_r04c04",1
"cal520_bluebeads_PT_20240618_10s_20240618230055_plateD_F11_r04c06",1
"cal520_bluebeads_PT_20240618_10s_20240618230055_plateD_F11_r05c05",1
"cal520_bluebeads_PT_20240618_10s_20240618230055_plateD_F11_r06c04",1
"cal520_bluebeads_PT_20240618_10s_20240618230055_plateD_F11_r06c06",1
"cal520_bluebeads_PT_20240618_10s_20240618230055_plateD_G06_r04c04",0
"cal520_bluebeads_PT_20240618_10s_20240618230055_plateD_G06_r04c06",1
"cal520_bluebeads_PT_20240618_10s_20240618230055_plateD_G06_r05c05",1
"cal520_bluebeads_PT_20240618_10s_20240618230055_plateD_G06_r06c04",1
"cal520_bluebeads_PT_20240618_10s_20240618230055_plateD_G06_r06c06",1
"cal520_bluebeads_PT_20240618_10s_20240618230055_plateD_G07_r04c04",0
"cal520_bluebeads_PT_20240618_10s_20240618230055_plateD_G07_r04c06",0
"cal520_bluebeads_PT_20240618_10s_20240618230055_plateD_G07_r05c05",0
"cal520_bluebeads_PT_20240618_10s_20240618230055_plateD_G07_r06c04",0
"cal520_bluebeads_PT_20240618_10s_20240618230055_plateD_G07_r06c06",0
"cal520_bluebeads_PT_20240618_10s_20240618230055_plateD_G08_r04c04",1
"cal520_bluebeads_PT_20240618_10s_20240618230055_plateD_G08_r04c06",1
"cal520_bluebeads_PT_20240618_10s_20240618230055_plateD_G08_r05c05",1
"cal520_bluebeads_PT_20240618_10s_20240618230055_plateD_G08_r06c04",1
"cal520_bluebeads_PT_20240618_10s_20240618230055_plateD_G08_r06c06",1
"cal520_bluebeads_PT_20240618_10s_20240618230055_plateD_G09_r04c04",1
"cal520_bluebeads_PT_20240618_10s_20240618230055_plateD_G09_r04c06",1
"cal520_bluebeads_PT_20240618_10s_20240618230055_plateD_G09_r05c05",1
"cal520_bluebeads_PT_20240618_10s_20240618230055_plateD_G09_r06c04",1
"cal520_bluebeads_PT_20240618_10s_20240618230055_plateD_G09_r06c06",1
"cal520_bluebeads_PT_20240618_10s_20240618230055_plateD_G10_r04c04",1
"cal520_bluebeads_PT_20240618_10s_20240618230055_plateD_G10_r04c06",1
"cal520_bluebeads_PT_20240618_10s_20240618230055_plateD_G10_r05c05",1
"cal520_bluebeads_PT_20240618_10s_20240618230055_plateD_G10_r06c04",1
"cal520_bluebeads_PT_20240618_10s_20240618230055_plateD_G10_r06c06",1
"cal520_bluebeads_PT_20240618_10s_20240618230055_plateD_G11_r04c04",1
"cal520_bluebeads_PT_20240618_10s_20240618230055_plateD_G11_r04c06",1
"cal520_bluebeads_PT_20240618_10s_20240618230055_plateD_G11_r05c05",1
"cal520_bluebeads_PT_20240618_10s_20240618230055_plateD_G11_r06c04",1
"cal520_bluebeads_PT_20240618_10s_20240618230055_plateD_G11_r06c06",1
"cal520_bluebeads_PT_20240618_20240618135234_plateA_B02_r04c04",1
"cal520_bluebeads_PT_20240618_20240618135234_plateA_B02_r04c06",0
"cal520_bluebeads_PT_20240618_20240618135234_plateA_B02_r05c05",0
"cal520_bluebeads_PT_20240618_20240618135234_plateA_B02_r06c04",1
"cal520_bluebeads_PT_20240618_20240618135234_plateA_B02_r06c06",1
"cal520_bluebeads_PT_20240618_20240618135234_plateA_B03_r04c04",0
"cal520_bluebeads_PT_20240618_20240618135234_plateA_B03_r04c06",0
"cal520_bluebeads_PT_20240618_20240618135234_plateA_B03_r05c05",0
"cal520_bluebeads_PT_20240618_20240618135234_plateA_B03_r06c04",0
"cal520_bluebeads_PT_20240618_20240618135234_plateA_B03_r06c06",0
"cal520_bluebeads_PT_20240618_20240618135234_plateA_B04_r04c04",0
"cal520_bluebeads_PT_20240618_20240618135234_plateA_B04_r04c06",0
"cal520_bluebeads_PT_20240618_20240618135234_plateA_B04_r05c05",0
"cal520_bluebeads_PT_20240618_20240618135234_plateA_B04_r06c04",0
"cal520_bluebeads_PT_20240618_20240618135234_plateA_B04_r06c06",0
"cal520_bluebeads_PT_20240618_20240618135234_plateA_B05_r04c04",0
"cal520_bluebeads_PT_20240618_20240618135234_plateA_B05_r04c06",0
"cal520_bluebeads_PT_20240618_20240618135234_plateA_B05_r05c05",0
"cal520_bluebeads_PT_20240618_20240618135234_plateA_B05_r06c04",0
"cal520_bluebeads_PT_20240618_20240618135234_plateA_B05_r06c06",0
"cal520_bluebeads_PT_20240618_20240618135234_plateA_B06_r04c04",0
"cal520_bluebeads_PT_20240618_20240618135234_plateA_B06_r04c06",0
"cal520_bluebeads_PT_20240618_20240618135234_plateA_B06_r05c05",0
"cal520_bluebeads_PT_20240618_20240618135234_plateA_B06_r06c04",0
"cal520_bluebeads_PT_20240618_20240618135234_plateA_B06_r06c06",0
"cal520_bluebeads_PT_20240618_20240618135234_plateA_B07_r04c04",0
"cal520_bluebeads_PT_20240618_20240618135234_plateA_B07_r04c06",0
"cal520_bluebeads_PT_20240618_20240618135234_plateA_B07_r05c05",0
"cal520_bluebeads_PT_20240618_20240618135234_plateA_B07_r06c04",0
"cal520_bluebeads_PT_20240618_20240618135234_plateA_B07_r06c06",0
"cal520_bluebeads_PT_20240618_20240618135234_plateA_B08_r04c04",0
"cal520_bluebeads_PT_20240618_20240618135234_plateA_B08_r04c06",0
"cal520_bluebeads_PT_20240618_20240618135234_plateA_B08_r05c05",0
"cal520_bluebeads_PT_20240618_20240618135234_plateA_B08_r06c04",0
"cal520_bluebeads_PT_20240618_20240618135234_plateA_B08_r06c06",0
"cal520_bluebeads_PT_20240618_20240618135234_plateA_B09_r04c04",0
"cal520_bluebeads_PT_20240618_20240618135234_plateA_B09_r04c06",0
"cal520_bluebeads_PT_20240618_20240618135234_plateA_B09_r05c05",0
"cal520_bluebeads_PT_20240618_20240618135234_plateA_B09_r06c04",0
"cal520_bluebeads_PT_20240618_20240618135234_plateA_B09_r06c06",0
"cal520_bluebeads_PT_20240618_20240618135234_plateA_B10_r04c04",1
"cal520_bluebeads_PT_20240618_20240618135234_plateA_B10_r04c06",1
"cal520_bluebeads_PT_20240618_20240618135234_plateA_B10_r05c05",1
"cal520_bluebeads_PT_20240618_20240618135234_plateA_B10_r06c04",1
"cal520_bluebeads_PT_20240618_20240618135234_plateA_B10_r06c06",1
"cal520_bluebeads_PT_20240618_20240618135234_plateA_B11_r04c04",0
"cal520_bluebeads_PT_20240618_20240618135234_plateA_B11_r04c06",1
"cal520_bluebeads_PT_20240618_20240618135234_plateA_B11_r05c05",0
"cal520_bluebeads_PT_20240618_20240618135234_plateA_B11_r06c04",1
"cal520_bluebeads_PT_20240618_20240618135234_plateA_B11_r06c06",1
"cal520_bluebeads_PT_20240618_20240618135234_plateA_C02_r04c04",1
"cal520_bluebeads_PT_20240618_20240618135234_plateA_C02_r04c06",0
"cal520_bluebeads_PT_20240618_20240618135234_plateA_C02_r05c05",1
"cal520_bluebeads_PT_20240618_20240618135234_plateA_C02_r06c04",1
"cal520_bluebeads_PT_20240618_20240618135234_plateA_C02_r06c06",1
"cal520_bluebeads_PT_20240618_20240618135234_plateA_C03_r04c04",0
"cal520_bluebeads_PT_20240618_20240618135234_plateA_C03_r04c06",0
"cal520_bluebeads_PT_20240618_20240618135234_plateA_C03_r05c05",0
"cal520_bluebeads_PT_20240618_20240618135234_plateA_C03_r06c04",0
"cal520_bluebeads_PT_20240618_20240618135234_plateA_C03_r06c06",0
"cal520_bluebeads_PT_20240618_20240618135234_plateA_C04_r04c04",1
"cal520_bluebeads_PT_20240618_20240618135234_plateA_C04_r04c06",1
"cal520_bluebeads_PT_20240618_20240618135234_plateA_C04_r05c05",1
"cal520_bluebeads_PT_20240618_20240618135234_plateA_C04_r06c04",1
"cal520_bluebeads_PT_20240618_20240618135234_plateA_C04_r06c06",1
"cal520_bluebeads_PT_20240618_20240618135234_plateA_C05_r04c04",1
"cal520_bluebeads_PT_20240618_20240618135234_plateA_C05_r04c06",1
"cal520_bluebeads_PT_20240618_20240618135234_plateA_C05_r05c05",1
"cal520_bluebeads_PT_20240618_20240618135234_plateA_C05_r06c04",1
"cal520_bluebeads_PT_20240618_20240618135234_plateA_C05_r06c06",1
"cal520_bluebeads_PT_20240618_20240618135234_plateA_C06_r04c04",1
"cal520_bluebeads_PT_20240618_20240618135234_plateA_C06_r04c06",1
"cal520_bluebeads_PT_20240618_20240618135234_plateA_C06_r05c05",1
"cal520_bluebeads_PT_20240618_20240618135234_plateA_C06_r06c04",1
"cal520_bluebeads_PT_20240618_20240618135234_plateA_C06_r06c06",1
"cal520_bluebeads_PT_20240618_20240618135234_plateA_C07_r04c04",1
"cal520_bluebeads_PT_20240618_20240618135234_plateA_C07_r04c06",1
"cal520_bluebeads_PT_20240618_20240618135234_plateA_C07_r05c05",1
"cal520_bluebeads_PT_20240618_20240618135234_plateA_C07_r06c04",1
"cal520_bluebeads_PT_20240618_20240618135234_plateA_C07_r06c06",1
"cal520_bluebeads_PT_20240618_20240618135234_plateA_C08_r04c04",1
"cal520_bluebeads_PT_20240618_20240618135234_plateA_C08_r04c06",1
"cal520_bluebeads_PT_20240618_20240618135234_plateA_C08_r05c05",1
"cal520_bluebeads_PT_20240618_20240618135234_plateA_C08_r06c04",1
"cal520_bluebeads_PT_20240618_20240618135234_plateA_C08_r06c06",1
"cal520_bluebeads_PT_20240618_20240618135234_plateA_C09_r04c04",1
"cal520_bluebeads_PT_20240618_20240618135234_plateA_C09_r04c06",1
"cal520_bluebeads_PT_20240618_20240618135234_plateA_C09_r05c05",1
"cal520_bluebeads_PT_20240618_20240618135234_plateA_C09_r06c04",1
"cal520_bluebeads_PT_20240618_20240618135234_plateA_C09_r06c06",1
"cal520_bluebeads_PT_20240618_20240618135234_plateA_C11_r04c04",1
"cal520_bluebeads_PT_20240618_20240618135234_plateA_C11_r04c06",0
"cal520_bluebeads_PT_20240618_20240618135234_plateA_C11_r05c05",1
"cal520_bluebeads_PT_20240618_20240618135234_plateA_C11_r06c04",1
"cal520_bluebeads_PT_20240618_20240618135234_plateA_C11_r06c06",1
"cal520_bluebeads_PT_20240618_20240618135234_plateA_D02_r04c04",1
"cal520_bluebeads_PT_20240618_20240618135234_plateA_D02_r04c06",1
"cal520_bluebeads_PT_20240618_20240618135234_plateA_D02_r05c05",1
"cal520_bluebeads_PT_20240618_20240618135234_plateA_D02_r06c04",1
"cal520_bluebeads_PT_20240618_20240618135234_plateA_D02_r06c06",1
"cal520_bluebeads_PT_20240618_20240618135234_plateA_D04_r04c04",1
"cal520_bluebeads_PT_20240618_20240618135234_plateA_D04_r04c06",0
"cal520_bluebeads_PT_20240618_20240618135234_plateA_D04_r05c05",0
"cal520_bluebeads_PT_20240618_20240618135234_plateA_D04_r06c04",1
"cal520_bluebeads_PT_20240618_20240618135234_plateA_D04_r06c06",1
"cal520_bluebeads_PT_20240618_20240618135234_plateA_D06_r04c04",1
"cal520_bluebeads_PT_20240618_20240618135234_plateA_D06_r04c06",1
"cal520_bluebeads_PT_20240618_20240618135234_plateA_D06_r05c05",1
"cal520_bluebeads_PT_20240618_20240618135234_plateA_D06_r06c04",1
"cal520_bluebeads_PT_20240618_20240618135234_plateA_D06_r06c06",1
"cal520_bluebeads_PT_20240618_20240618135234_plateA_D07_r04c04",1
"cal520_bluebeads_PT_20240618_20240618135234_plateA_D07_r04c06",1
"cal520_bluebeads_PT_20240618_20240618135234_plateA_D07_r05c05",1
"cal520_bluebeads_PT_20240618_20240618135234_plateA_D07_r06c04",1
"cal520_bluebeads_PT_20240618_20240618135234_plateA_D07_r06c06",1
"cal520_bluebeads_PT_20240618_20240618135234_plateA_D08_r04c04",0
"cal520_bluebeads_PT_20240618_20240618135234_plateA_D08_r04c06",0
"cal520_bluebeads_PT_20240618_20240618135234_plateA_D08_r05c05",0
"cal520_bluebeads_PT_20240618_20240618135234_plateA_D08_r06c04",0
"cal520_bluebeads_PT_20240618_20240618135234_plateA_D08_r06c06",0
"cal520_bluebeads_PT_20240618_20240618135234_plateA_D09_r04c04",0
"cal520_bluebeads_PT_20240618_20240618135234_plateA_D09_r04c06",0
"cal520_bluebeads_PT_20240618_20240618135234_plateA_D09_r05c05",0
"cal520_bluebeads_PT_20240618_20240618135234_plateA_D09_r06c04",0
"cal520_bluebeads_PT_20240618_20240618135234_plateA_D09_r06c06",0
"cal520_bluebeads_PT_20240618_20240618135234_plateA_D10_r04c04",1
"cal520_bluebeads_PT_20240618_20240618135234_plateA_D10_r04c06",1
"cal520_bluebeads_PT_20240618_20240618135234_plateA_D10_r05c05",1
"cal520_bluebeads_PT_20240618_20240618135234_plateA_D10_r06c04",1
"cal520_bluebeads_PT_20240618_20240618135234_plateA_D10_r06c06",1
"cal520_bluebeads_PT_20240618_20240618135234_plateA_D11_r04c04",1
"cal520_bluebeads_PT_20240618_20240618135234_plateA_D11_r04c06",1
"cal520_bluebeads_PT_20240618_20240618135234_plateA_D11_r05c05",1
"cal520_bluebeads_PT_20240618_20240618135234_plateA_D11_r06c04",1
"cal520_bluebeads_PT_20240618_20240618135234_plateA_D11_r06c06",1
"cal520_bluebeads_PT_20240618_20240618135234_plateA_E02_r04c04",1
"cal520_bluebeads_PT_20240618_20240618135234_plateA_E02_r04c06",1
"cal520_bluebeads_PT_20240618_20240618135234_plateA_E02_r05c05",1
"cal520_bluebeads_PT_20240618_20240618135234_plateA_E02_r06c04",2
"cal520_bluebeads_PT_20240618_20240618135234_plateA_E02_r06c06",2
"cal520_bluebeads_PT_20240618_20240618135234_plateA_E03_r04c04",1
"cal520_bluebeads_PT_20240618_20240618135234_plateA_E03_r04c06",1
"cal520_bluebeads_PT_20240618_20240618135234_plateA_E03_r05c05",1
"cal520_bluebeads_PT_20240618_20240618135234_plateA_E03_r06c04",1
"cal520_bluebeads_PT_20240618_20240618135234_plateA_E03_r06c06",2
"cal520_bluebeads_PT_20240618_20240618135234_plateA_E04_r04c04",1
"cal520_bluebeads_PT_20240618_20240618135234_plateA_E04_r04c06",1
"cal520_bluebeads_PT_20240618_20240618135234_plateA_E04_r05c05",1
"cal520_bluebeads_PT_20240618_20240618135234_plateA_E04_r06c04",1
"cal520_bluebeads_PT_20240618_20240618135234_plateA_E04_r06c06",1
"cal520_bluebeads_PT_20240618_20240618135234_plateA_E05_r04c04",1
"cal520_bluebeads_PT_20240618_20240618135234_plateA_E05_r04c06",1
"cal520_bluebeads_PT_20240618_20240618135234_plateA_E05_r05c05",1
"cal520_bluebeads_PT_20240618_20240618135234_plateA_E05_r06c04",1
"cal520_bluebeads_PT_20240618_20240618135234_plateA_E05_r06c06",1
"cal520_bluebeads_PT_20240618_20240618135234_plateA_E06_r04c04",1
"cal520_bluebeads_PT_20240618_20240618135234_plateA_E06_r04c06",1
"cal520_bluebeads_PT_20240618_20240618135234_plateA_E06_r05c05",1
"cal520_bluebeads_PT_20240618_20240618135234_plateA_E06_r06c04",1
"cal520_bluebeads_PT_20240618_20240618135234_plateA_E06_r06c06",1
"cal520_bluebeads_PT_20240618_20240618135234_plateA_E07_r04c04",1
"cal520_bluebeads_PT_20240618_20240618135234_plateA_E07_r04c06",1
"cal520_bluebeads_PT_20240618_20240618135234_plateA_E07_r05c05",1
"cal520_bluebeads_PT_20240618_20240618135234_plateA_E07_r06c04",1
"cal520_bluebeads_PT_20240618_20240618135234_plateA_E07_r06c06",1
"cal520_bluebeads_PT_20240618_20240618135234_plateA_E08_r04c04",1
"cal520_bluebeads_PT_20240618_20240618135234_plateA_E08_r04c06",1
"cal520_bluebeads_PT_20240618_20240618135234_plateA_E08_r05c05",1
"cal520_bluebeads_PT_20240618_20240618135234_plateA_E08_r06c04",1
"cal520_bluebeads_PT_20240618_20240618135234_plateA_E08_r06c06",1
"cal520_bluebeads_PT_20240618_20240618135234_plateA_E09_r04c04",1
"cal520_bluebeads_PT_20240618_20240618135234_plateA_E09_r04c06",1
"cal520_bluebeads_PT_20240618_20240618135234_plateA_E09_r05c05",1
"cal520_bluebeads_PT_20240618_20240618135234_plateA_E09_r06c04",1
"cal520_bluebeads_PT_20240618_20240618135234_plateA_E09_r06c06",1
"cal520_bluebeads_PT_20240618_20240618135234_plateA_E10_r04c04",1
"cal520_bluebeads_PT_20240618_20240618135234_plateA_E10_r04c06",1
"cal520_bluebeads_PT_20240618_20240618135234_plateA_E10_r05c05",1
"cal520_bluebeads_PT_20240618_20240618135234_plateA_E10_r06c04",1
"cal520_bluebeads_PT_20240618_20240618135234_plateA_E10_r06c06",1
"cal520_bluebeads_PT_20240618_20240618135234_plateA_E11_r04c04",1
"cal520_bluebeads_PT_20240618_20240618135234_plateA_E11_r04c06",1
"cal520_bluebeads_PT_20240618_20240618135234_plateA_E11_r05c05",1
"cal520_bluebeads_PT_20240618_20240618135234_plateA_E11_r06c04",1
"cal520_bluebeads_PT_20240618_20240618135234_plateA_E11_r06c06",1
"cal520_bluebeads_PT_20240618_20240618135234_plateA_F02_r04c04",1
"cal520_bluebeads_PT_20240618_20240618135234_plateA_F02_r04c06",1
"cal520_bluebeads_PT_20240618_20240618135234_plateA_F02_r05c05",1
"cal520_bluebeads_PT_20240618_20240618135234_plateA_F02_r06c04",1
"cal520_bluebeads_PT_20240618_20240618135234_plateA_F02_r06c06",1
"cal520_bluebeads_PT_20240618_20240618135234_plateA_F03_r04c04",1
"cal520_bluebeads_PT_20240618_20240618135234_plateA_F03_r04c06",1
"cal520_bluebeads_PT_20240618_20240618135234_plateA_F03_r05c05",1
"cal520_bluebeads_PT_20240618_20240618135234_plateA_F03_r06c04",1
"cal520_bluebeads_PT_20240618_20240618135234_plateA_F03_r06c06",1
"cal520_bluebeads_PT_20240618_20240618135234_plateA_F04_r04c04",1
"cal520_bluebeads_PT_20240618_20240618135234_plateA_F04_r04c06",1
"cal520_bluebeads_PT_20240618_20240618135234_plateA_F04_r05c05",1
"cal520_bluebeads_PT_20240618_20240618135234_plateA_F04_r06c04",1
"cal520_bluebeads_PT_20240618_20240618135234_plateA_F04_r06c06",1
"cal520_bluebeads_PT_20240618_20240618135234_plateA_F05_r04c04",1
"cal520_bluebeads_PT_20240618_20240618135234_plateA_F05_r04c06",1
"cal520_bluebeads_PT_20240618_20240618135234_plateA_F05_r05c05",1
"cal520_bluebeads_PT_20240618_20240618135234_plateA_F05_r06c04",1
"cal520_bluebeads_PT_20240618_20240618135234_plateA_F05_r06c06",1
"cal520_bluebeads_PT_20240618_20240618135234_plateA_F06_r04c04",1
"cal520_bluebeads_PT_20240618_20240618135234_plateA_F06_r04c06",1
"cal520_bluebeads_PT_20240618_20240618135234_plateA_F06_r05c05",1
"cal520_bluebeads_PT_20240618_20240618135234_plateA_F06_r06c04",1
"cal520_bluebeads_PT_20240618_20240618135234_plateA_F06_r06c06",1
"cal520_bluebeads_PT_20240618_20240618135234_plateA_F07_r04c04",1
"cal520_bluebeads_PT_20240618_20240618135234_plateA_F07_r04c06",1
"cal520_bluebeads_PT_20240618_20240618135234_plateA_F07_r05c05",1
"cal520_bluebeads_PT_20240618_20240618135234_plateA_F07_r06c04",1
"cal520_bluebeads_PT_20240618_20240618135234_plateA_F07_r06c06",1
"cal520_bluebeads_PT_20240618_20240618135234_plateA_F08_r04c04",1
"cal520_bluebeads_PT_20240618_20240618135234_plateA_F08_r04c06",1
"cal520_bluebeads_PT_20240618_20240618135234_plateA_F08_r05c05",1
"cal520_bluebeads_PT_20240618_20240618135234_plateA_F08_r06c04",1
"cal520_bluebeads_PT_20240618_20240618135234_plateA_F08_r06c06",1
"cal520_bluebeads_PT_20240618_20240618135234_plateA_F09_r04c04",1
"cal520_bluebeads_PT_20240618_20240618135234_plateA_F09_r04c06",1
"cal520_bluebeads_PT_20240618_20240618135234_plateA_F09_r05c05",1
"cal520_bluebeads_PT_20240618_20240618135234_plateA_F09_r06c04",1
"cal520_bluebeads_PT_20240618_20240618135234_plateA_F09_r06c06",1
"cal520_bluebeads_PT_20240618_20240618135234_plateA_F10_r04c04",2
"cal520_bluebeads_PT_20240618_20240618135234_plateA_F10_r04c06",1
"cal520_bluebeads_PT_20240618_20240618135234_plateA_F10_r05c05",1
"cal520_bluebeads_PT_20240618_20240618135234_plateA_F10_r06c04",2
"cal520_bluebeads_PT_20240618_20240618135234_plateA_F10_r06c06",1
"cal520_bluebeads_PT_20240618_20240618135234_plateA_F11_r04c04",1
"cal520_bluebeads_PT_20240618_20240618135234_plateA_F11_r04c06",1
"cal520_bluebeads_PT_20240618_20240618135234_plateA_F11_r05c05",1
"cal520_bluebeads_PT_20240618_20240618135234_plateA_F11_r06c04",1
"cal520_bluebeads_PT_20240618_20240618135234_plateA_F11_r06c06",1
"cal520_bluebeads_PT_20240618_20240618135234_plateA_G06_r04c04",1
"cal520_bluebeads_PT_20240618_20240618135234_plateA_G06_r04c06",1
"cal520_bluebeads_PT_20240618_20240618135234_plateA_G06_r05c05",1
"cal520_bluebeads_PT_20240618_20240618135234_plateA_G06_r06c04",1
"cal520_bluebeads_PT_20240618_20240618135234_plateA_G06_r06c06",1
"cal520_bluebeads_PT_20240618_20240618135234_plateA_G07_r04c04",1
"cal520_bluebeads_PT_20240618_20240618135234_plateA_G07_r04c06",1
"cal520_bluebeads_PT_20240618_20240618135234_plateA_G07_r05c05",1
"cal520_bluebeads_PT_20240618_20240618135234_plateA_G07_r06c04",1
"cal520_bluebeads_PT_20240618_20240618135234_plateA_G07_r06c06",1
"cal520_bluebeads_PT_20240618_20240618135234_plateA_G08_r04c04",1
"cal520_bluebeads_PT_20240618_20240618135234_plateA_G08_r04c06",1
"cal520_bluebeads_PT_20240618_20240618135234_plateA_G08_r05c05",1
"cal520_bluebeads_PT_20240618_20240618135234_plateA_G08_r06c04",0
"cal520_bluebeads_PT_20240618_20240618135234_plateA_G08_r06c06",1
"cal520_bluebeads_PT_20240618_20240618135234_plateA_G09_r04c04",1
"cal520_bluebeads_PT_20240618_20240618135234_plateA_G09_r04c06",1
"cal520_bluebeads_PT_20240618_20240618135234_plateA_G09_r05c05",1
"cal520_bluebeads_PT_20240618_20240618135234_plateA_G09_r06c04",1
"cal520_bluebeads_PT_20240618_20240618135234_plateA_G09_r06c06",1
"cal520_bluebeads_PT_20240618_20240618135234_plateA_G10_r04c04",1
"cal520_bluebeads_PT_20240618_20240618135234_plateA_G10_r04c06",1
"cal520_bluebeads_PT_20240618_20240618135234_plateA_G10_r05c05",1
"cal520_bluebeads_PT_20240618_20240618135234_plateA_G10_r06c04",1
"cal520_bluebeads_PT_20240618_20240618135234_plateA_G10_r06c06",1
"cal520_bluebeads_PT_20240618_20240618135234_plateA_G11_r04c04",1
"cal520_bluebeads_PT_20240618_20240618135234_plateA_G11_r04c06",1
"cal520_bluebeads_PT_20240618_20240618135234_plateA_G11_r05c05",1
"cal520_bluebeads_PT_20240618_20240618135234_plateA_G11_r06c04",1
"cal520_bluebeads_PT_20240618_20240618135234_plateA_G11_r06c06",1
"cal520_bluebeads_PT_20240621_10s_20240621134832_plateA_B02_r04c04",0
"cal520_bluebeads_PT_20240621_10s_20240621134832_plateA_B02_r04c06",0
"cal520_bluebeads_PT_20240621_10s_20240621134832_plateA_B02_r05c05",0
"cal520_bluebeads_PT_20240621_10s_20240621134832_plateA_B02_r06c04",0
"cal520_bluebeads_PT_20240621_10s_20240621134832_plateA_B02_r06c06",0
"cal520_bluebeads_PT_20240621_10s_20240621134832_plateA_B03_r04c04",0
"cal520_bluebeads_PT_20240621_10s_20240621134832_plateA_B03_r04c06",1
"cal520_bluebeads_PT_20240621_10s_20240621134832_plateA_B03_r05c05",0
"cal520_bluebeads_PT_20240621_10s_20240621134832_plateA_B03_r06c04",1
"cal520_bluebeads_PT_20240621_10s_20240621134832_plateA_B03_r06c06",1
"cal520_bluebeads_PT_20240621_10s_20240621134832_plateA_B04_r04c04",1
"cal520_bluebeads_PT_20240621_10s_20240621134832_plateA_B04_r04c06",0
"cal520_bluebeads_PT_20240621_10s_20240621134832_plateA_B04_r05c05",1
"cal520_bluebeads_PT_20240621_10s_20240621134832_plateA_B04_r06c04",1
"cal520_bluebeads_PT_20240621_10s_20240621134832_plateA_B04_r06c06",1
"cal520_bluebeads_PT_20240621_10s_20240621134832_plateA_B05_r04c04",1
"cal520_bluebeads_PT_20240621_10s_20240621134832_plateA_B05_r04c06",1
"cal520_bluebeads_PT_20240621_10s_20240621134832_plateA_B05_r05c05",1
"cal520_bluebeads_PT_20240621_10s_20240621134832_plateA_B05_r06c04",1
"cal520_bluebeads_PT_20240621_10s_20240621134832_plateA_B05_r06c06",1
"cal520_bluebeads_PT_20240621_10s_20240621134832_plateA_B06_r04c04",0
"cal520_bluebeads_PT_20240621_10s_20240621134832_plateA_B06_r04c06",0
"cal520_bluebeads_PT_20240621_10s_20240621134832_plateA_B06_r05c05",0
"cal520_bluebeads_PT_20240621_10s_20240621134832_plateA_B06_r06c04",0
"cal520_bluebeads_PT_20240621_10s_20240621134832_plateA_B06_r06c06",0
"cal520_bluebeads_PT_20240621_10s_20240621134832_plateA_B08_r04c04",1
"cal520_bluebeads_PT_20240621_10s_20240621134832_plateA_B08_r04c06",1
"cal520_bluebeads_PT_20240621_10s_20240621134832_plateA_B08_r05c05",1
"cal520_bluebeads_PT_20240621_10s_20240621134832_plateA_B08_r06c04",1
"cal520_bluebeads_PT_20240621_10s_20240621134832_plateA_B08_r06c06",1
"cal520_bluebeads_PT_20240621_10s_20240621134832_plateA_B10_r04c04",0
"cal520_bluebeads_PT_20240621_10s_20240621134832_plateA_B10_r04c06",0
"cal520_bluebeads_PT_20240621_10s_20240621134832_plateA_B10_r05c05",0
"cal520_bluebeads_PT_20240621_10s_20240621134832_plateA_B10_r06c04",0
"cal520_bluebeads_PT_20240621_10s_20240621134832_plateA_B10_r06c06",0
"cal520_bluebeads_PT_20240621_10s_20240621134832_plateA_B11_r04c04",1
"cal520_bluebeads_PT_20240621_10s_20240621134832_plateA_B11_r04c06",1
"cal520_bluebeads_PT_20240621_10s_20240621134832_plateA_B11_r05c05",1
"cal520_bluebeads_PT_20240621_10s_20240621134832_plateA_B11_r06c04",1
"cal520_bluebeads_PT_20240621_10s_20240621134832_plateA_B11_r06c06",1
"cal520_bluebeads_PT_20240621_10s_20240621134832_plateA_C02_r04c04",1
"cal520_bluebeads_PT_20240621_10s_20240621134832_plateA_C02_r04c06",1
"cal520_bluebeads_PT_20240621_10s_20240621134832_plateA_C02_r05c05",1
"cal520_bluebeads_PT_20240621_10s_20240621134832_plateA_C02_r06c04",1
"cal520_bluebeads_PT_20240621_10s_20240621134832_plateA_C02_r06c06",1
"cal520_bluebeads_PT_20240621_10s_20240621134832_plateA_C03_r04c04",1
"cal520_bluebeads_PT_20240621_10s_20240621134832_plateA_C03_r04c06",1
"cal520_bluebeads_PT_20240621_10s_20240621134832_plateA_C03_r05c05",1
"cal520_bluebeads_PT_20240621_10s_20240621134832_plateA_C03_r06c04",1
"cal520_bluebeads_PT_20240621_10s_20240621134832_plateA_C03_r06c06",1
"cal520_bluebeads_PT_20240621_10s_20240621134832_plateA_C04_r04c04",0
"cal520_bluebeads_PT_20240621_10s_20240621134832_plateA_C04_r04c06",0
"cal520_bluebeads_PT_20240621_10s_20240621134832_plateA_C04_r05c05",0
"cal520_bluebeads_PT_20240621_10s_20240621134832_plateA_C04_r06c04",0
"cal520_bluebeads_PT_20240621_10s_20240621134832_plateA_C04_r06c06",0
"cal520_bluebeads_PT_20240621_10s_20240621134832_plateA_C05_r04c04",0
"cal520_bluebeads_PT_20240621_10s_20240621134832_plateA_C05_r04c06",1
"cal520_bluebeads_PT_20240621_10s_20240621134832_plateA_C05_r05c05",0
"cal520_bluebeads_PT_20240621_10s_20240621134832_plateA_C05_r06c04",0
"cal520_bluebeads_PT_20240621_10s_20240621134832_plateA_C05_r06c06",1
"cal520_bluebeads_PT_20240621_10s_20240621134832_plateA_C06_r04c04",1
"cal520_bluebeads_PT_20240621_10s_20240621134832_plateA_C06_r04c06",1
"cal520_bluebeads_PT_20240621_10s_20240621134832_plateA_C06_r05c05",1
"cal520_bluebeads_PT_20240621_10s_20240621134832_plateA_C06_r06c04",1
"cal520_bluebeads_PT_20240621_10s_20240621134832_plateA_C06_r06c06",1
"cal520_bluebeads_PT_20240621_10s_20240621134832_plateA_C07_r04c04",0
"cal520_bluebeads_PT_20240621_10s_20240621134832_plateA_C07_r04c06",0
"cal520_bluebeads_PT_20240621_10s_20240621134832_plateA_C07_r05c05",0
"cal520_bluebeads_PT_20240621_10s_20240621134832_plateA_C07_r06c04",0
"cal520_bluebeads_PT_20240621_10s_20240621134832_plateA_C07_r06c06",0
"cal520_bluebeads_PT_20240621_10s_20240621134832_plateA_C08_r04c04",1
"cal520_bluebeads_PT_20240621_10s_20240621134832_plateA_C08_r04c06",1
"cal520_bluebeads_PT_20240621_10s_20240621134832_plateA_C08_r05c05",1
"cal520_bluebeads_PT_20240621_10s_20240621134832_plateA_C08_r06c04",1
"cal520_bluebeads_PT_20240621_10s_20240621134832_plateA_C08_r06c06",1
"cal520_bluebeads_PT_20240621_10s_20240621134832_plateA_C09_r04c04",1
"cal520_bluebeads_PT_20240621_10s_20240621134832_plateA_C09_r04c06",1
"cal520_bluebeads_PT_20240621_10s_20240621134832_plateA_C09_r05c05",1
"cal520_bluebeads_PT_20240621_10s_20240621134832_plateA_C09_r06c04",1
"cal520_bluebeads_PT_20240621_10s_20240621134832_plateA_C09_r06c06",1
"cal520_bluebeads_PT_20240621_10s_20240621134832_plateA_C10_r04c04",0
"cal520_bluebeads_PT_20240621_10s_20240621134832_plateA_C10_r04c06",0
"cal520_bluebeads_PT_20240621_10s_20240621134832_plateA_C10_r05c05",0
"cal520_bluebeads_PT_20240621_10s_20240621134832_plateA_C10_r06c04",0
"cal520_bluebeads_PT_20240621_10s_20240621134832_plateA_C10_r06c06",0
"cal520_bluebeads_PT_20240621_10s_20240621134832_plateA_C11_r04c04",1
"cal520_bluebeads_PT_20240621_10s_20240621134832_plateA_C11_r04c06",1
"cal520_bluebeads_PT_20240621_10s_20240621134832_plateA_C11_r05c05",1
"cal520_bluebeads_PT_20240621_10s_20240621134832_plateA_C11_r06c04",1
"cal520_bluebeads_PT_20240621_10s_20240621134832_plateA_C11_r06c06",1
"cal520_bluebeads_PT_20240621_10s_20240621134832_plateA_D02_r04c04",1
"cal520_bluebeads_PT_20240621_10s_20240621134832_plateA_D02_r04c06",1
"cal520_bluebeads_PT_20240621_10s_20240621134832_plateA_D02_r05c05",1
"cal520_bluebeads_PT_20240621_10s_20240621134832_plateA_D02_r06c04",1
"cal520_bluebeads_PT_20240621_10s_20240621134832_plateA_D02_r06c06",1
"cal520_bluebeads_PT_20240621_10s_20240621134832_plateA_D04_r04c04",1
"cal520_bluebeads_PT_20240621_10s_20240621134832_plateA_D04_r04c06",1
"cal520_bluebeads_PT_20240621_10s_20240621134832_plateA_D04_r05c05",1
"cal520_bluebeads_PT_20240621_10s_20240621134832_plateA_D04_r06c04",1
"cal520_bluebeads_PT_20240621_10s_20240621134832_plateA_D04_r06c06",1
"cal520_bluebeads_PT_20240621_10s_20240621134832_plateA_D06_r04c04",1
"cal520_bluebeads_PT_20240621_10s_20240621134832_plateA_D06_r04c06",1
"cal520_bluebeads_PT_20240621_10s_20240621134832_plateA_D06_r05c05",1
"cal520_bluebeads_PT_20240621_10s_20240621134832_plateA_D06_r06c04",1
"cal520_bluebeads_PT_20240621_10s_20240621134832_plateA_D06_r06c06",1
"cal520_bluebeads_PT_20240621_10s_20240621134832_plateA_D07_r04c04",1
"cal520_bluebeads_PT_20240621_10s_20240621134832_plateA_D07_r04c06",1
"cal520_bluebeads_PT_20240621_10s_20240621134832_plateA_D07_r05c05",1
"cal520_bluebeads_PT_20240621_10s_20240621134832_plateA_D07_r06c04",1
"cal520_bluebeads_PT_20240621_10s_20240621134832_plateA_D07_r06c06",1
"cal520_bluebeads_PT_20240621_10s_20240621134832_plateA_D09_r04c04",0
"cal520_bluebeads_PT_20240621_10s_20240621134832_plateA_D09_r04c06",0
"cal520_bluebeads_PT_20240621_10s_20240621134832_plateA_D09_r05c05",0
"cal520_bluebeads_PT_20240621_10s_20240621134832_plateA_D09_r06c04",0
"cal520_bluebeads_PT_20240621_10s_20240621134832_plateA_D09_r06c06",0
"cal520_bluebeads_PT_20240621_10s_20240621134832_plateA_D11_r04c04",0
"cal520_bluebeads_PT_20240621_10s_20240621134832_plateA_D11_r04c06",0
"cal520_bluebeads_PT_20240621_10s_20240621134832_plateA_D11_r05c05",0
"cal520_bluebeads_PT_20240621_10s_20240621134832_plateA_D11_r06c04",1
"cal520_bluebeads_PT_20240621_10s_20240621134832_plateA_D11_r06c06",0
"cal520_bluebeads_PT_20240621_10s_20240621134832_plateA_E02_r04c04",1
"cal520_bluebeads_PT_20240621_10s_20240621134832_plateA_E02_r04c06",1
"cal520_bluebeads_PT_20240621_10s_20240621134832_plateA_E02_r05c05",1
"cal520_bluebeads_PT_20240621_10s_20240621134832_plateA_E02_r06c04",1
"cal520_bluebeads_PT_20240621_10s_20240621134832_plateA_E02_r06c06",1
"cal520_bluebeads_PT_20240621_10s_20240621134832_plateA_E03_r04c04",1
"cal520_bluebeads_PT_20240621_10s_20240621134832_plateA_E03_r04c06",1
"cal520_bluebeads_PT_20240621_10s_20240621134832_plateA_E03_r05c05",1
"cal520_bluebeads_PT_20240621_10s_20240621134832_plateA_E03_r06c04",1
"cal520_bluebeads_PT_20240621_10s_20240621134832_plateA_E03_r06c06",1
"cal520_bluebeads_PT_20240621_10s_20240621134832_plateA_E04_r04c04",1
"cal520_bluebeads_PT_20240621_10s_20240621134832_plateA_E04_r04c06",1
"cal520_bluebeads_PT_20240621_10s_20240621134832_plateA_E04_r05c05",1
"cal520_bluebeads_PT_20240621_10s_20240621134832_plateA_E04_r06c04",1
"cal520_bluebeads_PT_20240621_10s_20240621134832_plateA_E04_r06c06",1
"cal520_bluebeads_PT_20240621_10s_20240621134832_plateA_E05_r04c04",1
"cal520_bluebeads_PT_20240621_10s_20240621134832_plateA_E05_r04c06",1
"cal520_bluebeads_PT_20240621_10s_20240621134832_plateA_E05_r05c05",1
"cal520_bluebeads_PT_20240621_10s_20240621134832_plateA_E05_r06c04",1
"cal520_bluebeads_PT_20240621_10s_20240621134832_plateA_E05_r06c06",1
"cal520_bluebeads_PT_20240621_10s_20240621134832_plateA_E06_r04c04",1
"cal520_bluebeads_PT_20240621_10s_20240621134832_plateA_E06_r04c06",1
"cal520_bluebeads_PT_20240621_10s_20240621134832_plateA_E06_r05c05",1
"cal520_bluebeads_PT_20240621_10s_20240621134832_plateA_E06_r06c04",1
"cal520_bluebeads_PT_20240621_10s_20240621134832_plateA_E06_r06c06",1
"cal520_bluebeads_PT_20240621_10s_20240621134832_plateA_E07_r04c04",1
"cal520_bluebeads_PT_20240621_10s_20240621134832_plateA_E07_r04c06",1
"cal520_bluebeads_PT_20240621_10s_20240621134832_plateA_E07_r05c05",1
"cal520_bluebeads_PT_20240621_10s_20240621134832_plateA_E07_r06c04",1
"cal520_bluebeads_PT_20240621_10s_20240621134832_plateA_E07_r06c06",1
"cal520_bluebeads_PT_20240621_10s_20240621134832_plateA_E08_r04c04",1
"cal520_bluebeads_PT_20240621_10s_20240621134832_plateA_E08_r04c06",1
"cal520_bluebeads_PT_20240621_10s_20240621134832_plateA_E08_r05c05",1
"cal520_bluebeads_PT_20240621_10s_20240621134832_plateA_E08_r06c04",1
"cal520_bluebeads_PT_20240621_10s_20240621134832_plateA_E08_r06c06",1
"cal520_bluebeads_PT_20240621_10s_20240621134832_plateA_E09_r04c04",1
"cal520_bluebeads_PT_20240621_10s_20240621134832_plateA_E09_r04c06",1
"cal520_bluebeads_PT_20240621_10s_20240621134832_plateA_E09_r05c05",1
"cal520_bluebeads_PT_20240621_10s_20240621134832_plateA_E09_r06c04",1
"cal520_bluebeads_PT_20240621_10s_20240621134832_plateA_E09_r06c06",1
"cal520_bluebeads_PT_20240621_10s_20240621134832_plateA_E10_r04c04",1
"cal520_bluebeads_PT_20240621_10s_20240621134832_plateA_E10_r04c06",1
"cal520_bluebeads_PT_20240621_10s_20240621134832_plateA_E10_r05c05",1
"cal520_bluebeads_PT_20240621_10s_20240621134832_plateA_E10_r06c04",1
"cal520_bluebeads_PT_20240621_10s_20240621134832_plateA_E10_r06c06",1
"cal520_bluebeads_PT_20240621_10s_20240621134832_plateA_E11_r04c04",0
"cal520_bluebeads_PT_20240621_10s_20240621134832_plateA_E11_r04c06",0
"cal520_bluebeads_PT_20240621_10s_20240621134832_plateA_E11_r05c05",0
"cal520_bluebeads_PT_20240621_10s_20240621134832_plateA_E11_r06c04",0
"cal520_bluebeads_PT_20240621_10s_20240621134832_plateA_E11_r06c06",0
"cal520_bluebeads_PT_20240621_10s_20240621134832_plateA_F02_r04c04",0
"cal520_bluebeads_PT_20240621_10s_20240621134832_plateA_F02_r04c06",1
"cal520_bluebeads_PT_20240621_10s_20240621134832_plateA_F02_r05c05",0
"cal520_bluebeads_PT_20240621_10s_20240621134832_plateA_F02_r06c04",1
"cal520_bluebeads_PT_20240621_10s_20240621134832_plateA_F02_r06c06",1
"cal520_bluebeads_PT_20240621_10s_20240621134832_plateA_F03_r04c04",1
"cal520_bluebeads_PT_20240621_10s_20240621134832_plateA_F03_r04c06",1
"cal520_bluebeads_PT_20240621_10s_20240621134832_plateA_F03_r05c05",1
"cal520_bluebeads_PT_20240621_10s_20240621134832_plateA_F03_r06c04",1
"cal520_bluebeads_PT_20240621_10s_20240621134832_plateA_F03_r06c06",1
"cal520_bluebeads_PT_20240621_10s_20240621134832_plateA_F04_r04c04",1
"cal520_bluebeads_PT_20240621_10s_20240621134832_plateA_F04_r04c06",1
"cal520_bluebeads_PT_20240621_10s_20240621134832_plateA_F04_r05c05",1
"cal520_bluebeads_PT_20240621_10s_20240621134832_plateA_F04_r06c04",1
"cal520_bluebeads_PT_20240621_10s_20240621134832_plateA_F04_r06c06",1
"cal520_bluebeads_PT_20240621_10s_20240621134832_plateA_F05_r04c04",1
"cal520_bluebeads_PT_20240621_10s_20240621134832_plateA_F05_r04c06",1
"cal520_bluebeads_PT_20240621_10s_20240621134832_plateA_F05_r05c05",1
"cal520_bluebeads_PT_20240621_10s_20240621134832_plateA_F05_r06c04",1
"cal520_bluebeads_PT_20240621_10s_20240621134832_plateA_F05_r06c06",0
"cal520_bluebeads_PT_20240621_10s_20240621134832_plateA_F06_r04c04",1
"cal520_bluebeads_PT_20240621_10s_20240621134832_plateA_F06_r04c06",1
"cal520_bluebeads_PT_20240621_10s_20240621134832_plateA_F06_r05c05",1
"cal520_bluebeads_PT_20240621_10s_20240621134832_plateA_F06_r06c04",1
"cal520_bluebeads_PT_20240621_10s_20240621134832_plateA_F06_r06c06",1
"cal520_bluebeads_PT_20240621_10s_20240621134832_plateA_F07_r04c04",1
"cal520_bluebeads_PT_20240621_10s_20240621134832_plateA_F07_r04c06",1
"cal520_bluebeads_PT_20240621_10s_20240621134832_plateA_F07_r05c05",1
"cal520_bluebeads_PT_20240621_10s_20240621134832_plateA_F07_r06c04",1
"cal520_bluebeads_PT_20240621_10s_20240621134832_plateA_F07_r06c06",1
"cal520_bluebeads_PT_20240621_10s_20240621134832_plateA_F08_r04c04",0
"cal520_bluebeads_PT_20240621_10s_20240621134832_plateA_F08_r04c06",0
"cal520_bluebeads_PT_20240621_10s_20240621134832_plateA_F08_r05c05",0
"cal520_bluebeads_PT_20240621_10s_20240621134832_plateA_F08_r06c04",0
"cal520_bluebeads_PT_20240621_10s_20240621134832_plateA_F08_r06c06",1
"cal520_bluebeads_PT_20240621_10s_20240621134832_plateA_F09_r04c04",1
"cal520_bluebeads_PT_20240621_10s_20240621134832_plateA_F09_r04c06",1
"cal520_bluebeads_PT_20240621_10s_20240621134832_plateA_F09_r05c05",1
"cal520_bluebeads_PT_20240621_10s_20240621134832_plateA_F09_r06c04",1
"cal520_bluebeads_PT_20240621_10s_20240621134832_plateA_F09_r06c06",1
"cal520_bluebeads_PT_20240621_10s_20240621134832_plateA_F11_r04c04",1
"cal520_bluebeads_PT_20240621_10s_20240621134832_plateA_F11_r04c06",1
"cal520_bluebeads_PT_20240621_10s_20240621134832_plateA_F11_r05c05",1
"cal520_bluebeads_PT_20240621_10s_20240621134832_plateA_F11_r06c04",1
"cal520_bluebeads_PT_20240621_10s_20240621134832_plateA_F11_r06c06",1
"cal520_bluebeads_PT_20240621_10s_20240621134832_plateA_G02_r04c04",1
"cal520_bluebeads_PT_20240621_10s_20240621134832_plateA_G02_r04c06",1
"cal520_bluebeads_PT_20240621_10s_20240621134832_plateA_G02_r05c05",1
"cal520_bluebeads_PT_20240621_10s_20240621134832_plateA_G02_r06c04",1
"cal520_bluebeads_PT_20240621_10s_20240621134832_plateA_G02_r06c06",1
"cal520_bluebeads_PT_20240621_10s_20240621134832_plateA_G03_r04c04",1
"cal520_bluebeads_PT_20240621_10s_20240621134832_plateA_G03_r04c06",1
"cal520_bluebeads_PT_20240621_10s_20240621134832_plateA_G03_r05c05",1
"cal520_bluebeads_PT_20240621_10s_20240621134832_plateA_G03_r06c04",1
"cal520_bluebeads_PT_20240621_10s_20240621134832_plateA_G03_r06c06",1
"cal520_bluebeads_PT_20240621_10s_20240621134832_plateA_G04_r04c04",1
"cal520_bluebeads_PT_20240621_10s_20240621134832_plateA_G04_r04c06",1
"cal520_bluebeads_PT_20240621_10s_20240621134832_plateA_G04_r05c05",1
"cal520_bluebeads_PT_20240621_10s_20240621134832_plateA_G04_r06c04",1
"cal520_bluebeads_PT_20240621_10s_20240621134832_plateA_G04_r06c06",1
"cal520_bluebeads_PT_20240621_10s_20240621134832_plateA_G05_r04c04",1
"cal520_bluebeads_PT_20240621_10s_20240621134832_plateA_G05_r04c06",0
"cal520_bluebeads_PT_20240621_10s_20240621134832_plateA_G05_r05c05",1
"cal520_bluebeads_PT_20240621_10s_20240621134832_plateA_G05_r06c04",0
"cal520_bluebeads_PT_20240621_10s_20240621134832_plateA_G05_r06c06",0
"cal520_bluebeads_PT_20240621_10s_20240621134832_plateA_G06_r04c04",1
"cal520_bluebeads_PT_20240621_10s_20240621134832_plateA_G06_r04c06",1
"cal520_bluebeads_PT_20240621_10s_20240621134832_plateA_G06_r05c05",1
"cal520_bluebeads_PT_20240621_10s_20240621134832_plateA_G06_r06c04",1
"cal520_bluebeads_PT_20240621_10s_20240621134832_plateA_G06_r06c06",1
"cal520_bluebeads_PT_20240621_10s_20240621134832_plateA_G07_r04c04",1
"cal520_bluebeads_PT_20240621_10s_20240621134832_plateA_G07_r04c06",1
"cal520_bluebeads_PT_20240621_10s_20240621134832_plateA_G07_r05c05",1
"cal520_bluebeads_PT_20240621_10s_20240621134832_plateA_G07_r06c04",1
"cal520_bluebeads_PT_20240621_10s_20240621134832_plateA_G07_r06c06",1
"cal520_bluebeads_PT_20240621_10s_20240621134832_plateA_G08_r04c04",1
"cal520_bluebeads_PT_20240621_10s_20240621134832_plateA_G08_r04c06",1
"cal520_bluebeads_PT_20240621_10s_20240621134832_plateA_G08_r05c05",1
"cal520_bluebeads_PT_20240621_10s_20240621134832_plateA_G08_r06c04",1
"cal520_bluebeads_PT_20240621_10s_20240621134832_plateA_G08_r06c06",1
"cal520_bluebeads_PT_20240621_10s_20240621134832_plateA_G09_r04c04",1
"cal520_bluebeads_PT_20240621_10s_20240621134832_plateA_G09_r04c06",1
"cal520_bluebeads_PT_20240621_10s_20240621134832_plateA_G09_r05c05",1
"cal520_bluebeads_PT_20240621_10s_20240621134832_plateA_G09_r06c04",1
"cal520_bluebeads_PT_20240621_10s_20240621134832_plateA_G09_r06c06",1
"cal520_bluebeads_PT_20240621_10s_20240621134832_plateA_G10_r04c04",1
"cal520_bluebeads_PT_20240621_10s_20240621134832_plateA_G10_r04c06",1
"cal520_bluebeads_PT_20240621_10s_20240621134832_plateA_G10_r05c05",1
"cal520_bluebeads_PT_20240621_10s_20240621134832_plateA_G10_r06c04",1
"cal520_bluebeads_PT_20240621_10s_20240621134832_plateA_G10_r06c06",1
"cal520_bluebeads_PT_20240621_10s_20240621134832_plateA_G11_r04c04",0
"cal520_bluebeads_PT_20240621_10s_20240621134832_plateA_G11_r04c06",0
"cal520_bluebeads_PT_20240621_10s_20240621134832_plateA_G11_r05c05",0
"cal520_bluebeads_PT_20240621_10s_20240621134832_plateA_G11_r06c04",0
"cal520_bluebeads_PT_20240621_10s_20240621134832_plateA_G11_r06c06",0
"cal520_bluebeads_PT_20240621_10s_20240621155419_plateB_B02_r04c04",1
"cal520_bluebeads_PT_20240621_10s_20240621155419_plateB_B02_r04c06",1
"cal520_bluebeads_PT_20240621_10s_20240621155419_plateB_B02_r05c05",1
"cal520_bluebeads_PT_20240621_10s_20240621155419_plateB_B02_r06c04",1
"cal520_bluebeads_PT_20240621_10s_20240621155419_plateB_B02_r06c06",1
"cal520_bluebeads_PT_20240621_10s_20240621155419_plateB_B03_r04c04",1
"cal520_bluebeads_PT_20240621_10s_20240621155419_plateB_B03_r04c06",1
"cal520_bluebeads_PT_20240621_10s_20240621155419_plateB_B03_r05c05",1
"cal520_bluebeads_PT_20240621_10s_20240621155419_plateB_B03_r06c04",1
"cal520_bluebeads_PT_20240621_10s_20240621155419_plateB_B03_r06c06",1
"cal520_bluebeads_PT_20240621_10s_20240621155419_plateB_B04_r04c04",1
"cal520_bluebeads_PT_20240621_10s_20240621155419_plateB_B04_r04c06",1
"cal520_bluebeads_PT_20240621_10s_20240621155419_plateB_B04_r05c05",1
"cal520_bluebeads_PT_20240621_10s_20240621155419_plateB_B04_r06c04",1
"cal520_bluebeads_PT_20240621_10s_20240621155419_plateB_B04_r06c06",1
"cal520_bluebeads_PT_20240621_10s_20240621155419_plateB_B05_r04c04",1
"cal520_bluebeads_PT_20240621_10s_20240621155419_plateB_B05_r04c06",1
"cal520_bluebeads_PT_20240621_10s_20240621155419_plateB_B05_r05c05",1
"cal520_bluebeads_PT_20240621_10s_20240621155419_plateB_B05_r06c04",1
"cal520_bluebeads_PT_20240621_10s_20240621155419_plateB_B05_r06c06",1
"cal520_bluebeads_PT_20240621_10s_20240621155419_plateB_B06_r04c04",1
"cal520_bluebeads_PT_20240621_10s_20240621155419_plateB_B06_r04c06",1
"cal520_bluebeads_PT_20240621_10s_20240621155419_plateB_B06_r05c05",1
"cal520_bluebeads_PT_20240621_10s_20240621155419_plateB_B06_r06c04",1
"cal520_bluebeads_PT_20240621_10s_20240621155419_plateB_B06_r06c06",1
"cal520_bluebeads_PT_20240621_10s_20240621155419_plateB_B08_r04c04",0
"cal520_bluebeads_PT_20240621_10s_20240621155419_plateB_B08_r04c06",0
"cal520_bluebeads_PT_20240621_10s_20240621155419_plateB_B08_r05c05",0
"cal520_bluebeads_PT_20240621_10s_20240621155419_plateB_B08_r06c04",0
"cal520_bluebeads_PT_20240621_10s_20240621155419_plateB_B08_r06c06",0
"cal520_bluebeads_PT_20240621_10s_20240621155419_plateB_B10_r04c04",1
"cal520_bluebeads_PT_20240621_10s_20240621155419_plateB_B10_r04c06",1
"cal520_bluebeads_PT_20240621_10s_20240621155419_plateB_B10_r05c05",1
"cal520_bluebeads_PT_20240621_10s_20240621155419_plateB_B10_r06c04",1
"cal520_bluebeads_PT_20240621_10s_20240621155419_plateB_B10_r06c06",1
"cal520_bluebeads_PT_20240621_10s_20240621155419_plateB_B11_r04c04",0
"cal520_bluebeads_PT_20240621_10s_20240621155419_plateB_B11_r04c06",0
"cal520_bluebeads_PT_20240621_10s_20240621155419_plateB_B11_r05c05",0
"cal520_bluebeads_PT_20240621_10s_20240621155419_plateB_B11_r06c04",0
"cal520_bluebeads_PT_20240621_10s_20240621155419_plateB_B11_r06c06",0
"cal520_bluebeads_PT_20240621_10s_20240621155419_plateB_C02_r04c04",1
"cal520_bluebeads_PT_20240621_10s_20240621155419_plateB_C02_r04c06",1
"cal520_bluebeads_PT_20240621_10s_20240621155419_plateB_C02_r05c05",1
"cal520_bluebeads_PT_20240621_10s_20240621155419_plateB_C02_r06c04",1
"cal520_bluebeads_PT_20240621_10s_20240621155419_plateB_C02_r06c06",1
"cal520_bluebeads_PT_20240621_10s_20240621155419_plateB_C03_r04c04",1
"cal520_bluebeads_PT_20240621_10s_20240621155419_plateB_C03_r04c06",1
"cal520_bluebeads_PT_20240621_10s_20240621155419_plateB_C03_r05c05",1
"cal520_bluebeads_PT_20240621_10s_20240621155419_plateB_C03_r06c04",1
"cal520_bluebeads_PT_20240621_10s_20240621155419_plateB_C03_r06c06",0
"cal520_bluebeads_PT_20240621_10s_20240621155419_plateB_C04_r04c04",1
"cal520_bluebeads_PT_20240621_10s_20240621155419_plateB_C04_r04c06",1
"cal520_bluebeads_PT_20240621_10s_20240621155419_plateB_C04_r05c05",1
"cal520_bluebeads_PT_20240621_10s_20240621155419_plateB_C04_r06c04",1
"cal520_bluebeads_PT_20240621_10s_20240621155419_plateB_C04_r06c06",1
"cal520_bluebeads_PT_20240621_10s_20240621155419_plateB_C05_r04c04",1
"cal520_bluebeads_PT_20240621_10s_20240621155419_plateB_C05_r04c06",1
"cal520_bluebeads_PT_20240621_10s_20240621155419_plateB_C05_r05c05",1
"cal520_bluebeads_PT_20240621_10s_20240621155419_plateB_C05_r06c04",1
"cal520_bluebeads_PT_20240621_10s_20240621155419_plateB_C05_r06c06",1
"cal520_bluebeads_PT_20240621_10s_20240621155419_plateB_C06_r04c04",1
"cal520_bluebeads_PT_20240621_10s_20240621155419_plateB_C06_r04c06",1
"cal520_bluebeads_PT_20240621_10s_20240621155419_plateB_C06_r05c05",1
"cal520_bluebeads_PT_20240621_10s_20240621155419_plateB_C06_r06c04",1
"cal520_bluebeads_PT_20240621_10s_20240621155419_plateB_C06_r06c06",1
"cal520_bluebeads_PT_20240621_10s_20240621155419_plateB_C07_r04c04",1
"cal520_bluebeads_PT_20240621_10s_20240621155419_plateB_C07_r04c06",1
"cal520_bluebeads_PT_20240621_10s_20240621155419_plateB_C07_r05c05",1
"cal520_bluebeads_PT_20240621_10s_20240621155419_plateB_C07_r06c04",1
"cal520_bluebeads_PT_20240621_10s_20240621155419_plateB_C07_r06c06",1
"cal520_bluebeads_PT_20240621_10s_20240621155419_plateB_C08_r04c04",1
"cal520_bluebeads_PT_20240621_10s_20240621155419_plateB_C08_r04c06",1
"cal520_bluebeads_PT_20240621_10s_20240621155419_plateB_C08_r05c05",1
"cal520_bluebeads_PT_20240621_10s_20240621155419_plateB_C08_r06c04",1
"cal520_bluebeads_PT_20240621_10s_20240621155419_plateB_C08_r06c06",1
"cal520_bluebeads_PT_20240621_10s_20240621155419_plateB_C09_r04c04",1
"cal520_bluebeads_PT_20240621_10s_20240621155419_plateB_C09_r04c06",1
"cal520_bluebeads_PT_20240621_10s_20240621155419_plateB_C09_r05c05",1
"cal520_bluebeads_PT_20240621_10s_20240621155419_plateB_C09_r06c04",1
"cal520_bluebeads_PT_20240621_10s_20240621155419_plateB_C09_r06c06",1
"cal520_bluebeads_PT_20240621_10s_20240621155419_plateB_C10_r04c04",1
"cal520_bluebeads_PT_20240621_10s_20240621155419_plateB_C10_r04c06",1
"cal520_bluebeads_PT_20240621_10s_20240621155419_plateB_C10_r05c05",1
"cal520_bluebeads_PT_20240621_10s_20240621155419_plateB_C10_r06c04",1
"cal520_bluebeads_PT_20240621_10s_20240621155419_plateB_C10_r06c06",1
"cal520_bluebeads_PT_20240621_10s_20240621155419_plateB_C11_r04c04",1
"cal520_bluebeads_PT_20240621_10s_20240621155419_plateB_C11_r04c06",1
"cal520_bluebeads_PT_20240621_10s_20240621155419_plateB_C11_r05c05",1
"cal520_bluebeads_PT_20240621_10s_20240621155419_plateB_C11_r06c04",1
"cal520_bluebeads_PT_20240621_10s_20240621155419_plateB_C11_r06c06",1
"cal520_bluebeads_PT_20240621_10s_20240621155419_plateB_D02_r04c04",1
"cal520_bluebeads_PT_20240621_10s_20240621155419_plateB_D02_r04c06",1
"cal520_bluebeads_PT_20240621_10s_20240621155419_plateB_D02_r05c05",1
"cal520_bluebeads_PT_20240621_10s_20240621155419_plateB_D02_r06c04",1
"cal520_bluebeads_PT_20240621_10s_20240621155419_plateB_D02_r06c06",1
"cal520_bluebeads_PT_20240621_10s_20240621155419_plateB_D04_r04c04",1
"cal520_bluebeads_PT_20240621_10s_20240621155419_plateB_D04_r04c06",1
"cal520_bluebeads_PT_20240621_10s_20240621155419_plateB_D04_r05c05",1
"cal520_bluebeads_PT_20240621_10s_20240621155419_plateB_D04_r06c04",1
"cal520_bluebeads_PT_20240621_10s_20240621155419_plateB_D04_r06c06",1
"cal520_bluebeads_PT_20240621_10s_20240621155419_plateB_D06_r04c04",1
"cal520_bluebeads_PT_20240621_10s_20240621155419_plateB_D06_r04c06",1
"cal520_bluebeads_PT_20240621_10s_20240621155419_plateB_D06_r05c05",1
"cal520_bluebeads_PT_20240621_10s_20240621155419_plateB_D06_r06c04",1
"cal520_bluebeads_PT_20240621_10s_20240621155419_plateB_D06_r06c06",1
"cal520_bluebeads_PT_20240621_10s_20240621155419_plateB_D07_r04c04",1
"cal520_bluebeads_PT_20240621_10s_20240621155419_plateB_D07_r04c06",1
"cal520_bluebeads_PT_20240621_10s_20240621155419_plateB_D07_r05c05",1
"cal520_bluebeads_PT_20240621_10s_20240621155419_plateB_D07_r06c04",1
"cal520_bluebeads_PT_20240621_10s_20240621155419_plateB_D07_r06c06",1
"cal520_bluebeads_PT_20240621_10s_20240621155419_plateB_D09_r04c04",1
"cal520_bluebeads_PT_20240621_10s_20240621155419_plateB_D09_r04c06",1
"cal520_bluebeads_PT_20240621_10s_20240621155419_plateB_D09_r05c05",1
"cal520_bluebeads_PT_20240621_10s_20240621155419_plateB_D09_r06c04",1
"cal520_bluebeads_PT_20240621_10s_20240621155419_plateB_D09_r06c06",1
"cal520_bluebeads_PT_20240621_10s_20240621155419_plateB_D11_r04c04",0
"cal520_bluebeads_PT_20240621_10s_20240621155419_plateB_D11_r04c06",0
"cal520_bluebeads_PT_20240621_10s_20240621155419_plateB_D11_r05c05",0
"cal520_bluebeads_PT_20240621_10s_20240621155419_plateB_D11_r06c04",0
"cal520_bluebeads_PT_20240621_10s_20240621155419_plateB_D11_r06c06",0
"cal520_bluebeads_PT_20240621_10s_20240621155419_plateB_E02_r04c04",1
"cal520_bluebeads_PT_20240621_10s_20240621155419_plateB_E02_r04c06",1
"cal520_bluebeads_PT_20240621_10s_20240621155419_plateB_E02_r05c05",1
"cal520_bluebeads_PT_20240621_10s_20240621155419_plateB_E02_r06c04",1
"cal520_bluebeads_PT_20240621_10s_20240621155419_plateB_E02_r06c06",1
"cal520_bluebeads_PT_20240621_10s_20240621155419_plateB_E03_r04c04",1
"cal520_bluebeads_PT_20240621_10s_20240621155419_plateB_E03_r04c06",1
"cal520_bluebeads_PT_20240621_10s_20240621155419_plateB_E03_r05c05",1
"cal520_bluebeads_PT_20240621_10s_20240621155419_plateB_E03_r06c04",1
"cal520_bluebeads_PT_20240621_10s_20240621155419_plateB_E03_r06c06",1
"cal520_bluebeads_PT_20240621_10s_20240621155419_plateB_E04_r04c04",1
"cal520_bluebeads_PT_20240621_10s_20240621155419_plateB_E04_r04c06",1
"cal520_bluebeads_PT_20240621_10s_20240621155419_plateB_E04_r05c05",1
"cal520_bluebeads_PT_20240621_10s_20240621155419_plateB_E04_r06c04",1
"cal520_bluebeads_PT_20240621_10s_20240621155419_plateB_E04_r06c06",1
"cal520_bluebeads_PT_20240621_10s_20240621155419_plateB_E05_r04c04",1
"cal520_bluebeads_PT_20240621_10s_20240621155419_plateB_E05_r04c06",1
"cal520_bluebeads_PT_20240621_10s_20240621155419_plateB_E05_r05c05",1
"cal520_bluebeads_PT_20240621_10s_20240621155419_plateB_E05_r06c04",1
"cal520_bluebeads_PT_20240621_10s_20240621155419_plateB_E05_r06c06",1
"cal520_bluebeads_PT_20240621_10s_20240621155419_plateB_E06_r04c04",1
"cal520_bluebeads_PT_20240621_10s_20240621155419_plateB_E06_r04c06",1
"cal520_bluebeads_PT_20240621_10s_20240621155419_plateB_E06_r05c05",1
"cal520_bluebeads_PT_20240621_10s_20240621155419_plateB_E06_r06c04",1
"cal520_bluebeads_PT_20240621_10s_20240621155419_plateB_E06_r06c06",1
"cal520_bluebeads_PT_20240621_10s_20240621155419_plateB_E07_r04c04",1
"cal520_bluebeads_PT_20240621_10s_20240621155419_plateB_E07_r04c06",1
"cal520_bluebeads_PT_20240621_10s_20240621155419_plateB_E07_r05c05",1
"cal520_bluebeads_PT_20240621_10s_20240621155419_plateB_E07_r06c04",1
"cal520_bluebeads_PT_20240621_10s_20240621155419_plateB_E07_r06c06",1
"cal520_bluebeads_PT_20240621_10s_20240621155419_plateB_E08_r04c04",1
"cal520_bluebeads_PT_20240621_10s_20240621155419_plateB_E08_r04c06",1
"cal520_bluebeads_PT_20240621_10s_20240621155419_plateB_E08_r05c05",1
"cal520_bluebeads_PT_20240621_10s_20240621155419_plateB_E08_r06c04",1
"cal520_bluebeads_PT_20240621_10s_20240621155419_plateB_E08_r06c06",1
"cal520_bluebeads_PT_20240621_10s_20240621155419_plateB_E09_r04c04",1
"cal520_bluebeads_PT_20240621_10s_20240621155419_plateB_E09_r04c06",1
"cal520_bluebeads_PT_20240621_10s_20240621155419_plateB_E09_r05c05",1
"cal520_bluebeads_PT_20240621_10s_20240621155419_plateB_E09_r06c04",1
"cal520_bluebeads_PT_20240621_10s_20240621155419_plateB_E09_r06c06",1
"cal520_bluebeads_PT_20240621_10s_20240621155419_plateB_E10_r04c04",1
"cal520_bluebeads_PT_20240621_10s_20240621155419_plateB_E10_r04c06",1
"cal520_bluebeads_PT_20240621_10s_20240621155419_plateB_E10_r05c05",1
"cal520_bluebeads_PT_20240621_10s_20240621155419_plateB_E10_r06c04",1
"cal520_bluebeads_PT_20240621_10s_20240621155419_plateB_E10_r06c06",1
"cal520_bluebeads_PT_20240621_10s_20240621155419_plateB_E11_r04c04",1
"cal520_bluebeads_PT_20240621_10s_20240621155419_plateB_E11_r04c06",1
"cal520_bluebeads_PT_20240621_10s_20240621155419_plateB_E11_r05c05",1
"cal520_bluebeads_PT_20240621_10s_20240621155419_plateB_E11_r06c04",1
"cal520_bluebeads_PT_20240621_10s_20240621155419_plateB_E11_r06c06",1
"cal520_bluebeads_PT_20240621_10s_20240621155419_plateB_F02_r04c04",0
"cal520_bluebeads_PT_20240621_10s_20240621155419_plateB_F02_r04c06",0
"cal520_bluebeads_PT_20240621_10s_20240621155419_plateB_F02_r05c05",0
"cal520_bluebeads_PT_20240621_10s_20240621155419_plateB_F02_r06c04",0
"cal520_bluebeads_PT_20240621_10s_20240621155419_plateB_F02_r06c06",0
"cal520_bluebeads_PT_20240621_10s_20240621155419_plateB_F03_r04c04",1
"cal520_bluebeads_PT_20240621_10s_20240621155419_plateB_F03_r04c06",1
"cal520_bluebeads_PT_20240621_10s_20240621155419_plateB_F03_r05c05",1
"cal520_bluebeads_PT_20240621_10s_20240621155419_plateB_F03_r06c04",1
"cal520_bluebeads_PT_20240621_10s_20240621155419_plateB_F03_r06c06",1
"cal520_bluebeads_PT_20240621_10s_20240621155419_plateB_F04_r04c04",1
"cal520_bluebeads_PT_20240621_10s_20240621155419_plateB_F04_r04c06",1
"cal520_bluebeads_PT_20240621_10s_20240621155419_plateB_F04_r05c05",1
"cal520_bluebeads_PT_20240621_10s_20240621155419_plateB_F04_r06c04",1
"cal520_bluebeads_PT_20240621_10s_20240621155419_plateB_F04_r06c06",1
"cal520_bluebeads_PT_20240621_10s_20240621155419_plateB_F05_r04c04",1
"cal520_bluebeads_PT_20240621_10s_20240621155419_plateB_F05_r04c06",1
"cal520_bluebeads_PT_20240621_10s_20240621155419_plateB_F05_r05c05",1
"cal520_bluebeads_PT_20240621_10s_20240621155419_plateB_F05_r06c04",1
"cal520_bluebeads_PT_20240621_10s_20240621155419_plateB_F05_r06c06",1
"cal520_bluebeads_PT_20240621_10s_20240621155419_plateB_F06_r04c04",1
"cal520_bluebeads_PT_20240621_10s_20240621155419_plateB_F06_r04c06",1
"cal520_bluebeads_PT_20240621_10s_20240621155419_plateB_F06_r05c05",1
"cal520_bluebeads_PT_20240621_10s_20240621155419_plateB_F06_r06c04",1
"cal520_bluebeads_PT_20240621_10s_20240621155419_plateB_F06_r06c06",1
"cal520_bluebeads_PT_20240621_10s_20240621155419_plateB_F07_r04c04",1
"cal520_bluebeads_PT_20240621_10s_20240621155419_plateB_F07_r04c06",1
"cal520_bluebeads_PT_20240621_10s_20240621155419_plateB_F07_r05c05",1
"cal520_bluebeads_PT_20240621_10s_20240621155419_plateB_F07_r06c04",1
"cal520_bluebeads_PT_20240621_10s_20240621155419_plateB_F07_r06c06",1
"cal520_bluebeads_PT_20240621_10s_20240621155419_plateB_F08_r04c04",1
"cal520_bluebeads_PT_20240621_10s_20240621155419_plateB_F08_r04c06",1
"cal520_bluebeads_PT_20240621_10s_20240621155419_plateB_F08_r05c05",1
"cal520_bluebeads_PT_20240621_10s_20240621155419_plateB_F08_r06c04",1
"cal520_bluebeads_PT_20240621_10s_20240621155419_plateB_F08_r06c06",1
"cal520_bluebeads_PT_20240621_10s_20240621155419_plateB_F09_r04c04",1
"cal520_bluebeads_PT_20240621_10s_20240621155419_plateB_F09_r04c06",1
"cal520_bluebeads_PT_20240621_10s_20240621155419_plateB_F09_r05c05",1
"cal520_bluebeads_PT_20240621_10s_20240621155419_plateB_F09_r06c04",1
"cal520_bluebeads_PT_20240621_10s_20240621155419_plateB_F09_r06c06",1
"cal520_bluebeads_PT_20240621_10s_20240621155419_plateB_F11_r04c04",1
"cal520_bluebeads_PT_20240621_10s_20240621155419_plateB_F11_r04c06",1
"cal520_bluebeads_PT_20240621_10s_20240621155419_plateB_F11_r05c05",1
"cal520_bluebeads_PT_20240621_10s_20240621155419_plateB_F11_r06c04",1
"cal520_bluebeads_PT_20240621_10s_20240621155419_plateB_F11_r06c06",1
"cal520_bluebeads_PT_20240621_10s_20240621155419_plateB_G02_r04c04",1
"cal520_bluebeads_PT_20240621_10s_20240621155419_plateB_G02_r04c06",1
"cal520_bluebeads_PT_20240621_10s_20240621155419_plateB_G02_r05c05",1
"cal520_bluebeads_PT_20240621_10s_20240621155419_plateB_G02_r06c04",1
"cal520_bluebeads_PT_20240621_10s_20240621155419_plateB_G02_r06c06",1
"cal520_bluebeads_PT_20240621_10s_20240621155419_plateB_G03_r04c04",1
"cal520_bluebeads_PT_20240621_10s_20240621155419_plateB_G03_r04c06",1
"cal520_bluebeads_PT_20240621_10s_20240621155419_plateB_G03_r05c05",1
"cal520_bluebeads_PT_20240621_10s_20240621155419_plateB_G03_r06c04",1
"cal520_bluebeads_PT_20240621_10s_20240621155419_plateB_G03_r06c06",1
"cal520_bluebeads_PT_20240621_10s_20240621155419_plateB_G04_r04c04",1
"cal520_bluebeads_PT_20240621_10s_20240621155419_plateB_G04_r04c06",1
"cal520_bluebeads_PT_20240621_10s_20240621155419_plateB_G04_r05c05",1
"cal520_bluebeads_PT_20240621_10s_20240621155419_plateB_G04_r06c04",1
"cal520_bluebeads_PT_20240621_10s_20240621155419_plateB_G04_r06c06",1
"cal520_bluebeads_PT_20240621_10s_20240621155419_plateB_G05_r04c04",1
"cal520_bluebeads_PT_20240621_10s_20240621155419_plateB_G05_r04c06",1
"cal520_bluebeads_PT_20240621_10s_20240621155419_plateB_G05_r05c05",1
"cal520_bluebeads_PT_20240621_10s_20240621155419_plateB_G05_r06c04",1
"cal520_bluebeads_PT_20240621_10s_20240621155419_plateB_G05_r06c06",1
"cal520_bluebeads_PT_20240621_10s_20240621155419_plateB_G06_r04c04",1
"cal520_bluebeads_PT_20240621_10s_20240621155419_plateB_G06_r04c06",1
"cal520_bluebeads_PT_20240621_10s_20240621155419_plateB_G06_r05c05",1
"cal520_bluebeads_PT_20240621_10s_20240621155419_plateB_G06_r06c04",1
"cal520_bluebeads_PT_20240621_10s_20240621155419_plateB_G06_r06c06",1
"cal520_bluebeads_PT_20240621_10s_20240621155419_plateB_G07_r04c04",0
"cal520_bluebeads_PT_20240621_10s_20240621155419_plateB_G07_r04c06",1
"cal520_bluebeads_PT_20240621_10s_20240621155419_plateB_G07_r05c05",1
"cal520_bluebeads_PT_20240621_10s_20240621155419_plateB_G07_r06c04",1
"cal520_bluebeads_PT_20240621_10s_20240621155419_plateB_G07_r06c06",0
"cal520_bluebeads_PT_20240621_10s_20240621155419_plateB_G08_r04c04",1
"cal520_bluebeads_PT_20240621_10s_20240621155419_plateB_G08_r04c06",1
"cal520_bluebeads_PT_20240621_10s_20240621155419_plateB_G08_r05c05",1
"cal520_bluebeads_PT_20240621_10s_20240621155419_plateB_G08_r06c04",1
"cal520_bluebeads_PT_20240621_10s_20240621155419_plateB_G08_r06c06",1
"cal520_bluebeads_PT_20240621_10s_20240621155419_plateB_G09_r04c04",1
"cal520_bluebeads_PT_20240621_10s_20240621155419_plateB_G09_r04c06",1
"cal520_bluebeads_PT_20240621_10s_20240621155419_plateB_G09_r05c05",1
"cal520_bluebeads_PT_20240621_10s_20240621155419_plateB_G09_r06c04",1
"cal520_bluebeads_PT_20240621_10s_20240621155419_plateB_G09_r06c06",1
"cal520_bluebeads_PT_20240621_10s_20240621155419_plateB_G10_r04c04",1
"cal520_bluebeads_PT_20240621_10s_20240621155419_plateB_G10_r04c06",1
"cal520_bluebeads_PT_20240621_10s_20240621155419_plateB_G10_r05c05",1
"cal520_bluebeads_PT_20240621_10s_20240621155419_plateB_G10_r06c04",1
"cal520_bluebeads_PT_20240621_10s_20240621155419_plateB_G10_r06c06",1
"cal520_bluebeads_PT_20240621_10s_20240621155419_plateB_G11_r04c04",1
"cal520_bluebeads_PT_20240621_10s_20240621155419_plateB_G11_r04c06",1
"cal520_bluebeads_PT_20240621_10s_20240621155419_plateB_G11_r05c05",1
"cal520_bluebeads_PT_20240621_10s_20240621155419_plateB_G11_r06c04",1
"cal520_bluebeads_PT_20240621_10s_20240621155419_plateB_G11_r06c06",1
"cal520_bluebeads_PT_20240621_10s_20240621180454_plateC_C02_r04c04",1
"cal520_bluebeads_PT_20240621_10s_20240621180454_plateC_C02_r04c06",1
"cal520_bluebeads_PT_20240621_10s_20240621180454_plateC_C02_r05c05",1
"cal520_bluebeads_PT_20240621_10s_20240621180454_plateC_C02_r06c04",1
"cal520_bluebeads_PT_20240621_10s_20240621180454_plateC_C02_r06c06",1
"cal520_bluebeads_PT_20240621_10s_20240621180454_plateC_C03_r04c04",1
"cal520_bluebeads_PT_20240621_10s_20240621180454_plateC_C03_r04c06",1
"cal520_bluebeads_PT_20240621_10s_20240621180454_plateC_C03_r05c05",1
"cal520_bluebeads_PT_20240621_10s_20240621180454_plateC_C03_r06c04",1
"cal520_bluebeads_PT_20240621_10s_20240621180454_plateC_C03_r06c06",0
"cal520_bluebeads_PT_20240621_10s_20240621180454_plateC_C04_r04c04",1
"cal520_bluebeads_PT_20240621_10s_20240621180454_plateC_C04_r04c06",1
"cal520_bluebeads_PT_20240621_10s_20240621180454_plateC_C04_r05c05",1
"cal520_bluebeads_PT_20240621_10s_20240621180454_plateC_C04_r06c04",1
"cal520_bluebeads_PT_20240621_10s_20240621180454_plateC_C04_r06c06",1
"cal520_bluebeads_PT_20240621_10s_20240621180454_plateC_C05_r04c04",1
"cal520_bluebeads_PT_20240621_10s_20240621180454_plateC_C05_r04c06",1
"cal520_bluebeads_PT_20240621_10s_20240621180454_plateC_C05_r05c05",1
"cal520_bluebeads_PT_20240621_10s_20240621180454_plateC_C05_r06c04",1
"cal520_bluebeads_PT_20240621_10s_20240621180454_plateC_C05_r06c06",1
"cal520_bluebeads_PT_20240621_10s_20240621180454_plateC_C06_r04c04",1
"cal520_bluebeads_PT_20240621_10s_20240621180454_plateC_C06_r04c06",1
"cal520_bluebeads_PT_20240621_10s_20240621180454_plateC_C06_r05c05",0
"cal520_bluebeads_PT_20240621_10s_20240621180454_plateC_C06_r06c04",0
"cal520_bluebeads_PT_20240621_10s_20240621180454_plateC_C06_r06c06",0
"cal520_bluebeads_PT_20240621_10s_20240621180454_plateC_C07_r04c04",1
"cal520_bluebeads_PT_20240621_10s_20240621180454_plateC_C07_r04c06",1
"cal520_bluebeads_PT_20240621_10s_20240621180454_plateC_C07_r05c05",1
"cal520_bluebeads_PT_20240621_10s_20240621180454_plateC_C07_r06c04",1
"cal520_bluebeads_PT_20240621_10s_20240621180454_plateC_C07_r06c06",1
"cal520_bluebeads_PT_20240621_10s_20240621180454_plateC_C08_r04c04",1
"cal520_bluebeads_PT_20240621_10s_20240621180454_plateC_C08_r04c06",1
"cal520_bluebeads_PT_20240621_10s_20240621180454_plateC_C08_r05c05",1
"cal520_bluebeads_PT_20240621_10s_20240621180454_plateC_C08_r06c04",1
"cal520_bluebeads_PT_20240621_10s_20240621180454_plateC_C08_r06c06",1
"cal520_bluebeads_PT_20240621_10s_20240621180454_plateC_C09_r04c04",1
"cal520_bluebeads_PT_20240621_10s_20240621180454_plateC_C09_r04c06",2
"cal520_bluebeads_PT_20240621_10s_20240621180454_plateC_C09_r05c05",2
"cal520_bluebeads_PT_20240621_10s_20240621180454_plateC_C09_r06c04",1
"cal520_bluebeads_PT_20240621_10s_20240621180454_plateC_C09_r06c06",1
"cal520_bluebeads_PT_20240621_10s_20240621180454_plateC_C10_r04c04",1
"cal520_bluebeads_PT_20240621_10s_20240621180454_plateC_C10_r04c06",1
"cal520_bluebeads_PT_20240621_10s_20240621180454_plateC_C10_r05c05",1
"cal520_bluebeads_PT_20240621_10s_20240621180454_plateC_C10_r06c04",1
"cal520_bluebeads_PT_20240621_10s_20240621180454_plateC_C10_r06c06",1
"cal520_bluebeads_PT_20240621_10s_20240621180454_plateC_C11_r04c04",2
"cal520_bluebeads_PT_20240621_10s_20240621180454_plateC_C11_r04c06",1
"cal520_bluebeads_PT_20240621_10s_20240621180454_plateC_C11_r05c05",1
"cal520_bluebeads_PT_20240621_10s_20240621180454_plateC_C11_r06c04",0
"cal520_bluebeads_PT_20240621_10s_20240621180454_plateC_C11_r06c06",1
"cal520_bluebeads_PT_20240621_10s_20240621180454_plateC_D02_r04c04",1
"cal520_bluebeads_PT_20240621_10s_20240621180454_plateC_D02_r04c06",1
"cal520_bluebeads_PT_20240621_10s_20240621180454_plateC_D02_r05c05",1
"cal520_bluebeads_PT_20240621_10s_20240621180454_plateC_D02_r06c04",1
"cal520_bluebeads_PT_20240621_10s_20240621180454_plateC_D02_r06c06",1
"cal520_bluebeads_PT_20240621_10s_20240621180454_plateC_D04_r04c04",1
"cal520_bluebeads_PT_20240621_10s_20240621180454_plateC_D04_r04c06",1
"cal520_bluebeads_PT_20240621_10s_20240621180454_plateC_D04_r05c05",1
"cal520_bluebeads_PT_20240621_10s_20240621180454_plateC_D04_r06c04",1
"cal520_bluebeads_PT_20240621_10s_20240621180454_plateC_D04_r06c06",1
"cal520_bluebeads_PT_20240621_10s_20240621180454_plateC_D06_r04c04",1
"cal520_bluebeads_PT_20240621_10s_20240621180454_plateC_D06_r04c06",1
"cal520_bluebeads_PT_20240621_10s_20240621180454_plateC_D06_r05c05",1
"cal520_bluebeads_PT_20240621_10s_20240621180454_plateC_D06_r06c04",1
"cal520_bluebeads_PT_20240621_10s_20240621180454_plateC_D06_r06c06",1
"cal520_bluebeads_PT_20240621_10s_20240621180454_plateC_D07_r04c04",1
"cal520_bluebeads_PT_20240621_10s_20240621180454_plateC_D07_r04c06",1
"cal520_bluebeads_PT_20240621_10s_20240621180454_plateC_D07_r05c05",1
"cal520_bluebeads_PT_20240621_10s_20240621180454_plateC_D07_r06c04",1
"cal520_bluebeads_PT_20240621_10s_20240621180454_plateC_D07_r06c06",1
"cal520_bluebeads_PT_20240621_10s_20240621180454_plateC_D09_r04c04",1
"cal520_bluebeads_PT_20240621_10s_20240621180454_plateC_D09_r04c06",1
"cal520_bluebeads_PT_20240621_10s_20240621180454_plateC_D09_r05c05",1
"cal520_bluebeads_PT_20240621_10s_20240621180454_plateC_D09_r06c04",1
"cal520_bluebeads_PT_20240621_10s_20240621180454_plateC_D09_r06c06",1
"cal520_bluebeads_PT_20240621_10s_20240621180454_plateC_D11_r04c04",1
"cal520_bluebeads_PT_20240621_10s_20240621180454_plateC_D11_r04c06",1
"cal520_bluebeads_PT_20240621_10s_20240621180454_plateC_D11_r05c05",1
"cal520_bluebeads_PT_20240621_10s_20240621180454_plateC_D11_r06c04",1
"cal520_bluebeads_PT_20240621_10s_20240621180454_plateC_D11_r06c06",1
"cal520_bluebeads_PT_20240621_10s_20240621180454_plateC_E02_r04c04",1
"cal520_bluebeads_PT_20240621_10s_20240621180454_plateC_E02_r04c06",1
"cal520_bluebeads_PT_20240621_10s_20240621180454_plateC_E02_r05c05",1
"cal520_bluebeads_PT_20240621_10s_20240621180454_plateC_E02_r06c04",1
"cal520_bluebeads_PT_20240621_10s_20240621180454_plateC_E02_r06c06",1
"cal520_bluebeads_PT_20240621_10s_20240621180454_plateC_E03_r04c04",1
"cal520_bluebeads_PT_20240621_10s_20240621180454_plateC_E03_r04c06",1
"cal520_bluebeads_PT_20240621_10s_20240621180454_plateC_E03_r05c05",1
"cal520_bluebeads_PT_20240621_10s_20240621180454_plateC_E03_r06c04",1
"cal520_bluebeads_PT_20240621_10s_20240621180454_plateC_E03_r06c06",1
"cal520_bluebeads_PT_20240621_10s_20240621180454_plateC_E04_r04c04",1
"cal520_bluebeads_PT_20240621_10s_20240621180454_plateC_E04_r04c06",1
"cal520_bluebeads_PT_20240621_10s_20240621180454_plateC_E04_r05c05",1
"cal520_bluebeads_PT_20240621_10s_20240621180454_plateC_E04_r06c04",2
"cal520_bluebeads_PT_20240621_10s_20240621180454_plateC_E04_r06c06",1
"cal520_bluebeads_PT_20240621_10s_20240621180454_plateC_E05_r04c04",1
"cal520_bluebeads_PT_20240621_10s_20240621180454_plateC_E05_r04c06",1
"cal520_bluebeads_PT_20240621_10s_20240621180454_plateC_E05_r05c05",1
"cal520_bluebeads_PT_20240621_10s_20240621180454_plateC_E05_r06c04",0
"cal520_bluebeads_PT_20240621_10s_20240621180454_plateC_E05_r06c06",0
"cal520_bluebeads_PT_20240621_10s_20240621180454_plateC_E06_r04c04",1
"cal520_bluebeads_PT_20240621_10s_20240621180454_plateC_E06_r04c06",1
"cal520_bluebeads_PT_20240621_10s_20240621180454_plateC_E06_r05c05",1
"cal520_bluebeads_PT_20240621_10s_20240621180454_plateC_E06_r06c04",1
"cal520_bluebeads_PT_20240621_10s_20240621180454_plateC_E06_r06c06",1
"cal520_bluebeads_PT_20240621_10s_20240621180454_plateC_E07_r04c04",1
"cal520_bluebeads_PT_20240621_10s_20240621180454_plateC_E07_r04c06",1
"cal520_bluebeads_PT_20240621_10s_20240621180454_plateC_E07_r05c05",1
"cal520_bluebeads_PT_20240621_10s_20240621180454_plateC_E07_r06c04",1
"cal520_bluebeads_PT_20240621_10s_20240621180454_plateC_E07_r06c06",1
"cal520_bluebeads_PT_20240621_10s_20240621180454_plateC_E08_r04c04",1
"cal520_bluebeads_PT_20240621_10s_20240621180454_plateC_E08_r04c06",1
"cal520_bluebeads_PT_20240621_10s_20240621180454_plateC_E08_r05c05",1
"cal520_bluebeads_PT_20240621_10s_20240621180454_plateC_E08_r06c04",1
"cal520_bluebeads_PT_20240621_10s_20240621180454_plateC_E08_r06c06",1
"cal520_bluebeads_PT_20240621_10s_20240621180454_plateC_E09_r04c04",1
"cal520_bluebeads_PT_20240621_10s_20240621180454_plateC_E09_r04c06",1
"cal520_bluebeads_PT_20240621_10s_20240621180454_plateC_E09_r05c05",1
"cal520_bluebeads_PT_20240621_10s_20240621180454_plateC_E09_r06c04",1
"cal520_bluebeads_PT_20240621_10s_20240621180454_plateC_E09_r06c06",1
"cal520_bluebeads_PT_20240621_10s_20240621180454_plateC_E10_r04c04",1
"cal520_bluebeads_PT_20240621_10s_20240621180454_plateC_E10_r04c06",1
"cal520_bluebeads_PT_20240621_10s_20240621180454_plateC_E10_r05c05",1
"cal520_bluebeads_PT_20240621_10s_20240621180454_plateC_E10_r06c04",1
"cal520_bluebeads_PT_20240621_10s_20240621180454_plateC_E10_r06c06",1
"cal520_bluebeads_PT_20240621_10s_20240621180454_plateC_E11_r04c04",1
"cal520_bluebeads_PT_20240621_10s_20240621180454_plateC_E11_r04c06",1
"cal520_bluebeads_PT_20240621_10s_20240621180454_plateC_E11_r05c05",1
"cal520_bluebeads_PT_20240621_10s_20240621180454_plateC_E11_r06c04",1
"cal520_bluebeads_PT_20240621_10s_20240621180454_plateC_E11_r06c06",1
"cal520_bluebeads_PT_20240621_10s_20240621180454_plateC_F02_r04c04",1
"cal520_bluebeads_PT_20240621_10s_20240621180454_plateC_F02_r04c06",1
"cal520_bluebeads_PT_20240621_10s_20240621180454_plateC_F02_r05c05",1
"cal520_bluebeads_PT_20240621_10s_20240621180454_plateC_F02_r06c04",1
"cal520_bluebeads_PT_20240621_10s_20240621180454_plateC_F02_r06c06",1
"cal520_bluebeads_PT_20240621_10s_20240621180454_plateC_F03_r04c04",2
"cal520_bluebeads_PT_20240621_10s_20240621180454_plateC_F03_r04c06",2
"cal520_bluebeads_PT_20240621_10s_20240621180454_plateC_F03_r05c05",2
"cal520_bluebeads_PT_20240621_10s_20240621180454_plateC_F03_r06c04",2
"cal520_bluebeads_PT_20240621_10s_20240621180454_plateC_F03_r06c06",2
"cal520_bluebeads_PT_20240621_10s_20240621180454_plateC_F04_r04c04",1
"cal520_bluebeads_PT_20240621_10s_20240621180454_plateC_F04_r04c06",1
"cal520_bluebeads_PT_20240621_10s_20240621180454_plateC_F04_r05c05",1
"cal520_bluebeads_PT_20240621_10s_20240621180454_plateC_F04_r06c04",1
"cal520_bluebeads_PT_20240621_10s_20240621180454_plateC_F04_r06c06",1
"cal520_bluebeads_PT_20240621_10s_20240621180454_plateC_F05_r04c04",1
"cal520_bluebeads_PT_20240621_10s_20240621180454_plateC_F05_r04c06",1
"cal520_bluebeads_PT_20240621_10s_20240621180454_plateC_F05_r05c05",1
"cal520_bluebeads_PT_20240621_10s_20240621180454_plateC_F05_r06c04",1
"cal520_bluebeads_PT_20240621_10s_20240621180454_plateC_F05_r06c06",1
"cal520_bluebeads_PT_20240621_10s_20240621180454_plateC_F06_r04c04",1
"cal520_bluebeads_PT_20240621_10s_20240621180454_plateC_F06_r04c06",1
"cal520_bluebeads_PT_20240621_10s_20240621180454_plateC_F06_r05c05",1
"cal520_bluebeads_PT_20240621_10s_20240621180454_plateC_F06_r06c04",1
"cal520_bluebeads_PT_20240621_10s_20240621180454_plateC_F06_r06c06",1
"cal520_bluebeads_PT_20240621_10s_20240621180454_plateC_F07_r04c04",1
"cal520_bluebeads_PT_20240621_10s_20240621180454_plateC_F07_r04c06",1
"cal520_bluebeads_PT_20240621_10s_20240621180454_plateC_F07_r05c05",1
"cal520_bluebeads_PT_20240621_10s_20240621180454_plateC_F07_r06c04",1
"cal520_bluebeads_PT_20240621_10s_20240621180454_plateC_F07_r06c06",1
"cal520_bluebeads_PT_20240621_10s_20240621180454_plateC_F08_r04c04",1
"cal520_bluebeads_PT_20240621_10s_20240621180454_plateC_F08_r04c06",1
"cal520_bluebeads_PT_20240621_10s_20240621180454_plateC_F08_r05c05",1
"cal520_bluebeads_PT_20240621_10s_20240621180454_plateC_F08_r06c04",1
"cal520_bluebeads_PT_20240621_10s_20240621180454_plateC_F08_r06c06",1
"cal520_bluebeads_PT_20240621_10s_20240621180454_plateC_F09_r04c04",1
"cal520_bluebeads_PT_20240621_10s_20240621180454_plateC_F09_r04c06",1
"cal520_bluebeads_PT_20240621_10s_20240621180454_plateC_F09_r05c05",1
"cal520_bluebeads_PT_20240621_10s_20240621180454_plateC_F09_r06c04",1
"cal520_bluebeads_PT_20240621_10s_20240621180454_plateC_F09_r06c06",1
"cal520_bluebeads_PT_20240621_10s_20240621180454_plateC_F11_r04c04",1
"cal520_bluebeads_PT_20240621_10s_20240621180454_plateC_F11_r04c06",1
"cal520_bluebeads_PT_20240621_10s_20240621180454_plateC_F11_r05c05",1
"cal520_bluebeads_PT_20240621_10s_20240621180454_plateC_F11_r06c04",1
"cal520_bluebeads_PT_20240621_10s_20240621180454_plateC_F11_r06c06",1
"cal520_bluebeads_PT_20240621_10s_20240621180454_plateC_G02_r04c04",1
"cal520_bluebeads_PT_20240621_10s_20240621180454_plateC_G02_r04c06",1
"cal520_bluebeads_PT_20240621_10s_20240621180454_plateC_G02_r05c05",1
"cal520_bluebeads_PT_20240621_10s_20240621180454_plateC_G02_r06c04",1
"cal520_bluebeads_PT_20240621_10s_20240621180454_plateC_G02_r06c06",1
"cal520_bluebeads_PT_20240621_10s_20240621180454_plateC_G03_r04c04",1
"cal520_bluebeads_PT_20240621_10s_20240621180454_plateC_G03_r04c06",1
"cal520_bluebeads_PT_20240621_10s_20240621180454_plateC_G03_r05c05",1
"cal520_bluebeads_PT_20240621_10s_20240621180454_plateC_G03_r06c04",1
"cal520_bluebeads_PT_20240621_10s_20240621180454_plateC_G03_r06c06",1
"cal520_bluebeads_PT_20240621_10s_20240621180454_plateC_G04_r04c04",1
"cal520_bluebeads_PT_20240621_10s_20240621180454_plateC_G04_r04c06",1
"cal520_bluebeads_PT_20240621_10s_20240621180454_plateC_G04_r05c05",2
"cal520_bluebeads_PT_20240621_10s_20240621180454_plateC_G04_r06c04",1
"cal520_bluebeads_PT_20240621_10s_20240621180454_plateC_G04_r06c06",1
"cal520_bluebeads_PT_20240621_10s_20240621180454_plateC_G05_r04c04",1
"cal520_bluebeads_PT_20240621_10s_20240621180454_plateC_G05_r04c06",1
"cal520_bluebeads_PT_20240621_10s_20240621180454_plateC_G05_r05c05",1
"cal520_bluebeads_PT_20240621_10s_20240621180454_plateC_G05_r06c04",1
"cal520_bluebeads_PT_20240621_10s_20240621180454_plateC_G05_r06c06",1
"cal520_bluebeads_PT_20240621_10s_20240621180454_plateC_G06_r04c04",1
"cal520_bluebeads_PT_20240621_10s_20240621180454_plateC_G06_r04c06",1
"cal520_bluebeads_PT_20240621_10s_20240621180454_plateC_G06_r05c05",1
"cal520_bluebeads_PT_20240621_10s_20240621180454_plateC_G06_r06c04",1
"cal520_bluebeads_PT_20240621_10s_20240621180454_plateC_G06_r06c06",1
"cal520_bluebeads_PT_20240621_10s_20240621180454_plateC_G07_r04c04",1
"cal520_bluebeads_PT_20240621_10s_20240621180454_plateC_G07_r04c06",1
"cal520_bluebeads_PT_20240621_10s_20240621180454_plateC_G07_r05c05",1
"cal520_bluebeads_PT_20240621_10s_20240621180454_plateC_G07_r06c04",1
"cal520_bluebeads_PT_20240621_10s_20240621180454_plateC_G07_r06c06",1
"cal520_bluebeads_PT_20240621_10s_20240621180454_plateC_G08_r04c04",1
"cal520_bluebeads_PT_20240621_10s_20240621180454_plateC_G08_r04c06",1
"cal520_bluebeads_PT_20240621_10s_20240621180454_plateC_G08_r05c05",1
"cal520_bluebeads_PT_20240621_10s_20240621180454_plateC_G08_r06c04",1
"cal520_bluebeads_PT_20240621_10s_20240621180454_plateC_G08_r06c06",1
"cal520_bluebeads_PT_20240621_10s_20240621180454_plateC_G09_r04c04",1
"cal520_bluebeads_PT_20240621_10s_20240621180454_plateC_G09_r04c06",1
"cal520_bluebeads_PT_20240621_10s_20240621180454_plateC_G09_r05c05",1
"cal520_bluebeads_PT_20240621_10s_20240621180454_plateC_G09_r06c04",1
"cal520_bluebeads_PT_20240621_10s_20240621180454_plateC_G09_r06c06",1
"cal520_bluebeads_PT_20240621_10s_20240621180454_plateC_G10_r04c04",1
"cal520_bluebeads_PT_20240621_10s_20240621180454_plateC_G10_r04c06",1
"cal520_bluebeads_PT_20240621_10s_20240621180454_plateC_G10_r05c05",1
"cal520_bluebeads_PT_20240621_10s_20240621180454_plateC_G10_r06c04",1
"cal520_bluebeads_PT_20240621_10s_20240621180454_plateC_G10_r06c06",1
"cal520_bluebeads_PT_20240621_10s_20240621180454_plateC_G11_r04c04",1
"cal520_bluebeads_PT_20240621_10s_20240621180454_plateC_G11_r04c06",1
"cal520_bluebeads_PT_20240621_10s_20240621180454_plateC_G11_r05c05",1
"cal520_bluebeads_PT_20240621_10s_20240621180454_plateC_G11_r06c04",1
"cal520_bluebeads_PT_20240621_10s_20240621180454_plateC_G11_r06c06",1
"cal520_bluebeads_PT_20240621_10s_20240621191658_plateC_row1repeat_B02_r04c04",1
"cal520_bluebeads_PT_20240621_10s_20240621191658_plateC_row1repeat_B02_r04c06",1
"cal520_bluebeads_PT_20240621_10s_20240621191658_plateC_row1repeat_B02_r05c05",1
"cal520_bluebeads_PT_20240621_10s_20240621191658_plateC_row1repeat_B02_r06c04",1
"cal520_bluebeads_PT_20240621_10s_20240621191658_plateC_row1repeat_B02_r06c06",1
"cal520_bluebeads_PT_20240621_10s_20240621191658_plateC_row1repeat_B03_r04c04",1
"cal520_bluebeads_PT_20240621_10s_20240621191658_plateC_row1repeat_B03_r04c06",1
"cal520_bluebeads_PT_20240621_10s_20240621191658_plateC_row1repeat_B03_r05c05",1
"cal520_bluebeads_PT_20240621_10s_20240621191658_plateC_row1repeat_B03_r06c04",1
"cal520_bluebeads_PT_20240621_10s_20240621191658_plateC_row1repeat_B03_r06c06",1
"cal520_bluebeads_PT_20240621_10s_20240621191658_plateC_row1repeat_B04_r04c04",1
"cal520_bluebeads_PT_20240621_10s_20240621191658_plateC_row1repeat_B04_r04c06",1
"cal520_bluebeads_PT_20240621_10s_20240621191658_plateC_row1repeat_B04_r05c05",1
"cal520_bluebeads_PT_20240621_10s_20240621191658_plateC_row1repeat_B04_r06c04",1
"cal520_bluebeads_PT_20240621_10s_20240621191658_plateC_row1repeat_B04_r06c06",1
"cal520_bluebeads_PT_20240621_10s_20240621191658_plateC_row1repeat_B05_r04c04",1
"cal520_bluebeads_PT_20240621_10s_20240621191658_plateC_row1repeat_B05_r04c06",1
"cal520_bluebeads_PT_20240621_10s_20240621191658_plateC_row1repeat_B05_r05c05",1
"cal520_bluebeads_PT_20240621_10s_20240621191658_plateC_row1repeat_B05_r06c04",1
"cal520_bluebeads_PT_20240621_10s_20240621191658_plateC_row1repeat_B05_r06c06",1
"cal520_bluebeads_PT_20240621_10s_20240621191658_plateC_row1repeat_B06_r04c04",1
"cal520_bluebeads_PT_20240621_10s_20240621191658_plateC_row1repeat_B06_r04c06",1
"cal520_bluebeads_PT_20240621_10s_20240621191658_plateC_row1repeat_B06_r05c05",1
"cal520_bluebeads_PT_20240621_10s_20240621191658_plateC_row1repeat_B06_r06c04",1
"cal520_bluebeads_PT_20240621_10s_20240621191658_plateC_row1repeat_B06_r06c06",1
"cal520_bluebeads_PT_20240621_10s_20240621191658_plateC_row1repeat_B08_r04c04",1
"cal520_bluebeads_PT_20240621_10s_20240621191658_plateC_row1repeat_B08_r04c06",1
"cal520_bluebeads_PT_20240621_10s_20240621191658_plateC_row1repeat_B08_r05c05",1
"cal520_bluebeads_PT_20240621_10s_20240621191658_plateC_row1repeat_B08_r06c04",1
"cal520_bluebeads_PT_20240621_10s_20240621191658_plateC_row1repeat_B08_r06c06",1
"cal520_bluebeads_PT_20240621_10s_20240621191658_plateC_row1repeat_B10_r04c04",1
"cal520_bluebeads_PT_20240621_10s_20240621191658_plateC_row1repeat_B10_r04c06",1
"cal520_bluebeads_PT_20240621_10s_20240621191658_plateC_row1repeat_B10_r05c05",1
"cal520_bluebeads_PT_20240621_10s_20240621191658_plateC_row1repeat_B10_r06c04",1
"cal520_bluebeads_PT_20240621_10s_20240621191658_plateC_row1repeat_B10_r06c06",1
"cal520_bluebeads_PT_20240621_10s_20240621191658_plateC_row1repeat_B11_r04c04",1
"cal520_bluebeads_PT_20240621_10s_20240621191658_plateC_row1repeat_B11_r04c06",1
"cal520_bluebeads_PT_20240621_10s_20240621191658_plateC_row1repeat_B11_r05c05",1
"cal520_bluebeads_PT_20240621_10s_20240621191658_plateC_row1repeat_B11_r06c04",1
"cal520_bluebeads_PT_20240621_10s_20240621191658_plateC_row1repeat_B11_r06c06",1
"cal520_bluebeads_PT_20240621_10s_20240621200158_plateD_B02_r04c04",1
"cal520_bluebeads_PT_20240621_10s_20240621200158_plateD_B02_r04c06",1
"cal520_bluebeads_PT_20240621_10s_20240621200158_plateD_B02_r05c05",1
"cal520_bluebeads_PT_20240621_10s_20240621200158_plateD_B02_r06c04",1
"cal520_bluebeads_PT_20240621_10s_20240621200158_plateD_B02_r06c06",1
"cal520_bluebeads_PT_20240621_10s_20240621200158_plateD_B03_r04c04",1
"cal520_bluebeads_PT_20240621_10s_20240621200158_plateD_B03_r04c06",1
"cal520_bluebeads_PT_20240621_10s_20240621200158_plateD_B03_r05c05",1
"cal520_bluebeads_PT_20240621_10s_20240621200158_plateD_B03_r06c04",1
"cal520_bluebeads_PT_20240621_10s_20240621200158_plateD_B03_r06c06",1
"cal520_bluebeads_PT_20240621_10s_20240621200158_plateD_B04_r04c04",1
"cal520_bluebeads_PT_20240621_10s_20240621200158_plateD_B04_r04c06",1
"cal520_bluebeads_PT_20240621_10s_20240621200158_plateD_B04_r05c05",1
"cal520_bluebeads_PT_20240621_10s_20240621200158_plateD_B04_r06c04",1
"cal520_bluebeads_PT_20240621_10s_20240621200158_plateD_B04_r06c06",1
"cal520_bluebeads_PT_20240621_10s_20240621200158_plateD_B05_r04c04",1
"cal520_bluebeads_PT_20240621_10s_20240621200158_plateD_B05_r04c06",1
"cal520_bluebeads_PT_20240621_10s_20240621200158_plateD_B05_r05c05",1
"cal520_bluebeads_PT_20240621_10s_20240621200158_plateD_B05_r06c04",1
"cal520_bluebeads_PT_20240621_10s_20240621200158_plateD_B05_r06c06",1
"cal520_bluebeads_PT_20240621_10s_20240621200158_plateD_B06_r04c04",1
"cal520_bluebeads_PT_20240621_10s_20240621200158_plateD_B06_r04c06",1
"cal520_bluebeads_PT_20240621_10s_20240621200158_plateD_B06_r05c05",1
"cal520_bluebeads_PT_20240621_10s_20240621200158_plateD_B06_r06c04",1
"cal520_bluebeads_PT_20240621_10s_20240621200158_plateD_B06_r06c06",1
"cal520_bluebeads_PT_20240621_10s_20240621200158_plateD_B08_r04c04",1
"cal520_bluebeads_PT_20240621_10s_20240621200158_plateD_B08_r04c06",1
"cal520_bluebeads_PT_20240621_10s_20240621200158_plateD_B08_r05c05",1
"cal520_bluebeads_PT_20240621_10s_20240621200158_plateD_B08_r06c04",1
"cal520_bluebeads_PT_20240621_10s_20240621200158_plateD_B08_r06c06",1
"cal520_bluebeads_PT_20240621_10s_20240621200158_plateD_B10_r04c04",1
"cal520_bluebeads_PT_20240621_10s_20240621200158_plateD_B10_r04c06",1
"cal520_bluebeads_PT_20240621_10s_20240621200158_plateD_B10_r05c05",1
"cal520_bluebeads_PT_20240621_10s_20240621200158_plateD_B10_r06c04",1
"cal520_bluebeads_PT_20240621_10s_20240621200158_plateD_B10_r06c06",1
"cal520_bluebeads_PT_20240621_10s_20240621200158_plateD_B11_r04c04",1
"cal520_bluebeads_PT_20240621_10s_20240621200158_plateD_B11_r04c06",1
"cal520_bluebeads_PT_20240621_10s_20240621200158_plateD_B11_r05c05",1
"cal520_bluebeads_PT_20240621_10s_20240621200158_plateD_B11_r06c04",1
"cal520_bluebeads_PT_20240621_10s_20240621200158_plateD_B11_r06c06",1
"cal520_bluebeads_PT_20240621_10s_20240621200158_plateD_C02_r04c04",1
"cal520_bluebeads_PT_20240621_10s_20240621200158_plateD_C02_r04c06",1
"cal520_bluebeads_PT_20240621_10s_20240621200158_plateD_C02_r05c05",1
"cal520_bluebeads_PT_20240621_10s_20240621200158_plateD_C02_r06c04",1
"cal520_bluebeads_PT_20240621_10s_20240621200158_plateD_C02_r06c06",1
"cal520_bluebeads_PT_20240621_10s_20240621200158_plateD_C03_r04c04",1
"cal520_bluebeads_PT_20240621_10s_20240621200158_plateD_C03_r04c06",1
"cal520_bluebeads_PT_20240621_10s_20240621200158_plateD_C03_r05c05",1
"cal520_bluebeads_PT_20240621_10s_20240621200158_plateD_C03_r06c04",1
"cal520_bluebeads_PT_20240621_10s_20240621200158_plateD_C03_r06c06",1
"cal520_bluebeads_PT_20240621_10s_20240621200158_plateD_C04_r04c04",1
"cal520_bluebeads_PT_20240621_10s_20240621200158_plateD_C04_r04c06",1
"cal520_bluebeads_PT_20240621_10s_20240621200158_plateD_C04_r05c05",1
"cal520_bluebeads_PT_20240621_10s_20240621200158_plateD_C04_r06c04",1
"cal520_bluebeads_PT_20240621_10s_20240621200158_plateD_C04_r06c06",1
"cal520_bluebeads_PT_20240621_10s_20240621200158_plateD_C05_r04c04",1
"cal520_bluebeads_PT_20240621_10s_20240621200158_plateD_C05_r04c06",1
"cal520_bluebeads_PT_20240621_10s_20240621200158_plateD_C05_r05c05",1
"cal520_bluebeads_PT_20240621_10s_20240621200158_plateD_C05_r06c04",1
"cal520_bluebeads_PT_20240621_10s_20240621200158_plateD_C05_r06c06",1
"cal520_bluebeads_PT_20240621_10s_20240621200158_plateD_C06_r04c04",1
"cal520_bluebeads_PT_20240621_10s_20240621200158_plateD_C06_r04c06",1
"cal520_bluebeads_PT_20240621_10s_20240621200158_plateD_C06_r05c05",1
"cal520_bluebeads_PT_20240621_10s_20240621200158_plateD_C06_r06c04",1
"cal520_bluebeads_PT_20240621_10s_20240621200158_plateD_C06_r06c06",1
"cal520_bluebeads_PT_20240621_10s_20240621200158_plateD_C07_r04c04",1
"cal520_bluebeads_PT_20240621_10s_20240621200158_plateD_C07_r04c06",1
"cal520_bluebeads_PT_20240621_10s_20240621200158_plateD_C07_r05c05",1
"cal520_bluebeads_PT_20240621_10s_20240621200158_plateD_C07_r06c04",1
"cal520_bluebeads_PT_20240621_10s_20240621200158_plateD_C07_r06c06",1
"cal520_bluebeads_PT_20240621_10s_20240621200158_plateD_C08_r04c04",1
"cal520_bluebeads_PT_20240621_10s_20240621200158_plateD_C08_r04c06",1
"cal520_bluebeads_PT_20240621_10s_20240621200158_plateD_C08_r05c05",1
"cal520_bluebeads_PT_20240621_10s_20240621200158_plateD_C08_r06c04",1
"cal520_bluebeads_PT_20240621_10s_20240621200158_plateD_C08_r06c06",1
"cal520_bluebeads_PT_20240621_10s_20240621200158_plateD_C09_r04c04",1
"cal520_bluebeads_PT_20240621_10s_20240621200158_plateD_C09_r04c06",1
"cal520_bluebeads_PT_20240621_10s_20240621200158_plateD_C09_r05c05",1
"cal520_bluebeads_PT_20240621_10s_20240621200158_plateD_C09_r06c04",1
"cal520_bluebeads_PT_20240621_10s_20240621200158_plateD_C09_r06c06",1
"cal520_bluebeads_PT_20240621_10s_20240621200158_plateD_C10_r04c04",1
"cal520_bluebeads_PT_20240621_10s_20240621200158_plateD_C10_r04c06",1
"cal520_bluebeads_PT_20240621_10s_20240621200158_plateD_C10_r05c05",1
"cal520_bluebeads_PT_20240621_10s_20240621200158_plateD_C10_r06c04",1
"cal520_bluebeads_PT_20240621_10s_20240621200158_plateD_C10_r06c06",1
"cal520_bluebeads_PT_20240621_10s_20240621200158_plateD_C11_r04c04",1
"cal520_bluebeads_PT_20240621_10s_20240621200158_plateD_C11_r04c06",1
"cal520_bluebeads_PT_20240621_10s_20240621200158_plateD_C11_r05c05",1
"cal520_bluebeads_PT_20240621_10s_20240621200158_plateD_C11_r06c04",1
"cal520_bluebeads_PT_20240621_10s_20240621200158_plateD_C11_r06c06",1
"cal520_bluebeads_PT_20240621_10s_20240621200158_plateD_D02_r04c04",1
"cal520_bluebeads_PT_20240621_10s_20240621200158_plateD_D02_r04c06",1
"cal520_bluebeads_PT_20240621_10s_20240621200158_plateD_D02_r05c05",1
"cal520_bluebeads_PT_20240621_10s_20240621200158_plateD_D02_r06c04",1
"cal520_bluebeads_PT_20240621_10s_20240621200158_plateD_D02_r06c06",1
"cal520_bluebeads_PT_20240621_10s_20240621200158_plateD_D04_r04c04",1
"cal520_bluebeads_PT_20240621_10s_20240621200158_plateD_D04_r04c06",1
"cal520_bluebeads_PT_20240621_10s_20240621200158_plateD_D04_r05c05",1
"cal520_bluebeads_PT_20240621_10s_20240621200158_plateD_D04_r06c04",1
"cal520_bluebeads_PT_20240621_10s_20240621200158_plateD_D04_r06c06",1
"cal520_bluebeads_PT_20240621_10s_20240621200158_plateD_D06_r04c04",1
"cal520_bluebeads_PT_20240621_10s_20240621200158_plateD_D06_r04c06",1
"cal520_bluebeads_PT_20240621_10s_20240621200158_plateD_D06_r05c05",1
"cal520_bluebeads_PT_20240621_10s_20240621200158_plateD_D06_r06c04",1
"cal520_bluebeads_PT_20240621_10s_20240621200158_plateD_D06_r06c06",1
"cal520_bluebeads_PT_20240621_10s_20240621200158_plateD_D07_r04c04",1
"cal520_bluebeads_PT_20240621_10s_20240621200158_plateD_D07_r04c06",1
"cal520_bluebeads_PT_20240621_10s_20240621200158_plateD_D07_r05c05",1
"cal520_bluebeads_PT_20240621_10s_20240621200158_plateD_D07_r06c04",1
"cal520_bluebeads_PT_20240621_10s_20240621200158_plateD_D07_r06c06",1
"cal520_bluebeads_PT_20240621_10s_20240621200158_plateD_D09_r04c04",1
"cal520_bluebeads_PT_20240621_10s_20240621200158_plateD_D09_r04c06",1
"cal520_bluebeads_PT_20240621_10s_20240621200158_plateD_D09_r05c05",1
"cal520_bluebeads_PT_20240621_10s_20240621200158_plateD_D09_r06c04",1
"cal520_bluebeads_PT_20240621_10s_20240621200158_plateD_D09_r06c06",1
"cal520_bluebeads_PT_20240621_10s_20240621200158_plateD_D11_r04c04",1
"cal520_bluebeads_PT_20240621_10s_20240621200158_plateD_D11_r04c06",1
"cal520_bluebeads_PT_20240621_10s_20240621200158_plateD_D11_r05c05",1
"cal520_bluebeads_PT_20240621_10s_20240621200158_plateD_D11_r06c04",1
"cal520_bluebeads_PT_20240621_10s_20240621200158_plateD_D11_r06c06",1
"cal520_bluebeads_PT_20240621_10s_20240621200158_plateD_E02_r04c04",1
"cal520_bluebeads_PT_20240621_10s_20240621200158_plateD_E02_r04c06",1
"cal520_bluebeads_PT_20240621_10s_20240621200158_plateD_E02_r05c05",1
"cal520_bluebeads_PT_20240621_10s_20240621200158_plateD_E02_r06c04",1
"cal520_bluebeads_PT_20240621_10s_20240621200158_plateD_E02_r06c06",1
"cal520_bluebeads_PT_20240621_10s_20240621200158_plateD_E03_r04c04",1
"cal520_bluebeads_PT_20240621_10s_20240621200158_plateD_E03_r04c06",1
"cal520_bluebeads_PT_20240621_10s_20240621200158_plateD_E03_r05c05",1
"cal520_bluebeads_PT_20240621_10s_20240621200158_plateD_E03_r06c04",1
"cal520_bluebeads_PT_20240621_10s_20240621200158_plateD_E03_r06c06",1
"cal520_bluebeads_PT_20240621_10s_20240621200158_plateD_E04_r04c04",1
"cal520_bluebeads_PT_20240621_10s_20240621200158_plateD_E04_r04c06",1
"cal520_bluebeads_PT_20240621_10s_20240621200158_plateD_E04_r05c05",1
"cal520_bluebeads_PT_20240621_10s_20240621200158_plateD_E04_r06c04",1
"cal520_bluebeads_PT_20240621_10s_20240621200158_plateD_E04_r06c06",1
"cal520_bluebeads_PT_20240621_10s_20240621200158_plateD_E05_r04c04",1
"cal520_bluebeads_PT_20240621_10s_20240621200158_plateD_E05_r04c06",1
"cal520_bluebeads_PT_20240621_10s_20240621200158_plateD_E05_r05c05",0
"cal520_bluebeads_PT_20240621_10s_20240621200158_plateD_E05_r06c04",1
"cal520_bluebeads_PT_20240621_10s_20240621200158_plateD_E05_r06c06",1
"cal520_bluebeads_PT_20240621_10s_20240621200158_plateD_E06_r04c04",1
"cal520_bluebeads_PT_20240621_10s_20240621200158_plateD_E06_r04c06",1
"cal520_bluebeads_PT_20240621_10s_20240621200158_plateD_E06_r05c05",1
"cal520_bluebeads_PT_20240621_10s_20240621200158_plateD_E06_r06c04",1
"cal520_bluebeads_PT_20240621_10s_20240621200158_plateD_E06_r06c06",1
"cal520_bluebeads_PT_20240621_10s_20240621200158_plateD_E07_r04c04",1
"cal520_bluebeads_PT_20240621_10s_20240621200158_plateD_E07_r04c06",1
"cal520_bluebeads_PT_20240621_10s_20240621200158_plateD_E07_r05c05",1
"cal520_bluebeads_PT_20240621_10s_20240621200158_plateD_E07_r06c04",1
"cal520_bluebeads_PT_20240621_10s_20240621200158_plateD_E07_r06c06",1
"cal520_bluebeads_PT_20240621_10s_20240621200158_plateD_E08_r04c04",1
"cal520_bluebeads_PT_20240621_10s_20240621200158_plateD_E08_r04c06",1
"cal520_bluebeads_PT_20240621_10s_20240621200158_plateD_E08_r05c05",1
"cal520_bluebeads_PT_20240621_10s_20240621200158_plateD_E08_r06c04",1
"cal520_bluebeads_PT_20240621_10s_20240621200158_plateD_E08_r06c06",1
"cal520_bluebeads_PT_20240621_10s_20240621200158_plateD_E09_r04c04",1
"cal520_bluebeads_PT_20240621_10s_20240621200158_plateD_E09_r04c06",1
"cal520_bluebeads_PT_20240621_10s_20240621200158_plateD_E09_r05c05",1
"cal520_bluebeads_PT_20240621_10s_20240621200158_plateD_E09_r06c04",1
"cal520_bluebeads_PT_20240621_10s_20240621200158_plateD_E09_r06c06",1
"cal520_bluebeads_PT_20240621_10s_20240621200158_plateD_E10_r04c04",1
"cal520_bluebeads_PT_20240621_10s_20240621200158_plateD_E10_r04c06",1
"cal520_bluebeads_PT_20240621_10s_20240621200158_plateD_E10_r05c05",1
"cal520_bluebeads_PT_20240621_10s_20240621200158_plateD_E10_r06c04",1
"cal520_bluebeads_PT_20240621_10s_20240621200158_plateD_E10_r06c06",1
"cal520_bluebeads_PT_20240621_10s_20240621200158_plateD_E11_r04c04",1
"cal520_bluebeads_PT_20240621_10s_20240621200158_plateD_E11_r04c06",1
"cal520_bluebeads_PT_20240621_10s_20240621200158_plateD_E11_r05c05",1
"cal520_bluebeads_PT_20240621_10s_20240621200158_plateD_E11_r06c04",1
"cal520_bluebeads_PT_20240621_10s_20240621200158_plateD_E11_r06c06",1
"cal520_bluebeads_PT_20240621_10s_20240621200158_plateD_F02_r04c04",1
"cal520_bluebeads_PT_20240621_10s_20240621200158_plateD_F02_r04c06",1
"cal520_bluebeads_PT_20240621_10s_20240621200158_plateD_F02_r05c05",1
"cal520_bluebeads_PT_20240621_10s_20240621200158_plateD_F02_r06c04",1
"cal520_bluebeads_PT_20240621_10s_20240621200158_plateD_F02_r06c06",1
"cal520_bluebeads_PT_20240621_10s_20240621200158_plateD_F03_r04c04",1
"cal520_bluebeads_PT_20240621_10s_20240621200158_plateD_F03_r04c06",1
"cal520_bluebeads_PT_20240621_10s_20240621200158_plateD_F03_r05c05",0
"cal520_bluebeads_PT_20240621_10s_20240621200158_plateD_F03_r06c04",0
"cal520_bluebeads_PT_20240621_10s_20240621200158_plateD_F03_r06c06",1
"cal520_bluebeads_PT_20240621_10s_20240621200158_plateD_F04_r04c04",1
"cal520_bluebeads_PT_20240621_10s_20240621200158_plateD_F04_r04c06",1
"cal520_bluebeads_PT_20240621_10s_20240621200158_plateD_F04_r05c05",1
"cal520_bluebeads_PT_20240621_10s_20240621200158_plateD_F04_r06c04",1
"cal520_bluebeads_PT_20240621_10s_20240621200158_plateD_F04_r06c06",1
"cal520_bluebeads_PT_20240621_10s_20240621200158_plateD_F05_r04c04",1
"cal520_bluebeads_PT_20240621_10s_20240621200158_plateD_F05_r04c06",1
"cal520_bluebeads_PT_20240621_10s_20240621200158_plateD_F05_r05c05",1
"cal520_bluebeads_PT_20240621_10s_20240621200158_plateD_F05_r06c04",1
"cal520_bluebeads_PT_20240621_10s_20240621200158_plateD_F05_r06c06",1
"cal520_bluebeads_PT_20240621_10s_20240621200158_plateD_F06_r04c04",1
"cal520_bluebeads_PT_20240621_10s_20240621200158_plateD_F06_r04c06",1
"cal520_bluebeads_PT_20240621_10s_20240621200158_plateD_F06_r05c05",1
"cal520_bluebeads_PT_20240621_10s_20240621200158_plateD_F06_r06c04",1
"cal520_bluebeads_PT_20240621_10s_20240621200158_plateD_F06_r06c06",1
"cal520_bluebeads_PT_20240621_10s_20240621200158_plateD_F07_r04c04",1
"cal520_bluebeads_PT_20240621_10s_20240621200158_plateD_F07_r04c06",1
"cal520_bluebeads_PT_20240621_10s_20240621200158_plateD_F07_r05c05",1
"cal520_bluebeads_PT_20240621_10s_20240621200158_plateD_F07_r06c04",1
"cal520_bluebeads_PT_20240621_10s_20240621200158_plateD_F07_r06c06",1
"cal520_bluebeads_PT_20240621_10s_20240621200158_plateD_F08_r04c04",1
"cal520_bluebeads_PT_20240621_10s_20240621200158_plateD_F08_r04c06",1
"cal520_bluebeads_PT_20240621_10s_20240621200158_plateD_F08_r05c05",1
"cal520_bluebeads_PT_20240621_10s_20240621200158_plateD_F08_r06c04",1
"cal520_bluebeads_PT_20240621_10s_20240621200158_plateD_F08_r06c06",1
"cal520_bluebeads_PT_20240621_10s_20240621200158_plateD_F09_r04c04",1
"cal520_bluebeads_PT_20240621_10s_20240621200158_plateD_F09_r04c06",1
"cal520_bluebeads_PT_20240621_10s_20240621200158_plateD_F09_r05c05",1
"cal520_bluebeads_PT_20240621_10s_20240621200158_plateD_F09_r06c04",1
"cal520_bluebeads_PT_20240621_10s_20240621200158_plateD_F09_r06c06",1
"cal520_bluebeads_PT_20240621_10s_20240621200158_plateD_F11_r04c04",0
"cal520_bluebeads_PT_20240621_10s_20240621200158_plateD_F11_r04c06",0
"cal520_bluebeads_PT_20240621_10s_20240621200158_plateD_F11_r05c05",1
"cal520_bluebeads_PT_20240621_10s_20240621200158_plateD_F11_r06c04",1
"cal520_bluebeads_PT_20240621_10s_20240621200158_plateD_F11_r06c06",0
"cal520_bluebeads_PT_20240621_10s_20240621200158_plateD_G02_r04c04",1
"cal520_bluebeads_PT_20240621_10s_20240621200158_plateD_G02_r04c06",1
"cal520_bluebeads_PT_20240621_10s_20240621200158_plateD_G02_r05c05",1
"cal520_bluebeads_PT_20240621_10s_20240621200158_plateD_G02_r06c04",1
"cal520_bluebeads_PT_20240621_10s_20240621200158_plateD_G02_r06c06",1
"cal520_bluebeads_PT_20240621_10s_20240621200158_plateD_G03_r04c04",1
"cal520_bluebeads_PT_20240621_10s_20240621200158_plateD_G03_r04c06",1
"cal520_bluebeads_PT_20240621_10s_20240621200158_plateD_G03_r05c05",0
"cal520_bluebeads_PT_20240621_10s_20240621200158_plateD_G03_r06c04",1
"cal520_bluebeads_PT_20240621_10s_20240621200158_plateD_G03_r06c06",1
"cal520_bluebeads_PT_20240621_10s_20240621200158_plateD_G04_r04c04",1
"cal520_bluebeads_PT_20240621_10s_20240621200158_plateD_G04_r04c06",1
"cal520_bluebeads_PT_20240621_10s_20240621200158_plateD_G04_r05c05",1
"cal520_bluebeads_PT_20240621_10s_20240621200158_plateD_G04_r06c04",1
"cal520_bluebeads_PT_20240621_10s_20240621200158_plateD_G04_r06c06",1
"cal520_bluebeads_PT_20240621_10s_20240621200158_plateD_G05_r04c04",1
"cal520_bluebeads_PT_20240621_10s_20240621200158_plateD_G05_r04c06",1
"cal520_bluebeads_PT_20240621_10s_20240621200158_plateD_G05_r05c05",1
"cal520_bluebeads_PT_20240621_10s_20240621200158_plateD_G05_r06c04",1
"cal520_bluebeads_PT_20240621_10s_20240621200158_plateD_G05_r06c06",1
"cal520_bluebeads_PT_20240621_10s_20240621200158_plateD_G06_r04c04",1
"cal520_bluebeads_PT_20240621_10s_20240621200158_plateD_G06_r04c06",1
"cal520_bluebeads_PT_20240621_10s_20240621200158_plateD_G06_r05c05",1
"cal520_bluebeads_PT_20240621_10s_20240621200158_plateD_G06_r06c04",1
"cal520_bluebeads_PT_20240621_10s_20240621200158_plateD_G06_r06c06",1
"cal520_bluebeads_PT_20240621_10s_20240621200158_plateD_G07_r04c04",1
"cal520_bluebeads_PT_20240621_10s_20240621200158_plateD_G07_r04c06",1
"cal520_bluebeads_PT_20240621_10s_20240621200158_plateD_G07_r05c05",1
"cal520_bluebeads_PT_20240621_10s_20240621200158_plateD_G07_r06c04",1
"cal520_bluebeads_PT_20240621_10s_20240621200158_plateD_G07_r06c06",1
"cal520_bluebeads_PT_20240621_10s_20240621200158_plateD_G08_r04c04",1
"cal520_bluebeads_PT_20240621_10s_20240621200158_plateD_G08_r04c06",1
"cal520_bluebeads_PT_20240621_10s_20240621200158_plateD_G08_r05c05",1
"cal520_bluebeads_PT_20240621_10s_20240621200158_plateD_G08_r06c04",1
"cal520_bluebeads_PT_20240621_10s_20240621200158_plateD_G08_r06c06",1
"cal520_bluebeads_PT_20240621_10s_20240621200158_plateD_G09_r04c04",1
"cal520_bluebeads_PT_20240621_10s_20240621200158_plateD_G09_r04c06",1
"cal520_bluebeads_PT_20240621_10s_20240621200158_plateD_G09_r05c05",1
"cal520_bluebeads_PT_20240621_10s_20240621200158_plateD_G09_r06c04",1
"cal520_bluebeads_PT_20240621_10s_20240621200158_plateD_G09_r06c06",1
"cal520_bluebeads_PT_20240621_10s_20240621200158_plateD_G10_r04c04",1
"cal520_bluebeads_PT_20240621_10s_20240621200158_plateD_G10_r04c06",1
"cal520_bluebeads_PT_20240621_10s_20240621200158_plateD_G10_r05c05",0
"cal520_bluebeads_PT_20240621_10s_20240621200158_plateD_G10_r06c04",0
"cal520_bluebeads_PT_20240621_10s_20240621200158_plateD_G10_r06c06",0
"cal520_bluebeads_PT_20240621_10s_20240621200158_plateD_G11_r04c04",1
"cal520_bluebeads_PT_20240621_10s_20240621200158_plateD_G11_r04c06",1
"cal520_bluebeads_PT_20240621_10s_20240621200158_plateD_G11_r05c05",1
"cal520_bluebeads_PT_20240621_10s_20240621200158_plateD_G11_r06c04",1
"cal520_bluebeads_PT_20240621_10s_20240621200158_plateD_G11_r06c06",1
"cal520_bluebeads_PT_20240624_10s_20240624121251_plateA_B02_r04c04",1
"cal520_bluebeads_PT_20240624_10s_20240624121251_plateA_B02_r04c06",1
"cal520_bluebeads_PT_20240624_10s_20240624121251_plateA_B02_r05c05",1
"cal520_bluebeads_PT_20240624_10s_20240624121251_plateA_B02_r06c04",1
"cal520_bluebeads_PT_20240624_10s_20240624121251_plateA_B02_r06c06",1
"cal520_bluebeads_PT_20240624_10s_20240624121251_plateA_B03_r04c04",1
"cal520_bluebeads_PT_20240624_10s_20240624121251_plateA_B03_r04c06",1
"cal520_bluebeads_PT_20240624_10s_20240624121251_plateA_B03_r05c05",1
"cal520_bluebeads_PT_20240624_10s_20240624121251_plateA_B03_r06c04",1
"cal520_bluebeads_PT_20240624_10s_20240624121251_plateA_B03_r06c06",1
"cal520_bluebeads_PT_20240624_10s_20240624121251_plateA_B04_r04c04",1
"cal520_bluebeads_PT_20240624_10s_20240624121251_plateA_B04_r04c06",1
"cal520_bluebeads_PT_20240624_10s_20240624121251_plateA_B04_r05c05",1
"cal520_bluebeads_PT_20240624_10s_20240624121251_plateA_B04_r06c04",1
"cal520_bluebeads_PT_20240624_10s_20240624121251_plateA_B04_r06c06",1
"cal520_bluebeads_PT_20240624_10s_20240624121251_plateA_B05_r04c04",1
"cal520_bluebeads_PT_20240624_10s_20240624121251_plateA_B05_r04c06",1
"cal520_bluebeads_PT_20240624_10s_20240624121251_plateA_B05_r05c05",1
"cal520_bluebeads_PT_20240624_10s_20240624121251_plateA_B05_r06c04",1
"cal520_bluebeads_PT_20240624_10s_20240624121251_plateA_B05_r06c06",1
"cal520_bluebeads_PT_20240624_10s_20240624121251_plateA_B06_r04c04",1
"cal520_bluebeads_PT_20240624_10s_20240624121251_plateA_B06_r04c06",1
"cal520_bluebeads_PT_20240624_10s_20240624121251_plateA_B06_r05c05",1
"cal520_bluebeads_PT_20240624_10s_20240624121251_plateA_B06_r06c04",1
"cal520_bluebeads_PT_20240624_10s_20240624121251_plateA_B06_r06c06",1
"cal520_bluebeads_PT_20240624_10s_20240624121251_plateA_B07_r04c04",1
"cal520_bluebeads_PT_20240624_10s_20240624121251_plateA_B07_r04c06",1
"cal520_bluebeads_PT_20240624_10s_20240624121251_plateA_B07_r05c05",1
"cal520_bluebeads_PT_20240624_10s_20240624121251_plateA_B07_r06c04",1
"cal520_bluebeads_PT_20240624_10s_20240624121251_plateA_B07_r06c06",1
"cal520_bluebeads_PT_20240624_10s_20240624121251_plateA_B08_r04c04",1
"cal520_bluebeads_PT_20240624_10s_20240624121251_plateA_B08_r04c06",1
"cal520_bluebeads_PT_20240624_10s_20240624121251_plateA_B08_r05c05",1
"cal520_bluebeads_PT_20240624_10s_20240624121251_plateA_B08_r06c04",1
"cal520_bluebeads_PT_20240624_10s_20240624121251_plateA_B08_r06c06",1
"cal520_bluebeads_PT_20240624_10s_20240624121251_plateA_B09_r04c04",1
"cal520_bluebeads_PT_20240624_10s_20240624121251_plateA_B09_r04c06",1
"cal520_bluebeads_PT_20240624_10s_20240624121251_plateA_B09_r05c05",1
"cal520_bluebeads_PT_20240624_10s_20240624121251_plateA_B09_r06c04",1
"cal520_bluebeads_PT_20240624_10s_20240624121251_plateA_B09_r06c06",1
"cal520_bluebeads_PT_20240624_10s_20240624121251_plateA_B10_r04c04",1
"cal520_bluebeads_PT_20240624_10s_20240624121251_plateA_B10_r04c06",1
"cal520_bluebeads_PT_20240624_10s_20240624121251_plateA_B10_r05c05",1
"cal520_bluebeads_PT_20240624_10s_20240624121251_plateA_B10_r06c04",1
"cal520_bluebeads_PT_20240624_10s_20240624121251_plateA_B10_r06c06",1
"cal520_bluebeads_PT_20240624_10s_20240624121251_plateA_B11_r04c04",1
"cal520_bluebeads_PT_20240624_10s_20240624121251_plateA_B11_r04c06",1
"cal520_bluebeads_PT_20240624_10s_20240624121251_plateA_B11_r05c05",1
"cal520_bluebeads_PT_20240624_10s_20240624121251_plateA_B11_r06c04",1
"cal520_bluebeads_PT_20240624_10s_20240624121251_plateA_B11_r06c06",1
"cal520_bluebeads_PT_20240624_10s_20240624121251_plateA_C02_r04c04",1
"cal520_bluebeads_PT_20240624_10s_20240624121251_plateA_C02_r04c06",1
"cal520_bluebeads_PT_20240624_10s_20240624121251_plateA_C02_r05c05",1
"cal520_bluebeads_PT_20240624_10s_20240624121251_plateA_C02_r06c04",1
"cal520_bluebeads_PT_20240624_10s_20240624121251_plateA_C02_r06c06",1
"cal520_bluebeads_PT_20240624_10s_20240624121251_plateA_C03_r04c04",1
"cal520_bluebeads_PT_20240624_10s_20240624121251_plateA_C03_r04c06",1
"cal520_bluebeads_PT_20240624_10s_20240624121251_plateA_C03_r05c05",1
"cal520_bluebeads_PT_20240624_10s_20240624121251_plateA_C03_r06c04",1
"cal520_bluebeads_PT_20240624_10s_20240624121251_plateA_C03_r06c06",1
"cal520_bluebeads_PT_20240624_10s_20240624121251_plateA_C04_r04c04",1
"cal520_bluebeads_PT_20240624_10s_20240624121251_plateA_C04_r04c06",1
"cal520_bluebeads_PT_20240624_10s_20240624121251_plateA_C04_r05c05",1
"cal520_bluebeads_PT_20240624_10s_20240624121251_plateA_C04_r06c04",1
"cal520_bluebeads_PT_20240624_10s_20240624121251_plateA_C04_r06c06",1
"cal520_bluebeads_PT_20240624_10s_20240624121251_plateA_C06_r04c04",1
"cal520_bluebeads_PT_20240624_10s_20240624121251_plateA_C06_r04c06",1
"cal520_bluebeads_PT_20240624_10s_20240624121251_plateA_C06_r05c05",1
"cal520_bluebeads_PT_20240624_10s_20240624121251_plateA_C06_r06c04",1
"cal520_bluebeads_PT_20240624_10s_20240624121251_plateA_C06_r06c06",1
"cal520_bluebeads_PT_20240624_10s_20240624121251_plateA_C07_r04c04",1
"cal520_bluebeads_PT_20240624_10s_20240624121251_plateA_C07_r04c06",1
"cal520_bluebeads_PT_20240624_10s_20240624121251_plateA_C07_r05c05",1
"cal520_bluebeads_PT_20240624_10s_20240624121251_plateA_C07_r06c04",1
"cal520_bluebeads_PT_20240624_10s_20240624121251_plateA_C07_r06c06",1
"cal520_bluebeads_PT_20240624_10s_20240624121251_plateA_C08_r04c04",1
"cal520_bluebeads_PT_20240624_10s_20240624121251_plateA_C08_r04c06",1
"cal520_bluebeads_PT_20240624_10s_20240624121251_plateA_C08_r05c05",1
"cal520_bluebeads_PT_20240624_10s_20240624121251_plateA_C08_r06c04",1
"cal520_bluebeads_PT_20240624_10s_20240624121251_plateA_C08_r06c06",1
"cal520_bluebeads_PT_20240624_10s_20240624121251_plateA_C09_r04c04",1
"cal520_bluebeads_PT_20240624_10s_20240624121251_plateA_C09_r04c06",1
"cal520_bluebeads_PT_20240624_10s_20240624121251_plateA_C09_r05c05",1
"cal520_bluebeads_PT_20240624_10s_20240624121251_plateA_C09_r06c04",1
"cal520_bluebeads_PT_20240624_10s_20240624121251_plateA_C09_r06c06",1
"cal520_bluebeads_PT_20240624_10s_20240624121251_plateA_C11_r04c04",1
"cal520_bluebeads_PT_20240624_10s_20240624121251_plateA_C11_r04c06",1
"cal520_bluebeads_PT_20240624_10s_20240624121251_plateA_C11_r05c05",1
"cal520_bluebeads_PT_20240624_10s_20240624121251_plateA_C11_r06c04",1
"cal520_bluebeads_PT_20240624_10s_20240624121251_plateA_C11_r06c06",1
"cal520_bluebeads_PT_20240624_10s_20240624121251_plateA_D02_r04c04",1
"cal520_bluebeads_PT_20240624_10s_20240624121251_plateA_D02_r04c06",1
"cal520_bluebeads_PT_20240624_10s_20240624121251_plateA_D02_r05c05",1
"cal520_bluebeads_PT_20240624_10s_20240624121251_plateA_D02_r06c04",1
"cal520_bluebeads_PT_20240624_10s_20240624121251_plateA_D02_r06c06",1
"cal520_bluebeads_PT_20240624_10s_20240624121251_plateA_D04_r04c04",1
"cal520_bluebeads_PT_20240624_10s_20240624121251_plateA_D04_r04c06",1
"cal520_bluebeads_PT_20240624_10s_20240624121251_plateA_D04_r05c05",1
"cal520_bluebeads_PT_20240624_10s_20240624121251_plateA_D04_r06c04",1
"cal520_bluebeads_PT_20240624_10s_20240624121251_plateA_D04_r06c06",1
"cal520_bluebeads_PT_20240624_10s_20240624121251_plateA_D06_r04c04",1
"cal520_bluebeads_PT_20240624_10s_20240624121251_plateA_D06_r04c06",1
"cal520_bluebeads_PT_20240624_10s_20240624121251_plateA_D06_r05c05",1
"cal520_bluebeads_PT_20240624_10s_20240624121251_plateA_D06_r06c04",1
"cal520_bluebeads_PT_20240624_10s_20240624121251_plateA_D06_r06c06",1
"cal520_bluebeads_PT_20240624_10s_20240624121251_plateA_D07_r04c04",1
"cal520_bluebeads_PT_20240624_10s_20240624121251_plateA_D07_r04c06",1
"cal520_bluebeads_PT_20240624_10s_20240624121251_plateA_D07_r05c05",1
"cal520_bluebeads_PT_20240624_10s_20240624121251_plateA_D07_r06c04",1
"cal520_bluebeads_PT_20240624_10s_20240624121251_plateA_D07_r06c06",1
"cal520_bluebeads_PT_20240624_10s_20240624121251_plateA_D08_r04c04",1
"cal520_bluebeads_PT_20240624_10s_20240624121251_plateA_D08_r04c06",1
"cal520_bluebeads_PT_20240624_10s_20240624121251_plateA_D08_r05c05",1
"cal520_bluebeads_PT_20240624_10s_20240624121251_plateA_D08_r06c04",1
"cal520_bluebeads_PT_20240624_10s_20240624121251_plateA_D08_r06c06",1
"cal520_bluebeads_PT_20240624_10s_20240624121251_plateA_D09_r04c04",1
"cal520_bluebeads_PT_20240624_10s_20240624121251_plateA_D09_r04c06",1
"cal520_bluebeads_PT_20240624_10s_20240624121251_plateA_D09_r05c05",1
"cal520_bluebeads_PT_20240624_10s_20240624121251_plateA_D09_r06c04",1
"cal520_bluebeads_PT_20240624_10s_20240624121251_plateA_D09_r06c06",1
"cal520_bluebeads_PT_20240624_10s_20240624121251_plateA_D10_r04c04",1
"cal520_bluebeads_PT_20240624_10s_20240624121251_plateA_D10_r04c06",1
"cal520_bluebeads_PT_20240624_10s_20240624121251_plateA_D10_r05c05",1
"cal520_bluebeads_PT_20240624_10s_20240624121251_plateA_D10_r06c04",1
"cal520_bluebeads_PT_20240624_10s_20240624121251_plateA_D10_r06c06",1
"cal520_bluebeads_PT_20240624_10s_20240624121251_plateA_D11_r04c04",1
"cal520_bluebeads_PT_20240624_10s_20240624121251_plateA_D11_r04c06",1
"cal520_bluebeads_PT_20240624_10s_20240624121251_plateA_D11_r05c05",1
"cal520_bluebeads_PT_20240624_10s_20240624121251_plateA_D11_r06c04",1
"cal520_bluebeads_PT_20240624_10s_20240624121251_plateA_D11_r06c06",1
"cal520_bluebeads_PT_20240624_10s_20240624121251_plateA_E03_r04c04",1
"cal520_bluebeads_PT_20240624_10s_20240624121251_plateA_E03_r04c06",1
"cal520_bluebeads_PT_20240624_10s_20240624121251_plateA_E03_r05c05",1
"cal520_bluebeads_PT_20240624_10s_20240624121251_plateA_E03_r06c04",1
"cal520_bluebeads_PT_20240624_10s_20240624121251_plateA_E03_r06c06",1
"cal520_bluebeads_PT_20240624_10s_20240624121251_plateA_E04_r04c04",1
"cal520_bluebeads_PT_20240624_10s_20240624121251_plateA_E04_r04c06",1
"cal520_bluebeads_PT_20240624_10s_20240624121251_plateA_E04_r05c05",1
"cal520_bluebeads_PT_20240624_10s_20240624121251_plateA_E04_r06c04",1
"cal520_bluebeads_PT_20240624_10s_20240624121251_plateA_E04_r06c06",1
"cal520_bluebeads_PT_20240624_10s_20240624121251_plateA_E05_r04c04",1
"cal520_bluebeads_PT_20240624_10s_20240624121251_plateA_E05_r04c06",1
"cal520_bluebeads_PT_20240624_10s_20240624121251_plateA_E05_r05c05",1
"cal520_bluebeads_PT_20240624_10s_20240624121251_plateA_E05_r06c04",1
"cal520_bluebeads_PT_20240624_10s_20240624121251_plateA_E05_r06c06",1
"cal520_bluebeads_PT_20240624_10s_20240624121251_plateA_E06_r04c04",1
"cal520_bluebeads_PT_20240624_10s_20240624121251_plateA_E06_r04c06",1
"cal520_bluebeads_PT_20240624_10s_20240624121251_plateA_E06_r05c05",1
"cal520_bluebeads_PT_20240624_10s_20240624121251_plateA_E06_r06c04",1
"cal520_bluebeads_PT_20240624_10s_20240624121251_plateA_E06_r06c06",1
"cal520_bluebeads_PT_20240624_10s_20240624121251_plateA_E07_r04c04",1
"cal520_bluebeads_PT_20240624_10s_20240624121251_plateA_E07_r04c06",1
"cal520_bluebeads_PT_20240624_10s_20240624121251_plateA_E07_r05c05",1
"cal520_bluebeads_PT_20240624_10s_20240624121251_plateA_E07_r06c04",1
"cal520_bluebeads_PT_20240624_10s_20240624121251_plateA_E07_r06c06",1
"cal520_bluebeads_PT_20240624_10s_20240624121251_plateA_E08_r04c04",1
"cal520_bluebeads_PT_20240624_10s_20240624121251_plateA_E08_r04c06",1
"cal520_bluebeads_PT_20240624_10s_20240624121251_plateA_E08_r05c05",1
"cal520_bluebeads_PT_20240624_10s_20240624121251_plateA_E08_r06c04",1
"cal520_bluebeads_PT_20240624_10s_20240624121251_plateA_E08_r06c06",1
"cal520_bluebeads_PT_20240624_10s_20240624121251_plateA_E10_r04c04",1
"cal520_bluebeads_PT_20240624_10s_20240624121251_plateA_E10_r04c06",1
"cal520_bluebeads_PT_20240624_10s_20240624121251_plateA_E10_r05c05",1
"cal520_bluebeads_PT_20240624_10s_20240624121251_plateA_E10_r06c04",1
"cal520_bluebeads_PT_20240624_10s_20240624121251_plateA_E10_r06c06",1
"cal520_bluebeads_PT_20240624_10s_20240624121251_plateA_E11_r04c04",1
"cal520_bluebeads_PT_20240624_10s_20240624121251_plateA_E11_r04c06",1
"cal520_bluebeads_PT_20240624_10s_20240624121251_plateA_E11_r05c05",1
"cal520_bluebeads_PT_20240624_10s_20240624121251_plateA_E11_r06c04",1
"cal520_bluebeads_PT_20240624_10s_20240624121251_plateA_E11_r06c06",1
"cal520_bluebeads_PT_20240624_10s_20240624121251_plateA_F02_r04c04",1
"cal520_bluebeads_PT_20240624_10s_20240624121251_plateA_F02_r04c06",1
"cal520_bluebeads_PT_20240624_10s_20240624121251_plateA_F02_r05c05",1
"cal520_bluebeads_PT_20240624_10s_20240624121251_plateA_F02_r06c04",1
"cal520_bluebeads_PT_20240624_10s_20240624121251_plateA_F02_r06c06",1
"cal520_bluebeads_PT_20240624_10s_20240624121251_plateA_F03_r04c04",1
"cal520_bluebeads_PT_20240624_10s_20240624121251_plateA_F03_r04c06",1
"cal520_bluebeads_PT_20240624_10s_20240624121251_plateA_F03_r05c05",1
"cal520_bluebeads_PT_20240624_10s_20240624121251_plateA_F03_r06c04",1
"cal520_bluebeads_PT_20240624_10s_20240624121251_plateA_F03_r06c06",1
"cal520_bluebeads_PT_20240624_10s_20240624121251_plateA_F04_r04c04",1
"cal520_bluebeads_PT_20240624_10s_20240624121251_plateA_F04_r04c06",1
"cal520_bluebeads_PT_20240624_10s_20240624121251_plateA_F04_r05c05",1
"cal520_bluebeads_PT_20240624_10s_20240624121251_plateA_F04_r06c04",1
"cal520_bluebeads_PT_20240624_10s_20240624121251_plateA_F04_r06c06",1
"cal520_bluebeads_PT_20240624_10s_20240624121251_plateA_F06_r04c04",1
"cal520_bluebeads_PT_20240624_10s_20240624121251_plateA_F06_r04c06",1
"cal520_bluebeads_PT_20240624_10s_20240624121251_plateA_F06_r05c05",1
"cal520_bluebeads_PT_20240624_10s_20240624121251_plateA_F06_r06c04",1
"cal520_bluebeads_PT_20240624_10s_20240624121251_plateA_F06_r06c06",1
"cal520_bluebeads_PT_20240624_10s_20240624121251_plateA_F07_r04c04",1
"cal520_bluebeads_PT_20240624_10s_20240624121251_plateA_F07_r04c06",1
"cal520_bluebeads_PT_20240624_10s_20240624121251_plateA_F07_r05c05",1
"cal520_bluebeads_PT_20240624_10s_20240624121251_plateA_F07_r06c04",1
"cal520_bluebeads_PT_20240624_10s_20240624121251_plateA_F07_r06c06",1
"cal520_bluebeads_PT_20240624_10s_20240624121251_plateA_F08_r04c04",1
"cal520_bluebeads_PT_20240624_10s_20240624121251_plateA_F08_r04c06",1
"cal520_bluebeads_PT_20240624_10s_20240624121251_plateA_F08_r05c05",1
"cal520_bluebeads_PT_20240624_10s_20240624121251_plateA_F08_r06c04",1
"cal520_bluebeads_PT_20240624_10s_20240624121251_plateA_F08_r06c06",1
"cal520_bluebeads_PT_20240624_10s_20240624121251_plateA_F09_r04c04",1
"cal520_bluebeads_PT_20240624_10s_20240624121251_plateA_F09_r04c06",1
"cal520_bluebeads_PT_20240624_10s_20240624121251_plateA_F09_r05c05",1
"cal520_bluebeads_PT_20240624_10s_20240624121251_plateA_F09_r06c04",1
"cal520_bluebeads_PT_20240624_10s_20240624121251_plateA_F09_r06c06",1
"cal520_bluebeads_PT_20240624_10s_20240624121251_plateA_F10_r04c04",1
"cal520_bluebeads_PT_20240624_10s_20240624121251_plateA_F10_r04c06",1
"cal520_bluebeads_PT_20240624_10s_20240624121251_plateA_F10_r05c05",1
"cal520_bluebeads_PT_20240624_10s_20240624121251_plateA_F10_r06c04",1
"cal520_bluebeads_PT_20240624_10s_20240624121251_plateA_F10_r06c06",1
"cal520_bluebeads_PT_20240624_10s_20240624121251_plateA_F11_r04c04",1
"cal520_bluebeads_PT_20240624_10s_20240624121251_plateA_F11_r04c06",1
"cal520_bluebeads_PT_20240624_10s_20240624121251_plateA_F11_r05c05",1
"cal520_bluebeads_PT_20240624_10s_20240624121251_plateA_F11_r06c04",1
"cal520_bluebeads_PT_20240624_10s_20240624121251_plateA_F11_r06c06",1
"cal520_bluebeads_PT_20240624_10s_20240624121251_plateA_G02_r04c04",1
"cal520_bluebeads_PT_20240624_10s_20240624121251_plateA_G02_r04c06",1
"cal520_bluebeads_PT_20240624_10s_20240624121251_plateA_G02_r05c05",1
"cal520_bluebeads_PT_20240624_10s_20240624121251_plateA_G02_r06c04",1
"cal520_bluebeads_PT_20240624_10s_20240624121251_plateA_G02_r06c06",1
"cal520_bluebeads_PT_20240624_10s_20240624121251_plateA_G03_r04c04",1
"cal520_bluebeads_PT_20240624_10s_20240624121251_plateA_G03_r04c06",1
"cal520_bluebeads_PT_20240624_10s_20240624121251_plateA_G03_r05c05",1
"cal520_bluebeads_PT_20240624_10s_20240624121251_plateA_G03_r06c04",1
"cal520_bluebeads_PT_20240624_10s_20240624121251_plateA_G03_r06c06",1
"cal520_bluebeads_PT_20240624_10s_20240624121251_plateA_G04_r04c04",1
"cal520_bluebeads_PT_20240624_10s_20240624121251_plateA_G04_r04c06",1
"cal520_bluebeads_PT_20240624_10s_20240624121251_plateA_G04_r05c05",1
"cal520_bluebeads_PT_20240624_10s_20240624121251_plateA_G04_r06c04",1
"cal520_bluebeads_PT_20240624_10s_20240624121251_plateA_G04_r06c06",1
"cal520_bluebeads_PT_20240624_10s_20240624121251_plateA_G05_r04c04",1
"cal520_bluebeads_PT_20240624_10s_20240624121251_plateA_G05_r04c06",1
"cal520_bluebeads_PT_20240624_10s_20240624121251_plateA_G05_r05c05",1
"cal520_bluebeads_PT_20240624_10s_20240624121251_plateA_G05_r06c04",1
"cal520_bluebeads_PT_20240624_10s_20240624121251_plateA_G05_r06c06",1
"cal520_bluebeads_PT_20240624_10s_20240624121251_plateA_G06_r04c04",1
"cal520_bluebeads_PT_20240624_10s_20240624121251_plateA_G06_r04c06",1
"cal520_bluebeads_PT_20240624_10s_20240624121251_plateA_G06_r05c05",1
"cal520_bluebeads_PT_20240624_10s_20240624121251_plateA_G06_r06c04",1
"cal520_bluebeads_PT_20240624_10s_20240624121251_plateA_G06_r06c06",1
"cal520_bluebeads_PT_20240624_10s_20240624121251_plateA_G07_r04c04",1
"cal520_bluebeads_PT_20240624_10s_20240624121251_plateA_G07_r04c06",1
"cal520_bluebeads_PT_20240624_10s_20240624121251_plateA_G07_r05c05",1
"cal520_bluebeads_PT_20240624_10s_20240624121251_plateA_G07_r06c04",1
"cal520_bluebeads_PT_20240624_10s_20240624121251_plateA_G07_r06c06",1
"cal520_bluebeads_PT_20240624_10s_20240624121251_plateA_G08_r04c04",1
"cal520_bluebeads_PT_20240624_10s_20240624121251_plateA_G08_r04c06",1
"cal520_bluebeads_PT_20240624_10s_20240624121251_plateA_G08_r05c05",1
"cal520_bluebeads_PT_20240624_10s_20240624121251_plateA_G08_r06c04",1
"cal520_bluebeads_PT_20240624_10s_20240624121251_plateA_G08_r06c06",1
"cal520_bluebeads_PT_20240624_10s_20240624121251_plateA_G09_r04c04",1
"cal520_bluebeads_PT_20240624_10s_20240624121251_plateA_G09_r04c06",1
"cal520_bluebeads_PT_20240624_10s_20240624121251_plateA_G09_r05c05",1
"cal520_bluebeads_PT_20240624_10s_20240624121251_plateA_G09_r06c04",1
"cal520_bluebeads_PT_20240624_10s_20240624121251_plateA_G09_r06c06",1
"cal520_bluebeads_PT_20240624_10s_20240624121251_plateA_G10_r04c04",1
"cal520_bluebeads_PT_20240624_10s_20240624121251_plateA_G10_r04c06",1
"cal520_bluebeads_PT_20240624_10s_20240624121251_plateA_G10_r05c05",1
"cal520_bluebeads_PT_20240624_10s_20240624121251_plateA_G10_r06c04",1
"cal520_bluebeads_PT_20240624_10s_20240624121251_plateA_G10_r06c06",1
"cal520_bluebeads_PT_20240624_10s_20240624121251_plateA_G11_r04c04",1
"cal520_bluebeads_PT_20240624_10s_20240624121251_plateA_G11_r04c06",1
"cal520_bluebeads_PT_20240624_10s_20240624121251_plateA_G11_r05c05",1
"cal520_bluebeads_PT_20240624_10s_20240624121251_plateA_G11_r06c04",1
"cal520_bluebeads_PT_20240624_10s_20240624121251_plateA_G11_r06c06",1
"cal520_bluebeads_PT_20240624_10s_20240624151518_plateB_B02_r04c04",1
"cal520_bluebeads_PT_20240624_10s_20240624151518_plateB_B02_r04c06",1
"cal520_bluebeads_PT_20240624_10s_20240624151518_plateB_B02_r05c05",1
"cal520_bluebeads_PT_20240624_10s_20240624151518_plateB_B02_r06c04",1
"cal520_bluebeads_PT_20240624_10s_20240624151518_plateB_B02_r06c06",1
"cal520_bluebeads_PT_20240624_10s_20240624151518_plateB_B03_r04c04",1
"cal520_bluebeads_PT_20240624_10s_20240624151518_plateB_B03_r04c06",1
"cal520_bluebeads_PT_20240624_10s_20240624151518_plateB_B03_r05c05",1
"cal520_bluebeads_PT_20240624_10s_20240624151518_plateB_B03_r06c04",1
"cal520_bluebeads_PT_20240624_10s_20240624151518_plateB_B03_r06c06",1
"cal520_bluebeads_PT_20240624_10s_20240624151518_plateB_B04_r04c04",1
"cal520_bluebeads_PT_20240624_10s_20240624151518_plateB_B04_r04c06",1
"cal520_bluebeads_PT_20240624_10s_20240624151518_plateB_B04_r05c05",1
"cal520_bluebeads_PT_20240624_10s_20240624151518_plateB_B04_r06c04",1
"cal520_bluebeads_PT_20240624_10s_20240624151518_plateB_B04_r06c06",1
"cal520_bluebeads_PT_20240624_10s_20240624151518_plateB_B05_r04c04",1
"cal520_bluebeads_PT_20240624_10s_20240624151518_plateB_B05_r04c06",1
"cal520_bluebeads_PT_20240624_10s_20240624151518_plateB_B05_r05c05",1
"cal520_bluebeads_PT_20240624_10s_20240624151518_plateB_B05_r06c04",1
"cal520_bluebeads_PT_20240624_10s_20240624151518_plateB_B05_r06c06",1
"cal520_bluebeads_PT_20240624_10s_20240624151518_plateB_B06_r04c04",1
"cal520_bluebeads_PT_20240624_10s_20240624151518_plateB_B06_r04c06",1
"cal520_bluebeads_PT_20240624_10s_20240624151518_plateB_B06_r05c05",1
"cal520_bluebeads_PT_20240624_10s_20240624151518_plateB_B06_r06c04",1
"cal520_bluebeads_PT_20240624_10s_20240624151518_plateB_B06_r06c06",1
"cal520_bluebeads_PT_20240624_10s_20240624151518_plateB_B07_r04c04",1
"cal520_bluebeads_PT_20240624_10s_20240624151518_plateB_B07_r04c06",1
"cal520_bluebeads_PT_20240624_10s_20240624151518_plateB_B07_r05c05",1
"cal520_bluebeads_PT_20240624_10s_20240624151518_plateB_B07_r06c04",1
"cal520_bluebeads_PT_20240624_10s_20240624151518_plateB_B07_r06c06",1
"cal520_bluebeads_PT_20240624_10s_20240624151518_plateB_B08_r04c04",1
"cal520_bluebeads_PT_20240624_10s_20240624151518_plateB_B08_r04c06",1
"cal520_bluebeads_PT_20240624_10s_20240624151518_plateB_B08_r05c05",1
"cal520_bluebeads_PT_20240624_10s_20240624151518_plateB_B08_r06c04",1
"cal520_bluebeads_PT_20240624_10s_20240624151518_plateB_B08_r06c06",1
"cal520_bluebeads_PT_20240624_10s_20240624151518_plateB_B09_r04c04",1
"cal520_bluebeads_PT_20240624_10s_20240624151518_plateB_B09_r04c06",1
"cal520_bluebeads_PT_20240624_10s_20240624151518_plateB_B09_r05c05",1
"cal520_bluebeads_PT_20240624_10s_20240624151518_plateB_B09_r06c04",1
"cal520_bluebeads_PT_20240624_10s_20240624151518_plateB_B09_r06c06",1
"cal520_bluebeads_PT_20240624_10s_20240624151518_plateB_B10_r04c04",1
"cal520_bluebeads_PT_20240624_10s_20240624151518_plateB_B10_r04c06",1
"cal520_bluebeads_PT_20240624_10s_20240624151518_plateB_B10_r05c05",1
"cal520_bluebeads_PT_20240624_10s_20240624151518_plateB_B10_r06c04",1
"cal520_bluebeads_PT_20240624_10s_20240624151518_plateB_B10_r06c06",1
"cal520_bluebeads_PT_20240624_10s_20240624151518_plateB_B11_r04c04",1
"cal520_bluebeads_PT_20240624_10s_20240624151518_plateB_B11_r04c06",1
"cal520_bluebeads_PT_20240624_10s_20240624151518_plateB_B11_r05c05",1
"cal520_bluebeads_PT_20240624_10s_20240624151518_plateB_B11_r06c04",1
"cal520_bluebeads_PT_20240624_10s_20240624151518_plateB_B11_r06c06",1
"cal520_bluebeads_PT_20240624_10s_20240624151518_plateB_C02_r04c04",1
"cal520_bluebeads_PT_20240624_10s_20240624151518_plateB_C02_r04c06",1
"cal520_bluebeads_PT_20240624_10s_20240624151518_plateB_C02_r05c05",1
"cal520_bluebeads_PT_20240624_10s_20240624151518_plateB_C02_r06c04",1
"cal520_bluebeads_PT_20240624_10s_20240624151518_plateB_C02_r06c06",1
"cal520_bluebeads_PT_20240624_10s_20240624151518_plateB_C03_r04c04",1
"cal520_bluebeads_PT_20240624_10s_20240624151518_plateB_C03_r04c06",1
"cal520_bluebeads_PT_20240624_10s_20240624151518_plateB_C03_r05c05",1
"cal520_bluebeads_PT_20240624_10s_20240624151518_plateB_C03_r06c04",1
"cal520_bluebeads_PT_20240624_10s_20240624151518_plateB_C03_r06c06",1
"cal520_bluebeads_PT_20240624_10s_20240624151518_plateB_C04_r04c04",1
"cal520_bluebeads_PT_20240624_10s_20240624151518_plateB_C04_r04c06",1
"cal520_bluebeads_PT_20240624_10s_20240624151518_plateB_C04_r05c05",1
"cal520_bluebeads_PT_20240624_10s_20240624151518_plateB_C04_r06c04",1
"cal520_bluebeads_PT_20240624_10s_20240624151518_plateB_C04_r06c06",1
"cal520_bluebeads_PT_20240624_10s_20240624151518_plateB_C06_r04c04",1
"cal520_bluebeads_PT_20240624_10s_20240624151518_plateB_C06_r04c06",1
"cal520_bluebeads_PT_20240624_10s_20240624151518_plateB_C06_r05c05",1
"cal520_bluebeads_PT_20240624_10s_20240624151518_plateB_C06_r06c04",1
"cal520_bluebeads_PT_20240624_10s_20240624151518_plateB_C06_r06c06",1
"cal520_bluebeads_PT_20240624_10s_20240624151518_plateB_C07_r04c04",1
"cal520_bluebeads_PT_20240624_10s_20240624151518_plateB_C07_r04c06",1
"cal520_bluebeads_PT_20240624_10s_20240624151518_plateB_C07_r05c05",1
"cal520_bluebeads_PT_20240624_10s_20240624151518_plateB_C07_r06c04",1
"cal520_bluebeads_PT_20240624_10s_20240624151518_plateB_C07_r06c06",1
"cal520_bluebeads_PT_20240624_10s_20240624151518_plateB_C08_r04c04",1
"cal520_bluebeads_PT_20240624_10s_20240624151518_plateB_C08_r04c06",1
"cal520_bluebeads_PT_20240624_10s_20240624151518_plateB_C08_r05c05",1
"cal520_bluebeads_PT_20240624_10s_20240624151518_plateB_C08_r06c04",1
"cal520_bluebeads_PT_20240624_10s_20240624151518_plateB_C08_r06c06",1
"cal520_bluebeads_PT_20240624_10s_20240624151518_plateB_C09_r04c04",1
"cal520_bluebeads_PT_20240624_10s_20240624151518_plateB_C09_r04c06",1
"cal520_bluebeads_PT_20240624_10s_20240624151518_plateB_C09_r05c05",1
"cal520_bluebeads_PT_20240624_10s_20240624151518_plateB_C09_r06c04",1
"cal520_bluebeads_PT_20240624_10s_20240624151518_plateB_C09_r06c06",1
"cal520_bluebeads_PT_20240624_10s_20240624151518_plateB_C11_r04c04",1
"cal520_bluebeads_PT_20240624_10s_20240624151518_plateB_C11_r04c06",1
"cal520_bluebeads_PT_20240624_10s_20240624151518_plateB_C11_r05c05",1
"cal520_bluebeads_PT_20240624_10s_20240624151518_plateB_C11_r06c04",1
"cal520_bluebeads_PT_20240624_10s_20240624151518_plateB_C11_r06c06",1
"cal520_bluebeads_PT_20240624_10s_20240624151518_plateB_D02_r04c04",1
"cal520_bluebeads_PT_20240624_10s_20240624151518_plateB_D02_r04c06",1
"cal520_bluebeads_PT_20240624_10s_20240624151518_plateB_D02_r05c05",1
"cal520_bluebeads_PT_20240624_10s_20240624151518_plateB_D02_r06c04",1
"cal520_bluebeads_PT_20240624_10s_20240624151518_plateB_D02_r06c06",1
"cal520_bluebeads_PT_20240624_10s_20240624151518_plateB_D04_r04c04",1
"cal520_bluebeads_PT_20240624_10s_20240624151518_plateB_D04_r04c06",1
"cal520_bluebeads_PT_20240624_10s_20240624151518_plateB_D04_r05c05",1
"cal520_bluebeads_PT_20240624_10s_20240624151518_plateB_D04_r06c04",1
"cal520_bluebeads_PT_20240624_10s_20240624151518_plateB_D04_r06c06",1
"cal520_bluebeads_PT_20240624_10s_20240624151518_plateB_D06_r04c04",1
"cal520_bluebeads_PT_20240624_10s_20240624151518_plateB_D06_r04c06",1
"cal520_bluebeads_PT_20240624_10s_20240624151518_plateB_D06_r05c05",1
"cal520_bluebeads_PT_20240624_10s_20240624151518_plateB_D06_r06c04",1
"cal520_bluebeads_PT_20240624_10s_20240624151518_plateB_D06_r06c06",1
"cal520_bluebeads_PT_20240624_10s_20240624151518_plateB_D07_r04c04",1
"cal520_bluebeads_PT_20240624_10s_20240624151518_plateB_D07_r04c06",1
"cal520_bluebeads_PT_20240624_10s_20240624151518_plateB_D07_r05c05",1
"cal520_bluebeads_PT_20240624_10s_20240624151518_plateB_D07_r06c04",1
"cal520_bluebeads_PT_20240624_10s_20240624151518_plateB_D07_r06c06",1
"cal520_bluebeads_PT_20240624_10s_20240624151518_plateB_D08_r04c04",1
"cal520_bluebeads_PT_20240624_10s_20240624151518_plateB_D08_r04c06",1
"cal520_bluebeads_PT_20240624_10s_20240624151518_plateB_D08_r05c05",1
"cal520_bluebeads_PT_20240624_10s_20240624151518_plateB_D08_r06c04",1
"cal520_bluebeads_PT_20240624_10s_20240624151518_plateB_D08_r06c06",1
"cal520_bluebeads_PT_20240624_10s_20240624151518_plateB_D09_r04c04",1
"cal520_bluebeads_PT_20240624_10s_20240624151518_plateB_D09_r04c06",1
"cal520_bluebeads_PT_20240624_10s_20240624151518_plateB_D09_r05c05",1
"cal520_bluebeads_PT_20240624_10s_20240624151518_plateB_D09_r06c04",1
"cal520_bluebeads_PT_20240624_10s_20240624151518_plateB_D09_r06c06",1
"cal520_bluebeads_PT_20240624_10s_20240624151518_plateB_D10_r04c04",1
"cal520_bluebeads_PT_20240624_10s_20240624151518_plateB_D10_r04c06",1
"cal520_bluebeads_PT_20240624_10s_20240624151518_plateB_D10_r05c05",1
"cal520_bluebeads_PT_20240624_10s_20240624151518_plateB_D10_r06c04",1
"cal520_bluebeads_PT_20240624_10s_20240624151518_plateB_D10_r06c06",1
"cal520_bluebeads_PT_20240624_10s_20240624151518_plateB_D11_r04c04",1
"cal520_bluebeads_PT_20240624_10s_20240624151518_plateB_D11_r04c06",1
"cal520_bluebeads_PT_20240624_10s_20240624151518_plateB_D11_r05c05",1
"cal520_bluebeads_PT_20240624_10s_20240624151518_plateB_D11_r06c04",1
"cal520_bluebeads_PT_20240624_10s_20240624151518_plateB_D11_r06c06",1
"cal520_bluebeads_PT_20240624_10s_20240624151518_plateB_E03_r04c04",0
"cal520_bluebeads_PT_20240624_10s_20240624151518_plateB_E03_r04c06",1
"cal520_bluebeads_PT_20240624_10s_20240624151518_plateB_E03_r05c05",1
"cal520_bluebeads_PT_20240624_10s_20240624151518_plateB_E03_r06c04",1
"cal520_bluebeads_PT_20240624_10s_20240624151518_plateB_E03_r06c06",1
"cal520_bluebeads_PT_20240624_10s_20240624151518_plateB_E04_r04c04",1
"cal520_bluebeads_PT_20240624_10s_20240624151518_plateB_E04_r04c06",1
"cal520_bluebeads_PT_20240624_10s_20240624151518_plateB_E04_r05c05",1
"cal520_bluebeads_PT_20240624_10s_20240624151518_plateB_E04_r06c04",1
"cal520_bluebeads_PT_20240624_10s_20240624151518_plateB_E04_r06c06",1
"cal520_bluebeads_PT_20240624_10s_20240624151518_plateB_E05_r04c04",1
"cal520_bluebeads_PT_20240624_10s_20240624151518_plateB_E05_r04c06",1
"cal520_bluebeads_PT_20240624_10s_20240624151518_plateB_E05_r05c05",1
"cal520_bluebeads_PT_20240624_10s_20240624151518_plateB_E05_r06c04",1
"cal520_bluebeads_PT_20240624_10s_20240624151518_plateB_E05_r06c06",1
"cal520_bluebeads_PT_20240624_10s_20240624151518_plateB_E06_r04c04",1
"cal520_bluebeads_PT_20240624_10s_20240624151518_plateB_E06_r04c06",1
"cal520_bluebeads_PT_20240624_10s_20240624151518_plateB_E06_r05c05",1
"cal520_bluebeads_PT_20240624_10s_20240624151518_plateB_E06_r06c04",1
"cal520_bluebeads_PT_20240624_10s_20240624151518_plateB_E06_r06c06",1
"cal520_bluebeads_PT_20240624_10s_20240624151518_plateB_E07_r04c04",1
"cal520_bluebeads_PT_20240624_10s_20240624151518_plateB_E07_r04c06",1
"cal520_bluebeads_PT_20240624_10s_20240624151518_plateB_E07_r05c05",1
"cal520_bluebeads_PT_20240624_10s_20240624151518_plateB_E07_r06c04",1
"cal520_bluebeads_PT_20240624_10s_20240624151518_plateB_E07_r06c06",1
"cal520_bluebeads_PT_20240624_10s_20240624151518_plateB_E08_r04c04",1
"cal520_bluebeads_PT_20240624_10s_20240624151518_plateB_E08_r04c06",1
"cal520_bluebeads_PT_20240624_10s_20240624151518_plateB_E08_r05c05",1
"cal520_bluebeads_PT_20240624_10s_20240624151518_plateB_E08_r06c04",1
"cal520_bluebeads_PT_20240624_10s_20240624151518_plateB_E08_r06c06",1
"cal520_bluebeads_PT_20240624_10s_20240624151518_plateB_E10_r04c04",1
"cal520_bluebeads_PT_20240624_10s_20240624151518_plateB_E10_r04c06",1
"cal520_bluebeads_PT_20240624_10s_20240624151518_plateB_E10_r05c05",1
"cal520_bluebeads_PT_20240624_10s_20240624151518_plateB_E10_r06c04",1
"cal520_bluebeads_PT_20240624_10s_20240624151518_plateB_E10_r06c06",1
"cal520_bluebeads_PT_20240624_10s_20240624151518_plateB_E11_r04c04",1
"cal520_bluebeads_PT_20240624_10s_20240624151518_plateB_E11_r04c06",1
"cal520_bluebeads_PT_20240624_10s_20240624151518_plateB_E11_r05c05",1
"cal520_bluebeads_PT_20240624_10s_20240624151518_plateB_E11_r06c04",1
"cal520_bluebeads_PT_20240624_10s_20240624151518_plateB_E11_r06c06",1
"cal520_bluebeads_PT_20240624_10s_20240624151518_plateB_F02_r04c04",1
"cal520_bluebeads_PT_20240624_10s_20240624151518_plateB_F02_r04c06",1
"cal520_bluebeads_PT_20240624_10s_20240624151518_plateB_F02_r05c05",1
"cal520_bluebeads_PT_20240624_10s_20240624151518_plateB_F02_r06c04",1
"cal520_bluebeads_PT_20240624_10s_20240624151518_plateB_F02_r06c06",1
"cal520_bluebeads_PT_20240624_10s_20240624151518_plateB_F03_r04c04",1
"cal520_bluebeads_PT_20240624_10s_20240624151518_plateB_F03_r04c06",1
"cal520_bluebeads_PT_20240624_10s_20240624151518_plateB_F03_r05c05",1
"cal520_bluebeads_PT_20240624_10s_20240624151518_plateB_F03_r06c04",1
"cal520_bluebeads_PT_20240624_10s_20240624151518_plateB_F03_r06c06",1
"cal520_bluebeads_PT_20240624_10s_20240624151518_plateB_F04_r04c04",1
"cal520_bluebeads_PT_20240624_10s_20240624151518_plateB_F04_r04c06",1
"cal520_bluebeads_PT_20240624_10s_20240624151518_plateB_F04_r05c05",1
"cal520_bluebeads_PT_20240624_10s_20240624151518_plateB_F04_r06c04",1
"cal520_bluebeads_PT_20240624_10s_20240624151518_plateB_F04_r06c06",1
"cal520_bluebeads_PT_20240624_10s_20240624151518_plateB_F06_r04c04",1
"cal520_bluebeads_PT_20240624_10s_20240624151518_plateB_F06_r04c06",1
"cal520_bluebeads_PT_20240624_10s_20240624151518_plateB_F06_r05c05",1
"cal520_bluebeads_PT_20240624_10s_20240624151518_plateB_F06_r06c04",1
"cal520_bluebeads_PT_20240624_10s_20240624151518_plateB_F06_r06c06",1
"cal520_bluebeads_PT_20240624_10s_20240624151518_plateB_F07_r04c04",1
"cal520_bluebeads_PT_20240624_10s_20240624151518_plateB_F07_r04c06",1
"cal520_bluebeads_PT_20240624_10s_20240624151518_plateB_F07_r05c05",1
"cal520_bluebeads_PT_20240624_10s_20240624151518_plateB_F07_r06c04",1
"cal520_bluebeads_PT_20240624_10s_20240624151518_plateB_F07_r06c06",1
"cal520_bluebeads_PT_20240624_10s_20240624151518_plateB_F08_r04c04",1
"cal520_bluebeads_PT_20240624_10s_20240624151518_plateB_F08_r04c06",1
"cal520_bluebeads_PT_20240624_10s_20240624151518_plateB_F08_r05c05",1
"cal520_bluebeads_PT_20240624_10s_20240624151518_plateB_F08_r06c04",1
"cal520_bluebeads_PT_20240624_10s_20240624151518_plateB_F08_r06c06",1
"cal520_bluebeads_PT_20240624_10s_20240624151518_plateB_F09_r04c04",1
"cal520_bluebeads_PT_20240624_10s_20240624151518_plateB_F09_r04c06",1
"cal520_bluebeads_PT_20240624_10s_20240624151518_plateB_F09_r05c05",1
"cal520_bluebeads_PT_20240624_10s_20240624151518_plateB_F09_r06c04",1
"cal520_bluebeads_PT_20240624_10s_20240624151518_plateB_F09_r06c06",1
"cal520_bluebeads_PT_20240624_10s_20240624151518_plateB_F10_r04c04",1
"cal520_bluebeads_PT_20240624_10s_20240624151518_plateB_F10_r04c06",1
"cal520_bluebeads_PT_20240624_10s_20240624151518_plateB_F10_r05c05",1
"cal520_bluebeads_PT_20240624_10s_20240624151518_plateB_F10_r06c04",1
"cal520_bluebeads_PT_20240624_10s_20240624151518_plateB_F10_r06c06",1
"cal520_bluebeads_PT_20240624_10s_20240624151518_plateB_F11_r04c04",1
"cal520_bluebeads_PT_20240624_10s_20240624151518_plateB_F11_r04c06",1
"cal520_bluebeads_PT_20240624_10s_20240624151518_plateB_F11_r05c05",1
"cal520_bluebeads_PT_20240624_10s_20240624151518_plateB_F11_r06c04",1
"cal520_bluebeads_PT_20240624_10s_20240624151518_plateB_F11_r06c06",1
"cal520_bluebeads_PT_20240624_10s_20240624151518_plateB_G02_r04c04",1
"cal520_bluebeads_PT_20240624_10s_20240624151518_plateB_G02_r04c06",1
"cal520_bluebeads_PT_20240624_10s_20240624151518_plateB_G02_r05c05",1
"cal520_bluebeads_PT_20240624_10s_20240624151518_plateB_G02_r06c04",1
"cal520_bluebeads_PT_20240624_10s_20240624151518_plateB_G02_r06c06",1
"cal520_bluebeads_PT_20240624_10s_20240624151518_plateB_G03_r04c04",1
"cal520_bluebeads_PT_20240624_10s_20240624151518_plateB_G03_r04c06",1
"cal520_bluebeads_PT_20240624_10s_20240624151518_plateB_G03_r05c05",1
"cal520_bluebeads_PT_20240624_10s_20240624151518_plateB_G03_r06c04",1
"cal520_bluebeads_PT_20240624_10s_20240624151518_plateB_G03_r06c06",1
"cal520_bluebeads_PT_20240624_10s_20240624151518_plateB_G04_r04c04",1
"cal520_bluebeads_PT_20240624_10s_20240624151518_plateB_G04_r04c06",1
"cal520_bluebeads_PT_20240624_10s_20240624151518_plateB_G04_r05c05",1
"cal520_bluebeads_PT_20240624_10s_20240624151518_plateB_G04_r06c04",1
"cal520_bluebeads_PT_20240624_10s_20240624151518_plateB_G04_r06c06",1
"cal520_bluebeads_PT_20240624_10s_20240624151518_plateB_G05_r04c04",1
"cal520_bluebeads_PT_20240624_10s_20240624151518_plateB_G05_r04c06",1
"cal520_bluebeads_PT_20240624_10s_20240624151518_plateB_G05_r05c05",1
"cal520_bluebeads_PT_20240624_10s_20240624151518_plateB_G05_r06c04",1
"cal520_bluebeads_PT_20240624_10s_20240624151518_plateB_G05_r06c06",1
"cal520_bluebeads_PT_20240624_10s_20240624151518_plateB_G06_r04c04",1
"cal520_bluebeads_PT_20240624_10s_20240624151518_plateB_G06_r04c06",1
"cal520_bluebeads_PT_20240624_10s_20240624151518_plateB_G06_r05c05",1
"cal520_bluebeads_PT_20240624_10s_20240624151518_plateB_G06_r06c04",1
"cal520_bluebeads_PT_20240624_10s_20240624151518_plateB_G06_r06c06",1
"cal520_bluebeads_PT_20240624_10s_20240624151518_plateB_G07_r04c04",1
"cal520_bluebeads_PT_20240624_10s_20240624151518_plateB_G07_r04c06",1
"cal520_bluebeads_PT_20240624_10s_20240624151518_plateB_G07_r05c05",1
"cal520_bluebeads_PT_20240624_10s_20240624151518_plateB_G07_r06c04",1
"cal520_bluebeads_PT_20240624_10s_20240624151518_plateB_G07_r06c06",1
"cal520_bluebeads_PT_20240624_10s_20240624151518_plateB_G08_r04c04",1
"cal520_bluebeads_PT_20240624_10s_20240624151518_plateB_G08_r04c06",1
"cal520_bluebeads_PT_20240624_10s_20240624151518_plateB_G08_r05c05",1
"cal520_bluebeads_PT_20240624_10s_20240624151518_plateB_G08_r06c04",1
"cal520_bluebeads_PT_20240624_10s_20240624151518_plateB_G08_r06c06",1
"cal520_bluebeads_PT_20240624_10s_20240624151518_plateB_G09_r04c04",1
"cal520_bluebeads_PT_20240624_10s_20240624151518_plateB_G09_r04c06",1
"cal520_bluebeads_PT_20240624_10s_20240624151518_plateB_G09_r05c05",1
"cal520_bluebeads_PT_20240624_10s_20240624151518_plateB_G09_r06c04",1
"cal520_bluebeads_PT_20240624_10s_20240624151518_plateB_G09_r06c06",1
"cal520_bluebeads_PT_20240624_10s_20240624151518_plateB_G10_r04c04",1
"cal520_bluebeads_PT_20240624_10s_20240624151518_plateB_G10_r04c06",1
"cal520_bluebeads_PT_20240624_10s_20240624151518_plateB_G10_r05c05",1
"cal520_bluebeads_PT_20240624_10s_20240624151518_plateB_G10_r06c04",1
"cal520_bluebeads_PT_20240624_10s_20240624151518_plateB_G10_r06c06",1
"cal520_bluebeads_PT_20240624_10s_20240624151518_plateB_G11_r04c04",1
"cal520_bluebeads_PT_20240624_10s_20240624151518_plateB_G11_r04c06",1
"cal520_bluebeads_PT_20240624_10s_20240624151518_plateB_G11_r05c05",1
"cal520_bluebeads_PT_20240624_10s_20240624151518_plateB_G11_r06c04",1
"cal520_bluebeads_PT_20240624_10s_20240624151518_plateB_G11_r06c06",1
"cal520_bluebeads_PT_20240624_10s_20240624175637_plateC_B02_r04c04",1
"cal520_bluebeads_PT_20240624_10s_20240624175637_plateC_B02_r04c06",1
"cal520_bluebeads_PT_20240624_10s_20240624175637_plateC_B02_r05c05",1
"cal520_bluebeads_PT_20240624_10s_20240624175637_plateC_B02_r06c04",1
"cal520_bluebeads_PT_20240624_10s_20240624175637_plateC_B02_r06c06",1
"cal520_bluebeads_PT_20240624_10s_20240624175637_plateC_B03_r04c04",1
"cal520_bluebeads_PT_20240624_10s_20240624175637_plateC_B03_r04c06",1
"cal520_bluebeads_PT_20240624_10s_20240624175637_plateC_B03_r05c05",1
"cal520_bluebeads_PT_20240624_10s_20240624175637_plateC_B03_r06c04",1
"cal520_bluebeads_PT_20240624_10s_20240624175637_plateC_B03_r06c06",1
"cal520_bluebeads_PT_20240624_10s_20240624175637_plateC_B04_r04c04",1
"cal520_bluebeads_PT_20240624_10s_20240624175637_plateC_B04_r04c06",1
"cal520_bluebeads_PT_20240624_10s_20240624175637_plateC_B04_r05c05",1
"cal520_bluebeads_PT_20240624_10s_20240624175637_plateC_B04_r06c04",1
"cal520_bluebeads_PT_20240624_10s_20240624175637_plateC_B04_r06c06",1
"cal520_bluebeads_PT_20240624_10s_20240624175637_plateC_B05_r04c04",1
"cal520_bluebeads_PT_20240624_10s_20240624175637_plateC_B05_r04c06",1
"cal520_bluebeads_PT_20240624_10s_20240624175637_plateC_B05_r05c05",1
"cal520_bluebeads_PT_20240624_10s_20240624175637_plateC_B05_r06c04",1
"cal520_bluebeads_PT_20240624_10s_20240624175637_plateC_B05_r06c06",1
"cal520_bluebeads_PT_20240624_10s_20240624175637_plateC_B06_r04c04",1
"cal520_bluebeads_PT_20240624_10s_20240624175637_plateC_B06_r04c06",1
"cal520_bluebeads_PT_20240624_10s_20240624175637_plateC_B06_r05c05",1
"cal520_bluebeads_PT_20240624_10s_20240624175637_plateC_B06_r06c04",1
"cal520_bluebeads_PT_20240624_10s_20240624175637_plateC_B06_r06c06",1
"cal520_bluebeads_PT_20240624_10s_20240624175637_plateC_B07_r04c04",1
"cal520_bluebeads_PT_20240624_10s_20240624175637_plateC_B07_r04c06",1
"cal520_bluebeads_PT_20240624_10s_20240624175637_plateC_B07_r05c05",1
"cal520_bluebeads_PT_20240624_10s_20240624175637_plateC_B07_r06c04",1
"cal520_bluebeads_PT_20240624_10s_20240624175637_plateC_B07_r06c06",1
"cal520_bluebeads_PT_20240624_10s_20240624175637_plateC_B08_r04c04",1
"cal520_bluebeads_PT_20240624_10s_20240624175637_plateC_B08_r04c06",1
"cal520_bluebeads_PT_20240624_10s_20240624175637_plateC_B08_r05c05",1
"cal520_bluebeads_PT_20240624_10s_20240624175637_plateC_B08_r06c04",1
"cal520_bluebeads_PT_20240624_10s_20240624175637_plateC_B08_r06c06",1
"cal520_bluebeads_PT_20240624_10s_20240624175637_plateC_B09_r04c04",1
"cal520_bluebeads_PT_20240624_10s_20240624175637_plateC_B09_r04c06",1
"cal520_bluebeads_PT_20240624_10s_20240624175637_plateC_B09_r05c05",1
"cal520_bluebeads_PT_20240624_10s_20240624175637_plateC_B09_r06c04",1
"cal520_bluebeads_PT_20240624_10s_20240624175637_plateC_B09_r06c06",1
"cal520_bluebeads_PT_20240624_10s_20240624175637_plateC_B10_r04c04",1
"cal520_bluebeads_PT_20240624_10s_20240624175637_plateC_B10_r04c06",1
"cal520_bluebeads_PT_20240624_10s_20240624175637_plateC_B10_r05c05",1
"cal520_bluebeads_PT_20240624_10s_20240624175637_plateC_B10_r06c04",1
"cal520_bluebeads_PT_20240624_10s_20240624175637_plateC_B10_r06c06",1
"cal520_bluebeads_PT_20240624_10s_20240624175637_plateC_B11_r04c04",1
"cal520_bluebeads_PT_20240624_10s_20240624175637_plateC_B11_r04c06",1
"cal520_bluebeads_PT_20240624_10s_20240624175637_plateC_B11_r05c05",1
"cal520_bluebeads_PT_20240624_10s_20240624175637_plateC_B11_r06c04",1
"cal520_bluebeads_PT_20240624_10s_20240624175637_plateC_B11_r06c06",1
"cal520_bluebeads_PT_20240624_10s_20240624175637_plateC_C02_r04c04",1
"cal520_bluebeads_PT_20240624_10s_20240624175637_plateC_C02_r04c06",1
"cal520_bluebeads_PT_20240624_10s_20240624175637_plateC_C02_r05c05",1
"cal520_bluebeads_PT_20240624_10s_20240624175637_plateC_C02_r06c04",1
"cal520_bluebeads_PT_20240624_10s_20240624175637_plateC_C02_r06c06",1
"cal520_bluebeads_PT_20240624_10s_20240624175637_plateC_C03_r04c04",1
"cal520_bluebeads_PT_20240624_10s_20240624175637_plateC_C03_r04c06",1
"cal520_bluebeads_PT_20240624_10s_20240624175637_plateC_C03_r05c05",1
"cal520_bluebeads_PT_20240624_10s_20240624175637_plateC_C03_r06c04",1
"cal520_bluebeads_PT_20240624_10s_20240624175637_plateC_C03_r06c06",1
"cal520_bluebeads_PT_20240624_10s_20240624175637_plateC_C04_r04c04",1
"cal520_bluebeads_PT_20240624_10s_20240624175637_plateC_C04_r04c06",1
"cal520_bluebeads_PT_20240624_10s_20240624175637_plateC_C04_r05c05",1
"cal520_bluebeads_PT_20240624_10s_20240624175637_plateC_C04_r06c04",1
"cal520_bluebeads_PT_20240624_10s_20240624175637_plateC_C04_r06c06",1
"cal520_bluebeads_PT_20240624_10s_20240624175637_plateC_C06_r04c04",1
"cal520_bluebeads_PT_20240624_10s_20240624175637_plateC_C06_r04c06",1
"cal520_bluebeads_PT_20240624_10s_20240624175637_plateC_C06_r05c05",1
"cal520_bluebeads_PT_20240624_10s_20240624175637_plateC_C06_r06c04",1
"cal520_bluebeads_PT_20240624_10s_20240624175637_plateC_C06_r06c06",1
"cal520_bluebeads_PT_20240624_10s_20240624175637_plateC_C07_r04c04",1
"cal520_bluebeads_PT_20240624_10s_20240624175637_plateC_C07_r04c06",1
"cal520_bluebeads_PT_20240624_10s_20240624175637_plateC_C07_r05c05",1
"cal520_bluebeads_PT_20240624_10s_20240624175637_plateC_C07_r06c04",1
"cal520_bluebeads_PT_20240624_10s_20240624175637_plateC_C07_r06c06",1
"cal520_bluebeads_PT_20240624_10s_20240624175637_plateC_C08_r04c04",1
"cal520_bluebeads_PT_20240624_10s_20240624175637_plateC_C08_r04c06",1
"cal520_bluebeads_PT_20240624_10s_20240624175637_plateC_C08_r05c05",1
"cal520_bluebeads_PT_20240624_10s_20240624175637_plateC_C08_r06c04",1
"cal520_bluebeads_PT_20240624_10s_20240624175637_plateC_C08_r06c06",1
"cal520_bluebeads_PT_20240624_10s_20240624175637_plateC_C09_r04c04",1
"cal520_bluebeads_PT_20240624_10s_20240624175637_plateC_C09_r04c06",1
"cal520_bluebeads_PT_20240624_10s_20240624175637_plateC_C09_r05c05",1
"cal520_bluebeads_PT_20240624_10s_20240624175637_plateC_C09_r06c04",1
"cal520_bluebeads_PT_20240624_10s_20240624175637_plateC_C09_r06c06",1
"cal520_bluebeads_PT_20240624_10s_20240624175637_plateC_C11_r04c04",1
"cal520_bluebeads_PT_20240624_10s_20240624175637_plateC_C11_r04c06",1
"cal520_bluebeads_PT_20240624_10s_20240624175637_plateC_C11_r05c05",1
"cal520_bluebeads_PT_20240624_10s_20240624175637_plateC_C11_r06c04",1
"cal520_bluebeads_PT_20240624_10s_20240624175637_plateC_C11_r06c06",1
"cal520_bluebeads_PT_20240624_10s_20240624175637_plateC_D02_r04c04",1
"cal520_bluebeads_PT_20240624_10s_20240624175637_plateC_D02_r04c06",1
"cal520_bluebeads_PT_20240624_10s_20240624175637_plateC_D02_r05c05",1
"cal520_bluebeads_PT_20240624_10s_20240624175637_plateC_D02_r06c04",1
"cal520_bluebeads_PT_20240624_10s_20240624175637_plateC_D02_r06c06",1
"cal520_bluebeads_PT_20240624_10s_20240624175637_plateC_D04_r04c04",1
"cal520_bluebeads_PT_20240624_10s_20240624175637_plateC_D04_r04c06",1
"cal520_bluebeads_PT_20240624_10s_20240624175637_plateC_D04_r05c05",1
"cal520_bluebeads_PT_20240624_10s_20240624175637_plateC_D04_r06c04",1
"cal520_bluebeads_PT_20240624_10s_20240624175637_plateC_D04_r06c06",1
"cal520_bluebeads_PT_20240624_10s_20240624175637_plateC_D06_r04c04",1
"cal520_bluebeads_PT_20240624_10s_20240624175637_plateC_D06_r04c06",1
"cal520_bluebeads_PT_20240624_10s_20240624175637_plateC_D06_r05c05",1
"cal520_bluebeads_PT_20240624_10s_20240624175637_plateC_D06_r06c04",1
"cal520_bluebeads_PT_20240624_10s_20240624175637_plateC_D06_r06c06",1
"cal520_bluebeads_PT_20240624_10s_20240624175637_plateC_D07_r04c04",1
"cal520_bluebeads_PT_20240624_10s_20240624175637_plateC_D07_r04c06",1
"cal520_bluebeads_PT_20240624_10s_20240624175637_plateC_D07_r05c05",1
"cal520_bluebeads_PT_20240624_10s_20240624175637_plateC_D07_r06c04",1
"cal520_bluebeads_PT_20240624_10s_20240624175637_plateC_D07_r06c06",1
"cal520_bluebeads_PT_20240624_10s_20240624175637_plateC_D08_r04c04",1
"cal520_bluebeads_PT_20240624_10s_20240624175637_plateC_D08_r04c06",1
"cal520_bluebeads_PT_20240624_10s_20240624175637_plateC_D08_r05c05",1
"cal520_bluebeads_PT_20240624_10s_20240624175637_plateC_D08_r06c04",1
"cal520_bluebeads_PT_20240624_10s_20240624175637_plateC_D08_r06c06",1
"cal520_bluebeads_PT_20240624_10s_20240624175637_plateC_D09_r04c04",1
"cal520_bluebeads_PT_20240624_10s_20240624175637_plateC_D09_r04c06",1
"cal520_bluebeads_PT_20240624_10s_20240624175637_plateC_D09_r05c05",1
"cal520_bluebeads_PT_20240624_10s_20240624175637_plateC_D09_r06c04",1
"cal520_bluebeads_PT_20240624_10s_20240624175637_plateC_D09_r06c06",1
"cal520_bluebeads_PT_20240624_10s_20240624175637_plateC_D10_r04c04",1
"cal520_bluebeads_PT_20240624_10s_20240624175637_plateC_D10_r04c06",1
"cal520_bluebeads_PT_20240624_10s_20240624175637_plateC_D10_r05c05",1
"cal520_bluebeads_PT_20240624_10s_20240624175637_plateC_D10_r06c04",1
"cal520_bluebeads_PT_20240624_10s_20240624175637_plateC_D10_r06c06",1
"cal520_bluebeads_PT_20240624_10s_20240624175637_plateC_D11_r04c04",1
"cal520_bluebeads_PT_20240624_10s_20240624175637_plateC_D11_r04c06",1
"cal520_bluebeads_PT_20240624_10s_20240624175637_plateC_D11_r05c05",1
"cal520_bluebeads_PT_20240624_10s_20240624175637_plateC_D11_r06c04",1
"cal520_bluebeads_PT_20240624_10s_20240624175637_plateC_D11_r06c06",1
"cal520_bluebeads_PT_20240624_10s_20240624175637_plateC_E03_r04c04",1
"cal520_bluebeads_PT_20240624_10s_20240624175637_plateC_E03_r04c06",1
"cal520_bluebeads_PT_20240624_10s_20240624175637_plateC_E03_r05c05",1
"cal520_bluebeads_PT_20240624_10s_20240624175637_plateC_E03_r06c04",1
"cal520_bluebeads_PT_20240624_10s_20240624175637_plateC_E03_r06c06",1
"cal520_bluebeads_PT_20240624_10s_20240624175637_plateC_E04_r04c04",1
"cal520_bluebeads_PT_20240624_10s_20240624175637_plateC_E04_r04c06",1
"cal520_bluebeads_PT_20240624_10s_20240624175637_plateC_E04_r05c05",1
"cal520_bluebeads_PT_20240624_10s_20240624175637_plateC_E04_r06c04",2
"cal520_bluebeads_PT_20240624_10s_20240624175637_plateC_E04_r06c06",1
"cal520_bluebeads_PT_20240624_10s_20240624175637_plateC_E05_r04c04",1
"cal520_bluebeads_PT_20240624_10s_20240624175637_plateC_E05_r04c06",1
"cal520_bluebeads_PT_20240624_10s_20240624175637_plateC_E05_r05c05",1
"cal520_bluebeads_PT_20240624_10s_20240624175637_plateC_E05_r06c04",1
"cal520_bluebeads_PT_20240624_10s_20240624175637_plateC_E05_r06c06",1
"cal520_bluebeads_PT_20240624_10s_20240624175637_plateC_E06_r04c04",1
"cal520_bluebeads_PT_20240624_10s_20240624175637_plateC_E06_r04c06",1
"cal520_bluebeads_PT_20240624_10s_20240624175637_plateC_E06_r05c05",1
"cal520_bluebeads_PT_20240624_10s_20240624175637_plateC_E06_r06c04",1
"cal520_bluebeads_PT_20240624_10s_20240624175637_plateC_E06_r06c06",1
"cal520_bluebeads_PT_20240624_10s_20240624175637_plateC_E07_r04c04",1
"cal520_bluebeads_PT_20240624_10s_20240624175637_plateC_E07_r04c06",1
"cal520_bluebeads_PT_20240624_10s_20240624175637_plateC_E07_r05c05",1
"cal520_bluebeads_PT_20240624_10s_20240624175637_plateC_E07_r06c04",1
"cal520_bluebeads_PT_20240624_10s_20240624175637_plateC_E07_r06c06",1
"cal520_bluebeads_PT_20240624_10s_20240624175637_plateC_E08_r04c04",1
"cal520_bluebeads_PT_20240624_10s_20240624175637_plateC_E08_r04c06",1
"cal520_bluebeads_PT_20240624_10s_20240624175637_plateC_E08_r05c05",1
"cal520_bluebeads_PT_20240624_10s_20240624175637_plateC_E08_r06c04",1
"cal520_bluebeads_PT_20240624_10s_20240624175637_plateC_E08_r06c06",1
"cal520_bluebeads_PT_20240624_10s_20240624175637_plateC_E10_r04c04",1
"cal520_bluebeads_PT_20240624_10s_20240624175637_plateC_E10_r04c06",1
"cal520_bluebeads_PT_20240624_10s_20240624175637_plateC_E10_r05c05",1
"cal520_bluebeads_PT_20240624_10s_20240624175637_plateC_E10_r06c04",1
"cal520_bluebeads_PT_20240624_10s_20240624175637_plateC_E10_r06c06",1
"cal520_bluebeads_PT_20240624_10s_20240624175637_plateC_E11_r04c04",1
"cal520_bluebeads_PT_20240624_10s_20240624175637_plateC_E11_r04c06",1
"cal520_bluebeads_PT_20240624_10s_20240624175637_plateC_E11_r05c05",1
"cal520_bluebeads_PT_20240624_10s_20240624175637_plateC_E11_r06c04",1
"cal520_bluebeads_PT_20240624_10s_20240624175637_plateC_E11_r06c06",1
"cal520_bluebeads_PT_20240624_10s_20240624175637_plateC_F02_r04c04",1
"cal520_bluebeads_PT_20240624_10s_20240624175637_plateC_F02_r04c06",1
"cal520_bluebeads_PT_20240624_10s_20240624175637_plateC_F02_r05c05",1
"cal520_bluebeads_PT_20240624_10s_20240624175637_plateC_F02_r06c04",1
"cal520_bluebeads_PT_20240624_10s_20240624175637_plateC_F02_r06c06",1
"cal520_bluebeads_PT_20240624_10s_20240624175637_plateC_F03_r04c04",1
"cal520_bluebeads_PT_20240624_10s_20240624175637_plateC_F03_r04c06",1
"cal520_bluebeads_PT_20240624_10s_20240624175637_plateC_F03_r05c05",1
"cal520_bluebeads_PT_20240624_10s_20240624175637_plateC_F03_r06c04",1
"cal520_bluebeads_PT_20240624_10s_20240624175637_plateC_F03_r06c06",1
"cal520_bluebeads_PT_20240624_10s_20240624175637_plateC_F04_r04c04",1
"cal520_bluebeads_PT_20240624_10s_20240624175637_plateC_F04_r04c06",1
"cal520_bluebeads_PT_20240624_10s_20240624175637_plateC_F04_r05c05",1
"cal520_bluebeads_PT_20240624_10s_20240624175637_plateC_F04_r06c04",1
"cal520_bluebeads_PT_20240624_10s_20240624175637_plateC_F04_r06c06",1
"cal520_bluebeads_PT_20240624_10s_20240624175637_plateC_F06_r04c04",1
"cal520_bluebeads_PT_20240624_10s_20240624175637_plateC_F06_r04c06",1
"cal520_bluebeads_PT_20240624_10s_20240624175637_plateC_F06_r05c05",1
"cal520_bluebeads_PT_20240624_10s_20240624175637_plateC_F06_r06c04",1
"cal520_bluebeads_PT_20240624_10s_20240624175637_plateC_F06_r06c06",1
"cal520_bluebeads_PT_20240624_10s_20240624175637_plateC_F07_r04c04",1
"cal520_bluebeads_PT_20240624_10s_20240624175637_plateC_F07_r04c06",1
"cal520_bluebeads_PT_20240624_10s_20240624175637_plateC_F07_r05c05",1
"cal520_bluebeads_PT_20240624_10s_20240624175637_plateC_F07_r06c04",1
"cal520_bluebeads_PT_20240624_10s_20240624175637_plateC_F07_r06c06",1
"cal520_bluebeads_PT_20240624_10s_20240624175637_plateC_F08_r04c04",1
"cal520_bluebeads_PT_20240624_10s_20240624175637_plateC_F08_r04c06",1
"cal520_bluebeads_PT_20240624_10s_20240624175637_plateC_F08_r05c05",1
"cal520_bluebeads_PT_20240624_10s_20240624175637_plateC_F08_r06c04",1
"cal520_bluebeads_PT_20240624_10s_20240624175637_plateC_F08_r06c06",1
"cal520_bluebeads_PT_20240624_10s_20240624175637_plateC_F09_r04c04",1
"cal520_bluebeads_PT_20240624_10s_20240624175637_plateC_F09_r04c06",1
"cal520_bluebeads_PT_20240624_10s_20240624175637_plateC_F09_r05c05",1
"cal520_bluebeads_PT_20240624_10s_20240624175637_plateC_F09_r06c04",1
"cal520_bluebeads_PT_20240624_10s_20240624175637_plateC_F09_r06c06",1
"cal520_bluebeads_PT_20240624_10s_20240624175637_plateC_F10_r04c04",1
"cal520_bluebeads_PT_20240624_10s_20240624175637_plateC_F10_r04c06",1
"cal520_bluebeads_PT_20240624_10s_20240624175637_plateC_F10_r05c05",1
"cal520_bluebeads_PT_20240624_10s_20240624175637_plateC_F10_r06c04",1
"cal520_bluebeads_PT_20240624_10s_20240624175637_plateC_F10_r06c06",1
"cal520_bluebeads_PT_20240624_10s_20240624175637_plateC_F11_r04c04",1
"cal520_bluebeads_PT_20240624_10s_20240624175637_plateC_F11_r04c06",1
"cal520_bluebeads_PT_20240624_10s_20240624175637_plateC_F11_r05c05",1
"cal520_bluebeads_PT_20240624_10s_20240624175637_plateC_F11_r06c04",1
"cal520_bluebeads_PT_20240624_10s_20240624175637_plateC_F11_r06c06",1
"cal520_bluebeads_PT_20240624_10s_20240624175637_plateC_G02_r04c04",1
"cal520_bluebeads_PT_20240624_10s_20240624175637_plateC_G02_r04c06",1
"cal520_bluebeads_PT_20240624_10s_20240624175637_plateC_G02_r05c05",1
"cal520_bluebeads_PT_20240624_10s_20240624175637_plateC_G02_r06c04",1
"cal520_bluebeads_PT_20240624_10s_20240624175637_plateC_G02_r06c06",1
"cal520_bluebeads_PT_20240624_10s_20240624175637_plateC_G03_r04c04",1
"cal520_bluebeads_PT_20240624_10s_20240624175637_plateC_G03_r04c06",1
"cal520_bluebeads_PT_20240624_10s_20240624175637_plateC_G03_r05c05",1
"cal520_bluebeads_PT_20240624_10s_20240624175637_plateC_G03_r06c04",1
"cal520_bluebeads_PT_20240624_10s_20240624175637_plateC_G03_r06c06",1
"cal520_bluebeads_PT_20240624_10s_20240624175637_plateC_G04_r04c04",1
"cal520_bluebeads_PT_20240624_10s_20240624175637_plateC_G04_r04c06",1
"cal520_bluebeads_PT_20240624_10s_20240624175637_plateC_G04_r05c05",1
"cal520_bluebeads_PT_20240624_10s_20240624175637_plateC_G04_r06c04",1
"cal520_bluebeads_PT_20240624_10s_20240624175637_plateC_G04_r06c06",1
"cal520_bluebeads_PT_20240624_10s_20240624175637_plateC_G05_r04c04",1
"cal520_bluebeads_PT_20240624_10s_20240624175637_plateC_G05_r04c06",1
"cal520_bluebeads_PT_20240624_10s_20240624175637_plateC_G05_r05c05",1
"cal520_bluebeads_PT_20240624_10s_20240624175637_plateC_G05_r06c04",1
"cal520_bluebeads_PT_20240624_10s_20240624175637_plateC_G05_r06c06",1
"cal520_bluebeads_PT_20240624_10s_20240624175637_plateC_G06_r04c04",1
"cal520_bluebeads_PT_20240624_10s_20240624175637_plateC_G06_r04c06",1
"cal520_bluebeads_PT_20240624_10s_20240624175637_plateC_G06_r05c05",1
"cal520_bluebeads_PT_20240624_10s_20240624175637_plateC_G06_r06c04",1
"cal520_bluebeads_PT_20240624_10s_20240624175637_plateC_G06_r06c06",1
"cal520_bluebeads_PT_20240624_10s_20240624175637_plateC_G07_r04c04",1
"cal520_bluebeads_PT_20240624_10s_20240624175637_plateC_G07_r04c06",1
"cal520_bluebeads_PT_20240624_10s_20240624175637_plateC_G07_r05c05",1
"cal520_bluebeads_PT_20240624_10s_20240624175637_plateC_G07_r06c04",1
"cal520_bluebeads_PT_20240624_10s_20240624175637_plateC_G07_r06c06",1
"cal520_bluebeads_PT_20240624_10s_20240624175637_plateC_G08_r04c04",1
"cal520_bluebeads_PT_20240624_10s_20240624175637_plateC_G08_r04c06",1
"cal520_bluebeads_PT_20240624_10s_20240624175637_plateC_G08_r05c05",1
"cal520_bluebeads_PT_20240624_10s_20240624175637_plateC_G08_r06c04",1
"cal520_bluebeads_PT_20240624_10s_20240624175637_plateC_G08_r06c06",1
"cal520_bluebeads_PT_20240624_10s_20240624175637_plateC_G09_r04c04",1
"cal520_bluebeads_PT_20240624_10s_20240624175637_plateC_G09_r04c06",1
"cal520_bluebeads_PT_20240624_10s_20240624175637_plateC_G09_r05c05",1
"cal520_bluebeads_PT_20240624_10s_20240624175637_plateC_G09_r06c04",1
"cal520_bluebeads_PT_20240624_10s_20240624175637_plateC_G09_r06c06",1
"cal520_bluebeads_PT_20240624_10s_20240624175637_plateC_G10_r04c04",1
"cal520_bluebeads_PT_20240624_10s_20240624175637_plateC_G10_r04c06",1
"cal520_bluebeads_PT_20240624_10s_20240624175637_plateC_G10_r05c05",1
"cal520_bluebeads_PT_20240624_10s_20240624175637_plateC_G10_r06c04",1
"cal520_bluebeads_PT_20240624_10s_20240624175637_plateC_G10_r06c06",1
"cal520_bluebeads_PT_20240624_10s_20240624175637_plateC_G11_r04c04",1
"cal520_bluebeads_PT_20240624_10s_20240624175637_plateC_G11_r04c06",1
"cal520_bluebeads_PT_20240624_10s_20240624175637_plateC_G11_r05c05",1
"cal520_bluebeads_PT_20240624_10s_20240624175637_plateC_G11_r06c04",1
"cal520_bluebeads_PT_20240624_10s_20240624175637_plateC_G11_r06c06",1
"cal520_bluebeads_PT_20240624_10s_20240624195500_plateD_B02_r04c04",1
"cal520_bluebeads_PT_20240624_10s_20240624195500_plateD_B02_r04c06",1
"cal520_bluebeads_PT_20240624_10s_20240624195500_plateD_B02_r05c05",1
"cal520_bluebeads_PT_20240624_10s_20240624195500_plateD_B02_r06c04",1
"cal520_bluebeads_PT_20240624_10s_20240624195500_plateD_B02_r06c06",1
"cal520_bluebeads_PT_20240624_10s_20240624195500_plateD_B03_r04c04",1
"cal520_bluebeads_PT_20240624_10s_20240624195500_plateD_B03_r04c06",1
"cal520_bluebeads_PT_20240624_10s_20240624195500_plateD_B03_r05c05",1
"cal520_bluebeads_PT_20240624_10s_20240624195500_plateD_B03_r06c04",1
"cal520_bluebeads_PT_20240624_10s_20240624195500_plateD_B03_r06c06",1
"cal520_bluebeads_PT_20240624_10s_20240624195500_plateD_B04_r04c04",1
"cal520_bluebeads_PT_20240624_10s_20240624195500_plateD_B04_r04c06",1
"cal520_bluebeads_PT_20240624_10s_20240624195500_plateD_B04_r05c05",1
"cal520_bluebeads_PT_20240624_10s_20240624195500_plateD_B04_r06c04",1
"cal520_bluebeads_PT_20240624_10s_20240624195500_plateD_B04_r06c06",1
"cal520_bluebeads_PT_20240624_10s_20240624195500_plateD_B05_r04c04",1
"cal520_bluebeads_PT_20240624_10s_20240624195500_plateD_B05_r04c06",1
"cal520_bluebeads_PT_20240624_10s_20240624195500_plateD_B05_r05c05",1
"cal520_bluebeads_PT_20240624_10s_20240624195500_plateD_B05_r06c04",1
"cal520_bluebeads_PT_20240624_10s_20240624195500_plateD_B05_r06c06",1
"cal520_bluebeads_PT_20240624_10s_20240624195500_plateD_B06_r04c04",1
"cal520_bluebeads_PT_20240624_10s_20240624195500_plateD_B06_r04c06",1
"cal520_bluebeads_PT_20240624_10s_20240624195500_plateD_B06_r05c05",1
"cal520_bluebeads_PT_20240624_10s_20240624195500_plateD_B06_r06c04",1
"cal520_bluebeads_PT_20240624_10s_20240624195500_plateD_B06_r06c06",1
"cal520_bluebeads_PT_20240624_10s_20240624195500_plateD_B07_r04c04",1
"cal520_bluebeads_PT_20240624_10s_20240624195500_plateD_B07_r04c06",1
"cal520_bluebeads_PT_20240624_10s_20240624195500_plateD_B07_r05c05",1
"cal520_bluebeads_PT_20240624_10s_20240624195500_plateD_B07_r06c04",1
"cal520_bluebeads_PT_20240624_10s_20240624195500_plateD_B07_r06c06",1
"cal520_bluebeads_PT_20240624_10s_20240624195500_plateD_B08_r04c04",1
"cal520_bluebeads_PT_20240624_10s_20240624195500_plateD_B08_r04c06",1
"cal520_bluebeads_PT_20240624_10s_20240624195500_plateD_B08_r05c05",1
"cal520_bluebeads_PT_20240624_10s_20240624195500_plateD_B08_r06c04",1
"cal520_bluebeads_PT_20240624_10s_20240624195500_plateD_B08_r06c06",1
"cal520_bluebeads_PT_20240624_10s_20240624195500_plateD_B09_r04c04",1
"cal520_bluebeads_PT_20240624_10s_20240624195500_plateD_B09_r04c06",1
"cal520_bluebeads_PT_20240624_10s_20240624195500_plateD_B09_r05c05",1
"cal520_bluebeads_PT_20240624_10s_20240624195500_plateD_B09_r06c04",1
"cal520_bluebeads_PT_20240624_10s_20240624195500_plateD_B09_r06c06",1
"cal520_bluebeads_PT_20240624_10s_20240624195500_plateD_B10_r04c04",1
"cal520_bluebeads_PT_20240624_10s_20240624195500_plateD_B10_r04c06",1
"cal520_bluebeads_PT_20240624_10s_20240624195500_plateD_B10_r05c05",1
"cal520_bluebeads_PT_20240624_10s_20240624195500_plateD_B10_r06c04",1
"cal520_bluebeads_PT_20240624_10s_20240624195500_plateD_B10_r06c06",1
"cal520_bluebeads_PT_20240624_10s_20240624195500_plateD_B11_r04c04",1
"cal520_bluebeads_PT_20240624_10s_20240624195500_plateD_B11_r04c06",1
"cal520_bluebeads_PT_20240624_10s_20240624195500_plateD_B11_r05c05",1
"cal520_bluebeads_PT_20240624_10s_20240624195500_plateD_B11_r06c04",1
"cal520_bluebeads_PT_20240624_10s_20240624195500_plateD_B11_r06c06",1
"cal520_bluebeads_PT_20240624_10s_20240624195500_plateD_C02_r04c04",1
"cal520_bluebeads_PT_20240624_10s_20240624195500_plateD_C02_r04c06",1
"cal520_bluebeads_PT_20240624_10s_20240624195500_plateD_C02_r05c05",1
"cal520_bluebeads_PT_20240624_10s_20240624195500_plateD_C02_r06c04",1
"cal520_bluebeads_PT_20240624_10s_20240624195500_plateD_C02_r06c06",1
"cal520_bluebeads_PT_20240624_10s_20240624195500_plateD_C03_r04c04",1
"cal520_bluebeads_PT_20240624_10s_20240624195500_plateD_C03_r04c06",1
"cal520_bluebeads_PT_20240624_10s_20240624195500_plateD_C03_r05c05",1
"cal520_bluebeads_PT_20240624_10s_20240624195500_plateD_C03_r06c04",1
"cal520_bluebeads_PT_20240624_10s_20240624195500_plateD_C03_r06c06",1
"cal520_bluebeads_PT_20240624_10s_20240624195500_plateD_C04_r04c04",1
"cal520_bluebeads_PT_20240624_10s_20240624195500_plateD_C04_r04c06",1
"cal520_bluebeads_PT_20240624_10s_20240624195500_plateD_C04_r05c05",1
"cal520_bluebeads_PT_20240624_10s_20240624195500_plateD_C04_r06c04",1
"cal520_bluebeads_PT_20240624_10s_20240624195500_plateD_C04_r06c06",1
"cal520_bluebeads_PT_20240624_10s_20240624195500_plateD_C06_r04c04",1
"cal520_bluebeads_PT_20240624_10s_20240624195500_plateD_C06_r04c06",1
"cal520_bluebeads_PT_20240624_10s_20240624195500_plateD_C06_r05c05",1
"cal520_bluebeads_PT_20240624_10s_20240624195500_plateD_C06_r06c04",1
"cal520_bluebeads_PT_20240624_10s_20240624195500_plateD_C06_r06c06",1
"cal520_bluebeads_PT_20240624_10s_20240624195500_plateD_C07_r04c04",1
"cal520_bluebeads_PT_20240624_10s_20240624195500_plateD_C07_r04c06",1
"cal520_bluebeads_PT_20240624_10s_20240624195500_plateD_C07_r05c05",1
"cal520_bluebeads_PT_20240624_10s_20240624195500_plateD_C07_r06c04",1
"cal520_bluebeads_PT_20240624_10s_20240624195500_plateD_C07_r06c06",2
"cal520_bluebeads_PT_20240624_10s_20240624195500_plateD_C08_r04c04",1
"cal520_bluebeads_PT_20240624_10s_20240624195500_plateD_C08_r04c06",1
"cal520_bluebeads_PT_20240624_10s_20240624195500_plateD_C08_r05c05",1
"cal520_bluebeads_PT_20240624_10s_20240624195500_plateD_C08_r06c04",1
"cal520_bluebeads_PT_20240624_10s_20240624195500_plateD_C08_r06c06",1
"cal520_bluebeads_PT_20240624_10s_20240624195500_plateD_C09_r04c04",1
"cal520_bluebeads_PT_20240624_10s_20240624195500_plateD_C09_r04c06",1
"cal520_bluebeads_PT_20240624_10s_20240624195500_plateD_C09_r05c05",1
"cal520_bluebeads_PT_20240624_10s_20240624195500_plateD_C09_r06c04",1
"cal520_bluebeads_PT_20240624_10s_20240624195500_plateD_C09_r06c06",1
"cal520_bluebeads_PT_20240624_10s_20240624195500_plateD_C11_r04c04",0
"cal520_bluebeads_PT_20240624_10s_20240624195500_plateD_C11_r04c06",0
"cal520_bluebeads_PT_20240624_10s_20240624195500_plateD_C11_r05c05",0
"cal520_bluebeads_PT_20240624_10s_20240624195500_plateD_C11_r06c04",0
"cal520_bluebeads_PT_20240624_10s_20240624195500_plateD_C11_r06c06",0
"cal520_bluebeads_PT_20240624_10s_20240624195500_plateD_D02_r04c04",1
"cal520_bluebeads_PT_20240624_10s_20240624195500_plateD_D02_r04c06",1
"cal520_bluebeads_PT_20240624_10s_20240624195500_plateD_D02_r05c05",1
"cal520_bluebeads_PT_20240624_10s_20240624195500_plateD_D02_r06c04",1
"cal520_bluebeads_PT_20240624_10s_20240624195500_plateD_D02_r06c06",1
"cal520_bluebeads_PT_20240624_10s_20240624195500_plateD_D04_r04c04",1
"cal520_bluebeads_PT_20240624_10s_20240624195500_plateD_D04_r04c06",1
"cal520_bluebeads_PT_20240624_10s_20240624195500_plateD_D04_r05c05",1
"cal520_bluebeads_PT_20240624_10s_20240624195500_plateD_D04_r06c04",1
"cal520_bluebeads_PT_20240624_10s_20240624195500_plateD_D04_r06c06",1
"cal520_bluebeads_PT_20240624_10s_20240624195500_plateD_D06_r04c04",1
"cal520_bluebeads_PT_20240624_10s_20240624195500_plateD_D06_r04c06",1
"cal520_bluebeads_PT_20240624_10s_20240624195500_plateD_D06_r05c05",1
"cal520_bluebeads_PT_20240624_10s_20240624195500_plateD_D06_r06c04",1
"cal520_bluebeads_PT_20240624_10s_20240624195500_plateD_D06_r06c06",1
"cal520_bluebeads_PT_20240624_10s_20240624195500_plateD_D07_r04c04",1
"cal520_bluebeads_PT_20240624_10s_20240624195500_plateD_D07_r04c06",1
"cal520_bluebeads_PT_20240624_10s_20240624195500_plateD_D07_r05c05",1
"cal520_bluebeads_PT_20240624_10s_20240624195500_plateD_D07_r06c04",1
"cal520_bluebeads_PT_20240624_10s_20240624195500_plateD_D07_r06c06",1
"cal520_bluebeads_PT_20240624_10s_20240624195500_plateD_D08_r04c04",1
"cal520_bluebeads_PT_20240624_10s_20240624195500_plateD_D08_r04c06",1
"cal520_bluebeads_PT_20240624_10s_20240624195500_plateD_D08_r05c05",1
"cal520_bluebeads_PT_20240624_10s_20240624195500_plateD_D08_r06c04",1
"cal520_bluebeads_PT_20240624_10s_20240624195500_plateD_D08_r06c06",1
"cal520_bluebeads_PT_20240624_10s_20240624195500_plateD_D09_r04c04",1
"cal520_bluebeads_PT_20240624_10s_20240624195500_plateD_D09_r04c06",1
"cal520_bluebeads_PT_20240624_10s_20240624195500_plateD_D09_r05c05",1
"cal520_bluebeads_PT_20240624_10s_20240624195500_plateD_D09_r06c04",1
"cal520_bluebeads_PT_20240624_10s_20240624195500_plateD_D09_r06c06",1
"cal520_bluebeads_PT_20240624_10s_20240624195500_plateD_D10_r04c04",1
"cal520_bluebeads_PT_20240624_10s_20240624195500_plateD_D10_r04c06",1
"cal520_bluebeads_PT_20240624_10s_20240624195500_plateD_D10_r05c05",1
"cal520_bluebeads_PT_20240624_10s_20240624195500_plateD_D10_r06c04",1
"cal520_bluebeads_PT_20240624_10s_20240624195500_plateD_D10_r06c06",1
"cal520_bluebeads_PT_20240624_10s_20240624195500_plateD_D11_r04c04",1
"cal520_bluebeads_PT_20240624_10s_20240624195500_plateD_D11_r04c06",1
"cal520_bluebeads_PT_20240624_10s_20240624195500_plateD_D11_r05c05",1
"cal520_bluebeads_PT_20240624_10s_20240624195500_plateD_D11_r06c04",1
"cal520_bluebeads_PT_20240624_10s_20240624195500_plateD_D11_r06c06",1
"cal520_bluebeads_PT_20240624_10s_20240624195500_plateD_E03_r04c04",1
"cal520_bluebeads_PT_20240624_10s_20240624195500_plateD_E03_r04c06",1
"cal520_bluebeads_PT_20240624_10s_20240624195500_plateD_E03_r05c05",1
"cal520_bluebeads_PT_20240624_10s_20240624195500_plateD_E03_r06c04",1
"cal520_bluebeads_PT_20240624_10s_20240624195500_plateD_E03_r06c06",1
"cal520_bluebeads_PT_20240624_10s_20240624195500_plateD_E04_r04c04",1
"cal520_bluebeads_PT_20240624_10s_20240624195500_plateD_E04_r04c06",1
"cal520_bluebeads_PT_20240624_10s_20240624195500_plateD_E04_r05c05",1
"cal520_bluebeads_PT_20240624_10s_20240624195500_plateD_E04_r06c04",1
"cal520_bluebeads_PT_20240624_10s_20240624195500_plateD_E04_r06c06",1
"cal520_bluebeads_PT_20240624_10s_20240624195500_plateD_E05_r04c04",1
"cal520_bluebeads_PT_20240624_10s_20240624195500_plateD_E05_r04c06",1
"cal520_bluebeads_PT_20240624_10s_20240624195500_plateD_E05_r05c05",1
"cal520_bluebeads_PT_20240624_10s_20240624195500_plateD_E05_r06c04",1
"cal520_bluebeads_PT_20240624_10s_20240624195500_plateD_E05_r06c06",1
"cal520_bluebeads_PT_20240624_10s_20240624195500_plateD_E06_r04c04",1
"cal520_bluebeads_PT_20240624_10s_20240624195500_plateD_E06_r04c06",1
"cal520_bluebeads_PT_20240624_10s_20240624195500_plateD_E06_r05c05",1
"cal520_bluebeads_PT_20240624_10s_20240624195500_plateD_E06_r06c04",1
"cal520_bluebeads_PT_20240624_10s_20240624195500_plateD_E06_r06c06",1
"cal520_bluebeads_PT_20240624_10s_20240624195500_plateD_E07_r04c04",1
"cal520_bluebeads_PT_20240624_10s_20240624195500_plateD_E07_r04c06",1
"cal520_bluebeads_PT_20240624_10s_20240624195500_plateD_E07_r05c05",1
"cal520_bluebeads_PT_20240624_10s_20240624195500_plateD_E07_r06c04",1
"cal520_bluebeads_PT_20240624_10s_20240624195500_plateD_E07_r06c06",1
"cal520_bluebeads_PT_20240624_10s_20240624195500_plateD_E08_r04c04",1
"cal520_bluebeads_PT_20240624_10s_20240624195500_plateD_E08_r04c06",1
"cal520_bluebeads_PT_20240624_10s_20240624195500_plateD_E08_r05c05",1
"cal520_bluebeads_PT_20240624_10s_20240624195500_plateD_E08_r06c04",1
"cal520_bluebeads_PT_20240624_10s_20240624195500_plateD_E08_r06c06",1
"cal520_bluebeads_PT_20240624_10s_20240624195500_plateD_E10_r04c04",1
"cal520_bluebeads_PT_20240624_10s_20240624195500_plateD_E10_r04c06",1
"cal520_bluebeads_PT_20240624_10s_20240624195500_plateD_E10_r05c05",1
"cal520_bluebeads_PT_20240624_10s_20240624195500_plateD_E10_r06c04",1
"cal520_bluebeads_PT_20240624_10s_20240624195500_plateD_E10_r06c06",1
"cal520_bluebeads_PT_20240624_10s_20240624195500_plateD_E11_r04c04",1
"cal520_bluebeads_PT_20240624_10s_20240624195500_plateD_E11_r04c06",1
"cal520_bluebeads_PT_20240624_10s_20240624195500_plateD_E11_r05c05",1
"cal520_bluebeads_PT_20240624_10s_20240624195500_plateD_E11_r06c04",1
"cal520_bluebeads_PT_20240624_10s_20240624195500_plateD_E11_r06c06",1
"cal520_bluebeads_PT_20240624_10s_20240624195500_plateD_F02_r04c04",1
"cal520_bluebeads_PT_20240624_10s_20240624195500_plateD_F02_r04c06",1
"cal520_bluebeads_PT_20240624_10s_20240624195500_plateD_F02_r05c05",1
"cal520_bluebeads_PT_20240624_10s_20240624195500_plateD_F02_r06c04",1
"cal520_bluebeads_PT_20240624_10s_20240624195500_plateD_F02_r06c06",1
"cal520_bluebeads_PT_20240624_10s_20240624195500_plateD_F03_r04c04",1
"cal520_bluebeads_PT_20240624_10s_20240624195500_plateD_F03_r04c06",1
"cal520_bluebeads_PT_20240624_10s_20240624195500_plateD_F03_r05c05",1
"cal520_bluebeads_PT_20240624_10s_20240624195500_plateD_F03_r06c04",1
"cal520_bluebeads_PT_20240624_10s_20240624195500_plateD_F03_r06c06",1
"cal520_bluebeads_PT_20240624_10s_20240624195500_plateD_F04_r04c04",1
"cal520_bluebeads_PT_20240624_10s_20240624195500_plateD_F04_r04c06",1
"cal520_bluebeads_PT_20240624_10s_20240624195500_plateD_F04_r05c05",1
"cal520_bluebeads_PT_20240624_10s_20240624195500_plateD_F04_r06c04",1
"cal520_bluebeads_PT_20240624_10s_20240624195500_plateD_F04_r06c06",1
"cal520_bluebeads_PT_20240624_10s_20240624195500_plateD_F06_r04c04",1
"cal520_bluebeads_PT_20240624_10s_20240624195500_plateD_F06_r04c06",1
"cal520_bluebeads_PT_20240624_10s_20240624195500_plateD_F06_r05c05",1
"cal520_bluebeads_PT_20240624_10s_20240624195500_plateD_F06_r06c04",1
"cal520_bluebeads_PT_20240624_10s_20240624195500_plateD_F06_r06c06",1
"cal520_bluebeads_PT_20240624_10s_20240624195500_plateD_F07_r04c04",1
"cal520_bluebeads_PT_20240624_10s_20240624195500_plateD_F07_r04c06",1
"cal520_bluebeads_PT_20240624_10s_20240624195500_plateD_F07_r05c05",1
"cal520_bluebeads_PT_20240624_10s_20240624195500_plateD_F07_r06c04",1
"cal520_bluebeads_PT_20240624_10s_20240624195500_plateD_F07_r06c06",1
"cal520_bluebeads_PT_20240624_10s_20240624195500_plateD_F08_r04c04",1
"cal520_bluebeads_PT_20240624_10s_20240624195500_plateD_F08_r04c06",1
"cal520_bluebeads_PT_20240624_10s_20240624195500_plateD_F08_r05c05",1
"cal520_bluebeads_PT_20240624_10s_20240624195500_plateD_F08_r06c04",1
"cal520_bluebeads_PT_20240624_10s_20240624195500_plateD_F08_r06c06",1
"cal520_bluebeads_PT_20240624_10s_20240624195500_plateD_F09_r04c04",1
"cal520_bluebeads_PT_20240624_10s_20240624195500_plateD_F09_r04c06",1
"cal520_bluebeads_PT_20240624_10s_20240624195500_plateD_F09_r05c05",1
"cal520_bluebeads_PT_20240624_10s_20240624195500_plateD_F09_r06c04",1
"cal520_bluebeads_PT_20240624_10s_20240624195500_plateD_F09_r06c06",1
"cal520_bluebeads_PT_20240624_10s_20240624195500_plateD_F10_r04c04",1
"cal520_bluebeads_PT_20240624_10s_20240624195500_plateD_F10_r04c06",1
"cal520_bluebeads_PT_20240624_10s_20240624195500_plateD_F10_r05c05",1
"cal520_bluebeads_PT_20240624_10s_20240624195500_plateD_F10_r06c04",1
"cal520_bluebeads_PT_20240624_10s_20240624195500_plateD_F10_r06c06",1
"cal520_bluebeads_PT_20240624_10s_20240624195500_plateD_F11_r04c04",1
"cal520_bluebeads_PT_20240624_10s_20240624195500_plateD_F11_r04c06",1
"cal520_bluebeads_PT_20240624_10s_20240624195500_plateD_F11_r05c05",1
"cal520_bluebeads_PT_20240624_10s_20240624195500_plateD_F11_r06c04",1
"cal520_bluebeads_PT_20240624_10s_20240624195500_plateD_F11_r06c06",1
"cal520_bluebeads_PT_20240624_10s_20240624195500_plateD_G02_r04c04",1
"cal520_bluebeads_PT_20240624_10s_20240624195500_plateD_G02_r04c06",1
"cal520_bluebeads_PT_20240624_10s_20240624195500_plateD_G02_r05c05",1
"cal520_bluebeads_PT_20240624_10s_20240624195500_plateD_G02_r06c04",1
"cal520_bluebeads_PT_20240624_10s_20240624195500_plateD_G02_r06c06",1
"cal520_bluebeads_PT_20240624_10s_20240624195500_plateD_G03_r04c04",1
"cal520_bluebeads_PT_20240624_10s_20240624195500_plateD_G03_r04c06",1
"cal520_bluebeads_PT_20240624_10s_20240624195500_plateD_G03_r05c05",1
"cal520_bluebeads_PT_20240624_10s_20240624195500_plateD_G03_r06c04",1
"cal520_bluebeads_PT_20240624_10s_20240624195500_plateD_G03_r06c06",1
"cal520_bluebeads_PT_20240624_10s_20240624195500_plateD_G04_r04c04",1
"cal520_bluebeads_PT_20240624_10s_20240624195500_plateD_G04_r04c06",1
"cal520_bluebeads_PT_20240624_10s_20240624195500_plateD_G04_r05c05",1
"cal520_bluebeads_PT_20240624_10s_20240624195500_plateD_G04_r06c04",1
"cal520_bluebeads_PT_20240624_10s_20240624195500_plateD_G04_r06c06",1
"cal520_bluebeads_PT_20240624_10s_20240624195500_plateD_G05_r04c04",1
"cal520_bluebeads_PT_20240624_10s_20240624195500_plateD_G05_r04c06",1
"cal520_bluebeads_PT_20240624_10s_20240624195500_plateD_G05_r05c05",1
"cal520_bluebeads_PT_20240624_10s_20240624195500_plateD_G05_r06c04",1
"cal520_bluebeads_PT_20240624_10s_20240624195500_plateD_G05_r06c06",1
"cal520_bluebeads_PT_20240624_10s_20240624195500_plateD_G06_r04c04",1
"cal520_bluebeads_PT_20240624_10s_20240624195500_plateD_G06_r04c06",1
"cal520_bluebeads_PT_20240624_10s_20240624195500_plateD_G06_r05c05",1
"cal520_bluebeads_PT_20240624_10s_20240624195500_plateD_G06_r06c04",1
"cal520_bluebeads_PT_20240624_10s_20240624195500_plateD_G06_r06c06",1
"cal520_bluebeads_PT_20240624_10s_20240624195500_plateD_G07_r04c04",1
"cal520_bluebeads_PT_20240624_10s_20240624195500_plateD_G07_r04c06",1
"cal520_bluebeads_PT_20240624_10s_20240624195500_plateD_G07_r05c05",1
"cal520_bluebeads_PT_20240624_10s_20240624195500_plateD_G07_r06c04",1
"cal520_bluebeads_PT_20240624_10s_20240624195500_plateD_G07_r06c06",1
"cal520_bluebeads_PT_20240624_10s_20240624195500_plateD_G08_r04c04",1
"cal520_bluebeads_PT_20240624_10s_20240624195500_plateD_G08_r04c06",1
"cal520_bluebeads_PT_20240624_10s_20240624195500_plateD_G08_r05c05",1
"cal520_bluebeads_PT_20240624_10s_20240624195500_plateD_G08_r06c04",1
"cal520_bluebeads_PT_20240624_10s_20240624195500_plateD_G08_r06c06",1
"cal520_bluebeads_PT_20240624_10s_20240624195500_plateD_G09_r04c04",1
"cal520_bluebeads_PT_20240624_10s_20240624195500_plateD_G09_r04c06",1
"cal520_bluebeads_PT_20240624_10s_20240624195500_plateD_G09_r05c05",1
"cal520_bluebeads_PT_20240624_10s_20240624195500_plateD_G09_r06c04",1
"cal520_bluebeads_PT_20240624_10s_20240624195500_plateD_G09_r06c06",1
"cal520_bluebeads_PT_20240624_10s_20240624195500_plateD_G10_r04c04",1
"cal520_bluebeads_PT_20240624_10s_20240624195500_plateD_G10_r04c06",1
"cal520_bluebeads_PT_20240624_10s_20240624195500_plateD_G10_r05c05",1
"cal520_bluebeads_PT_20240624_10s_20240624195500_plateD_G10_r06c04",1
"cal520_bluebeads_PT_20240624_10s_20240624195500_plateD_G10_r06c06",1
"cal520_bluebeads_PT_20240624_10s_20240624195500_plateD_G11_r04c04",1
"cal520_bluebeads_PT_20240624_10s_20240624195500_plateD_G11_r04c06",1
"cal520_bluebeads_PT_20240624_10s_20240624195500_plateD_G11_r05c05",1
"cal520_bluebeads_PT_20240624_10s_20240624195500_plateD_G11_r06c04",1
"cal520_bluebeads_PT_20240624_10s_20240624195500_plateD_G11_r06c06",1
