"plate.ID","plate.letter","well","subposition","mean.mcherry.fluorescence"
"20240618","B","B02","r04c04",2587.088
"20240618","B","B02","r04c06",2468.344
"20240618","B","B02","r05c05",2762.144
"20240618","B","B02","r06c04",2853.069
"20240618","B","B02","r06c06",2697.265
"20240618","B","B03","r04c04",2549.309
"20240618","B","B03","r04c06",2628.145
"20240618","B","B03","r05c05",2471.447
"20240618","B","B03","r06c04",2528.481
"20240618","B","B03","r06c06",2560.676
"20240618","B","B04","r04c04",2052.402
"20240618","B","B04","r04c06",1993.703
"20240618","B","B04","r05c05",1977.202
"20240618","B","B04","r06c04",2031.124
"20240618","B","B04","r06c06",2019.84
"20240618","B","B05","r04c04",2076.512
"20240618","B","B05","r04c06",2126.851
"20240618","B","B05","r05c05",1987.822
"20240618","B","B05","r06c04",1953.485
"20240618","B","B05","r06c06",1938.648
"20240618","B","B06","r04c04",3288.377
"20240618","B","B06","r04c06",2994.867
"20240618","B","B06","r05c05",3218.832
"20240618","B","B06","r06c04",2963.292
"20240618","B","B06","r06c06",3276.828
"20240618","B","B07","r04c04",2022.551
"20240618","B","B07","r04c06",2107.382
"20240618","B","B07","r05c05",1855.81
"20240618","B","B07","r06c04",2003.04
"20240618","B","B07","r06c06",1957.092
"20240618","B","B08","r04c04",3944.512
"20240618","B","B08","r04c06",3838.242
"20240618","B","B08","r05c05",3649.265
"20240618","B","B08","r06c04",3361.196
"20240618","B","B08","r06c06",3543.872
"20240618","B","B09","r04c04",2902.436
"20240618","B","B09","r04c06",2980.963
"20240618","B","B09","r05c05",2994.865
"20240618","B","B09","r06c04",2775.386
"20240618","B","B09","r06c06",3080.023
"20240618","B","B10","r04c04",2954.465
"20240618","B","B10","r04c06",3481.494
"20240618","B","B10","r05c05",2806.698
"20240618","B","B10","r06c04",2777.842
"20240618","B","B10","r06c06",2860.279
"20240618","B","B11","r04c04",1879.571
"20240618","B","B11","r04c06",2281.308
"20240618","B","B11","r05c05",1839.082
"20240618","B","B11","r06c04",1695.374
"20240618","B","B11","r06c06",1424.589
"20240618","B","C02","r04c04",2047.968
"20240618","B","C02","r04c06",1878.55
"20240618","B","C02","r05c05",2033.22
"20240618","B","C02","r06c04",1991.176
"20240618","B","C02","r06c06",1976.869
"20240618","B","C03","r04c04",2157.562
"20240618","B","C03","r04c06",2325.772
"20240618","B","C03","r05c05",2137.556
"20240618","B","C03","r06c04",2081.573
"20240618","B","C03","r06c06",2076.301
"20240618","B","C04","r04c04",3079.453
"20240618","B","C04","r04c06",2371.082
"20240618","B","C04","r05c05",2684.579
"20240618","B","C04","r06c04",2504.833
"20240618","B","C04","r06c06",2883.333
"20240618","B","C05","r04c04",2680.471
"20240618","B","C05","r04c06",2567.935
"20240618","B","C05","r05c05",2399.623
"20240618","B","C05","r06c04",2177.729
"20240618","B","C05","r06c06",2335.999
"20240618","B","C06","r04c04",2332.017
"20240618","B","C06","r04c06",2343.674
"20240618","B","C06","r05c05",2466.841
"20240618","B","C06","r06c04",2353.503
"20240618","B","C06","r06c06",2442.578
"20240618","B","C07","r04c04",2779.919
"20240618","B","C07","r04c06",2681.744
"20240618","B","C07","r05c05",2650.849
"20240618","B","C07","r06c04",2615.115
"20240618","B","C07","r06c06",2677.741
"20240618","B","C08","r04c04",2800.757
"20240618","B","C08","r04c06",2650.216
"20240618","B","C08","r05c05",2546.307
"20240618","B","C08","r06c04",2581.985
"20240618","B","C08","r06c06",2429.007
"20240618","B","C09","r04c04",3052.838
"20240618","B","C09","r04c06",3159.618
"20240618","B","C09","r05c05",2941.716
"20240618","B","C09","r06c04",3183.706
"20240618","B","C09","r06c06",3069.947
"20240618","B","C11","r04c04",2162.76
"20240618","B","C11","r04c06",2291.265
"20240618","B","C11","r05c05",2111.403
"20240618","B","C11","r06c04",2070.236
"20240618","B","C11","r06c06",2063.046
"20240618","B","D02","r04c04",2774.323
"20240618","B","D02","r04c06",2845.645
"20240618","B","D02","r05c05",2692.955
"20240618","B","D02","r06c04",2745.235
"20240618","B","D02","r06c06",2692.287
"20240618","B","D04","r04c04",2047.89
"20240618","B","D04","r04c06",1793.206
"20240618","B","D04","r05c05",2004.647
"20240618","B","D04","r06c04",1914.3
"20240618","B","D04","r06c06",1826.27
"20240618","B","D06","r04c04",2860.144
"20240618","B","D06","r04c06",2375.634
"20240618","B","D06","r05c05",2274.317
"20240618","B","D06","r06c04",2867.481
"20240618","B","D06","r06c06",2596.309
"20240618","B","D07","r04c04",2190.89
"20240618","B","D07","r04c06",1962.575
"20240618","B","D07","r05c05",1901.332
"20240618","B","D07","r06c04",2029.564
"20240618","B","D07","r06c06",1928.824
"20240618","B","D08","r04c04",1960.674
"20240618","B","D08","r04c06",1855.928
"20240618","B","D08","r05c05",1865.954
"20240618","B","D08","r06c04",1636.921
"20240618","B","D08","r06c06",1590.628
"20240618","B","D09","r04c04",3380.5
"20240618","B","D09","r04c06",3184.493
"20240618","B","D09","r05c05",3107.414
"20240618","B","D09","r06c04",2983.337
"20240618","B","D09","r06c06",3298.715
"20240618","B","D10","r04c04",2478.718
"20240618","B","D10","r04c06",2280.103
"20240618","B","D10","r05c05",2374.129
"20240618","B","D10","r06c04",2724.039
"20240618","B","D10","r06c06",2639.529
"20240618","B","D11","r04c04",2505.795
"20240618","B","D11","r04c06",2735.837
"20240618","B","D11","r05c05",2636.691
"20240618","B","D11","r06c04",2576.375
"20240618","B","D11","r06c06",2759.843
"20240618","B","E02","r04c04",3274.757
"20240618","B","E02","r04c06",3187.323
"20240618","B","E02","r05c05",3002.489
"20240618","B","E02","r06c04",3286.127
"20240618","B","E02","r06c06",3168.483
"20240618","B","E03","r04c04",3622.398
"20240618","B","E03","r04c06",3734.342
"20240618","B","E03","r05c05",3239.22
"20240618","B","E03","r06c04",3592.518
"20240618","B","E03","r06c06",3422.179
"20240618","B","E04","r04c04",2530.478
"20240618","B","E04","r04c06",2608.762
"20240618","B","E04","r05c05",2580.095
"20240618","B","E04","r06c04",2662.779
"20240618","B","E04","r06c06",2550.473
"20240618","B","E05","r04c04",2853.08
"20240618","B","E05","r04c06",3031.306
"20240618","B","E05","r05c05",3176.694
"20240618","B","E05","r06c04",2859.126
"20240618","B","E05","r06c06",2982.1
"20240618","B","E06","r04c04",1821.912
"20240618","B","E06","r04c06",1741.861
"20240618","B","E06","r05c05",1776.71
"20240618","B","E06","r06c04",1724.983
"20240618","B","E06","r06c06",1685.884
"20240618","B","E07","r04c04",1864.457
"20240618","B","E07","r04c06",1874.622
"20240618","B","E07","r05c05",1878.601
"20240618","B","E07","r06c04",1931.648
"20240618","B","E07","r06c06",1822.495
"20240618","B","E08","r04c04",2912.165
"20240618","B","E08","r04c06",2797.795
"20240618","B","E08","r05c05",2915.297
"20240618","B","E08","r06c04",2956.749
"20240618","B","E08","r06c06",2831.455
"20240618","B","E09","r04c04",1968.772
"20240618","B","E09","r04c06",1889.221
"20240618","B","E09","r05c05",1995.837
"20240618","B","E09","r06c04",1825.012
"20240618","B","E09","r06c06",1891.112
"20240618","B","E10","r04c04",1715.204
"20240618","B","E10","r04c06",1654.016
"20240618","B","E10","r05c05",1748.571
"20240618","B","E10","r06c04",1736.648
"20240618","B","E10","r06c06",1685.782
"20240618","B","E11","r04c04",2696.772
"20240618","B","E11","r04c06",2710.698
"20240618","B","E11","r05c05",2475.102
"20240618","B","E11","r06c04",2638.764
"20240618","B","E11","r06c06",2410.395
"20240618","B","F02","r04c04",2500.821
"20240618","B","F02","r04c06",2633.508
"20240618","B","F02","r05c05",2631.067
"20240618","B","F02","r06c04",2666.331
"20240618","B","F02","r06c06",2803.553
"20240618","B","F03","r04c04",2687.739
"20240618","B","F03","r04c06",2850.341
"20240618","B","F03","r05c05",2858.875
"20240618","B","F03","r06c04",2734.34
"20240618","B","F03","r06c06",2620.126
"20240618","B","F04","r04c04",2928.18
"20240618","B","F04","r04c06",2625.86
"20240618","B","F04","r05c05",2778.202
"20240618","B","F04","r06c04",2449.96
"20240618","B","F04","r06c06",2782.472
"20240618","B","F05","r04c04",2832.16
"20240618","B","F05","r04c06",2680.91
"20240618","B","F05","r05c05",2878.001
"20240618","B","F05","r06c04",2672.034
"20240618","B","F05","r06c06",2459.392
"20240618","B","F06","r04c04",2709.122
"20240618","B","F06","r04c06",2669.969
"20240618","B","F06","r05c05",2541.764
"20240618","B","F06","r06c04",2596.64
"20240618","B","F06","r06c06",2568.226
"20240618","B","F07","r04c04",2275.201
"20240618","B","F07","r04c06",2420.621
"20240618","B","F07","r05c05",2142.495
"20240618","B","F07","r06c04",2345.496
"20240618","B","F07","r06c06",2196.369
"20240618","B","F08","r04c04",2640.769
"20240618","B","F08","r04c06",2285.816
"20240618","B","F08","r05c05",2330.861
"20240618","B","F08","r06c04",2324.591
"20240618","B","F08","r06c06",2340.598
"20240618","B","F09","r04c04",1401.941
"20240618","B","F09","r04c06",1344.071
"20240618","B","F09","r05c05",1346.595
"20240618","B","F09","r06c04",1378.941
"20240618","B","F09","r06c06",1341.24
"20240618","B","F10","r04c04",1850.442
"20240618","B","F10","r04c06",1903.232
"20240618","B","F10","r05c05",1686.598
"20240618","B","F10","r06c04",1709.102
"20240618","B","F10","r06c06",1348.826
"20240618","B","F11","r04c04",2626.856
"20240618","B","F11","r04c06",2723.417
"20240618","B","F11","r05c05",2624.162
"20240618","B","F11","r06c04",2644.689
"20240618","B","F11","r06c06",2518.187
"20240618","B","G06","r04c04",223.082
"20240618","B","G06","r04c06",226.475
"20240618","B","G06","r05c05",226.084
"20240618","B","G06","r06c04",226.467
"20240618","B","G06","r06c06",224.106
"20240618","B","G07","r04c04",220.868
"20240618","B","G07","r04c06",228.343
"20240618","B","G07","r05c05",227.037
"20240618","B","G07","r06c04",224.824
"20240618","B","G07","r06c06",227.52
"20240618","B","G08","r04c04",2794.944
"20240618","B","G08","r04c06",2567.464
"20240618","B","G08","r05c05",2520.389
"20240618","B","G08","r06c04",2633.037
"20240618","B","G08","r06c06",2561.228
"20240618","B","G09","r04c04",2503.899
"20240618","B","G09","r04c06",2632.991
"20240618","B","G09","r05c05",2513.625
"20240618","B","G09","r06c04",2721.813
"20240618","B","G09","r06c06",2504.61
"20240618","B","G10","r04c04",2078.032
"20240618","B","G10","r04c06",1990.836
"20240618","B","G10","r05c05",2108.49
"20240618","B","G10","r06c04",2065.585
"20240618","B","G10","r06c06",2190.17
"20240618","B","G11","r04c04",2604.813
"20240618","B","G11","r04c06",2522.545
"20240618","B","G11","r05c05",2647.734
"20240618","B","G11","r06c04",2628.341
"20240618","B","G11","r06c06",2610.072
"20240618","C","B02","r04c04",2376.77
"20240618","C","B02","r04c06",2400.41
"20240618","C","B02","r05c05",2391.073
"20240618","C","B02","r06c04",2426.793
"20240618","C","B02","r06c06",2477.338
"20240618","C","B03","r04c04",2361.716
"20240618","C","B03","r04c06",2278.425
"20240618","C","B03","r05c05",2413.305
"20240618","C","B03","r06c04",2497.398
"20240618","C","B03","r06c06",2257.123
"20240618","C","B04","r04c04",1845.327
"20240618","C","B04","r04c06",1865.931
"20240618","C","B04","r05c05",1835.603
"20240618","C","B04","r06c04",1839.116
"20240618","C","B04","r06c06",1811.759
"20240618","C","B05","r04c04",1749.92
"20240618","C","B05","r04c06",1791.465
"20240618","C","B05","r05c05",1678.505
"20240618","C","B05","r06c04",1793.163
"20240618","C","B05","r06c06",1801.269
"20240618","C","B06","r04c04",3236.52
"20240618","C","B06","r04c06",3505.411
"20240618","C","B06","r05c05",3297.711
"20240618","C","B06","r06c04",3315.38
"20240618","C","B06","r06c06",3226.438
"20240618","C","B07","r04c04",2136.85
"20240618","C","B07","r04c06",2123.948
"20240618","C","B07","r05c05",1889.615
"20240618","C","B07","r06c04",1923.887
"20240618","C","B07","r06c06",2177.202
"20240618","C","B08","r04c04",3388.765
"20240618","C","B08","r04c06",3748.925
"20240618","C","B08","r05c05",3044.15
"20240618","C","B08","r06c04",3405.541
"20240618","C","B08","r06c06",3663.023
"20240618","C","B09","r04c04",2683.933
"20240618","C","B09","r04c06",2302.126
"20240618","C","B09","r05c05",2531.223
"20240618","C","B09","r06c04",2575.78
"20240618","C","B09","r06c06",2334.208
"20240618","C","B10","r04c04",1982.579
"20240618","C","B10","r04c06",2018.701
"20240618","C","B10","r05c05",1768.876
"20240618","C","B10","r06c04",2288.487
"20240618","C","B10","r06c06",1207.308
"20240618","C","B11","r04c04",2180.454
"20240618","C","B11","r04c06",1377.246
"20240618","C","B11","r05c05",1481.907
"20240618","C","B11","r06c04",1590.157
"20240618","C","B11","r06c06",1022.007
"20240618","C","C02","r04c04",2008.597
"20240618","C","C02","r04c06",1934.62
"20240618","C","C02","r05c05",1733.154
"20240618","C","C02","r06c04",1816.948
"20240618","C","C02","r06c06",1743.151
"20240618","C","C03","r04c04",2097.056
"20240618","C","C03","r04c06",1956.202
"20240618","C","C03","r05c05",2090.258
"20240618","C","C03","r06c04",2084.401
"20240618","C","C03","r06c06",1796.606
"20240618","C","C04","r04c04",2768.376
"20240618","C","C04","r04c06",2646.005
"20240618","C","C04","r05c05",2766.372
"20240618","C","C04","r06c04",2760.794
"20240618","C","C04","r06c06",2763.827
"20240618","C","C05","r04c04",2490.118
"20240618","C","C05","r04c06",2509.462
"20240618","C","C05","r05c05",2258.122
"20240618","C","C05","r06c04",2271.326
"20240618","C","C05","r06c06",2317.988
"20240618","C","C06","r04c04",2512.134
"20240618","C","C06","r04c06",2501.283
"20240618","C","C06","r05c05",2487.246
"20240618","C","C06","r06c04",2207.777
"20240618","C","C06","r06c06",2348.6
"20240618","C","C07","r04c04",2662.336
"20240618","C","C07","r04c06",2621.911
"20240618","C","C07","r05c05",2441.019
"20240618","C","C07","r06c04",2318.556
"20240618","C","C07","r06c06",2483.645
"20240618","C","C08","r04c04",2718.486
"20240618","C","C08","r04c06",2692.964
"20240618","C","C08","r05c05",2951.879
"20240618","C","C08","r06c04",2492.949
"20240618","C","C08","r06c06",2379.951
"20240618","C","C09","r04c04",3319.62
"20240618","C","C09","r04c06",3347.478
"20240618","C","C09","r05c05",2796.147
"20240618","C","C09","r06c04",2665.815
"20240618","C","C09","r06c06",2889.952
"20240618","C","C11","r04c04",2546.072
"20240618","C","C11","r04c06",2659.57
"20240618","C","C11","r05c05",2389.51
"20240618","C","C11","r06c04",2470.866
"20240618","C","C11","r06c06",2323.939
"20240618","C","D02","r04c04",3018.087
"20240618","C","D02","r04c06",2651.453
"20240618","C","D02","r05c05",2499.224
"20240618","C","D02","r06c04",2620.362
"20240618","C","D02","r06c06",2601.56
"20240618","C","D04","r04c04",2190.16
"20240618","C","D04","r04c06",2038.558
"20240618","C","D04","r05c05",1824.658
"20240618","C","D04","r06c04",2014.454
"20240618","C","D04","r06c06",1827.791
"20240618","C","D06","r04c04",2895.852
"20240618","C","D06","r04c06",2655.143
"20240618","C","D06","r05c05",2738.596
"20240618","C","D06","r06c04",2728.906
"20240618","C","D06","r06c06",2856.748
"20240618","C","D07","r04c04",2071.055
"20240618","C","D07","r04c06",1863.245
"20240618","C","D07","r05c05",1779.378
"20240618","C","D07","r06c04",1797.816
"20240618","C","D07","r06c06",1707.668
"20240618","C","D08","r04c04",2001.451
"20240618","C","D08","r04c06",1764.323
"20240618","C","D08","r05c05",1476.099
"20240618","C","D08","r06c04",1565.126
"20240618","C","D08","r06c06",1625.437
"20240618","C","D09","r04c04",2972.255
"20240618","C","D09","r04c06",3047.62
"20240618","C","D09","r05c05",2694.603
"20240618","C","D09","r06c04",2849.006
"20240618","C","D09","r06c06",2592.352
"20240618","C","D10","r04c04",2637.16
"20240618","C","D10","r04c06",2298.343
"20240618","C","D10","r05c05",2308.221
"20240618","C","D10","r06c04",2351.941
"20240618","C","D10","r06c06",2320.358
"20240618","C","D11","r04c04",2371.034
"20240618","C","D11","r04c06",2569.345
"20240618","C","D11","r05c05",2381.728
"20240618","C","D11","r06c04",2150.835
"20240618","C","D11","r06c06",2282.013
"20240618","C","E02","r04c04",2927.296
"20240618","C","E02","r04c06",2890.631
"20240618","C","E02","r05c05",3455.149
"20240618","C","E02","r06c04",2909.166
"20240618","C","E02","r06c06",3111.2
"20240618","C","E03","r04c04",3066.037
"20240618","C","E03","r04c06",3046.486
"20240618","C","E03","r05c05",3067.247
"20240618","C","E03","r06c04",3094.015
"20240618","C","E03","r06c06",2771.896
"20240618","C","E04","r04c04",2562.386
"20240618","C","E04","r04c06",2568.497
"20240618","C","E04","r05c05",2715.147
"20240618","C","E04","r06c04",2610.213
"20240618","C","E04","r06c06",2408.217
"20240618","C","E05","r04c04",3010.047
"20240618","C","E05","r04c06",2636.396
"20240618","C","E05","r05c05",2773.638
"20240618","C","E05","r06c04",2601.57
"20240618","C","E05","r06c06",2530.546
"20240618","C","E06","r04c04",1711.034
"20240618","C","E06","r04c06",1643.793
"20240618","C","E06","r05c05",1676.9
"20240618","C","E06","r06c04",1635.599
"20240618","C","E06","r06c06",1564.369
"20240618","C","E07","r04c04",2012.91
"20240618","C","E07","r04c06",2219.948
"20240618","C","E07","r05c05",1856.133
"20240618","C","E07","r06c04",1977.368
"20240618","C","E07","r06c06",1916.557
"20240618","C","E08","r04c04",3086.876
"20240618","C","E08","r04c06",3572.929
"20240618","C","E08","r05c05",3033.261
"20240618","C","E08","r06c04",3037.934
"20240618","C","E08","r06c06",2975.099
"20240618","C","E09","r04c04",2088.771
"20240618","C","E09","r04c06",1992.813
"20240618","C","E09","r05c05",2182.842
"20240618","C","E09","r06c04",2060.337
"20240618","C","E09","r06c06",1873.496
"20240618","C","E10","r04c04",1651.236
"20240618","C","E10","r04c06",1693.841
"20240618","C","E10","r05c05",1752.84
"20240618","C","E10","r06c04",1590.458
"20240618","C","E10","r06c06",1783.805
"20240618","C","E11","r04c04",2028.355
"20240618","C","E11","r04c06",2065.578
"20240618","C","E11","r05c05",2108.928
"20240618","C","E11","r06c04",1916.171
"20240618","C","E11","r06c06",2110.632
"20240618","C","F02","r04c04",2755.112
"20240618","C","F02","r04c06",2383.121
"20240618","C","F02","r05c05",2472.304
"20240618","C","F02","r06c04",2263.349
"20240618","C","F02","r06c06",2472.56
"20240618","C","F03","r04c04",2722.853
"20240618","C","F03","r04c06",2670.386
"20240618","C","F03","r05c05",2584.381
"20240618","C","F03","r06c04",2589.518
"20240618","C","F03","r06c06",2608.75
"20240618","C","F04","r04c04",2702.885
"20240618","C","F04","r04c06",2370.792
"20240618","C","F04","r05c05",2420.106
"20240618","C","F04","r06c04",2663.939
"20240618","C","F04","r06c06",2530.279
"20240618","C","F05","r04c04",2263.557
"20240618","C","F05","r04c06",2397.406
"20240618","C","F05","r05c05",2263.101
"20240618","C","F05","r06c04",2274.245
"20240618","C","F05","r06c06",2115.418
"20240618","C","F06","r04c04",2551.05
"20240618","C","F06","r04c06",2603.466
"20240618","C","F06","r05c05",2400.732
"20240618","C","F06","r06c04",2507.113
"20240618","C","F06","r06c06",2421.008
"20240618","C","F07","r04c04",2310.841
"20240618","C","F07","r04c06",2533.196
"20240618","C","F07","r05c05",2300.446
"20240618","C","F07","r06c04",2196.422
"20240618","C","F07","r06c06",2230.522
"20240618","C","F08","r04c04",2304.199
"20240618","C","F08","r04c06",2072.717
"20240618","C","F08","r05c05",2157.094
"20240618","C","F08","r06c04",2033.81
"20240618","C","F08","r06c06",2067.329
"20240618","C","F09","r04c04",1380.868
"20240618","C","F09","r04c06",1430.18
"20240618","C","F09","r05c05",1349.209
"20240618","C","F09","r06c04",1377.254
"20240618","C","F09","r06c06",1286.743
"20240618","C","F10","r04c04",1858.751
"20240618","C","F10","r04c06",1771.225
"20240618","C","F10","r05c05",1703.93
"20240618","C","F10","r06c04",1722.517
"20240618","C","F10","r06c06",1713.479
"20240618","C","F11","r04c04",2298.78
"20240618","C","F11","r04c06",2457.364
"20240618","C","F11","r05c05",2238.108
"20240618","C","F11","r06c04",2256.499
"20240618","C","F11","r06c06",2216.131
"20240618","C","G06","r04c04",231.688
"20240618","C","G06","r04c06",225.198
"20240618","C","G06","r05c05",232.597
"20240618","C","G06","r06c04",231.859
"20240618","C","G06","r06c06",225.792
"20240618","C","G07","r04c04",229.479
"20240618","C","G07","r04c06",229.116
"20240618","C","G07","r05c05",225.166
"20240618","C","G07","r06c04",218.35
"20240618","C","G07","r06c06",225.509
"20240618","C","G08","r04c04",2278.505
"20240618","C","G08","r04c06",2185.277
"20240618","C","G08","r05c05",2280.557
"20240618","C","G08","r06c04",2243.222
"20240618","C","G08","r06c06",2100.157
"20240618","C","G09","r04c04",1832.093
"20240618","C","G09","r04c06",1854.336
"20240618","C","G09","r05c05",1891.892
"20240618","C","G09","r06c04",2042.656
"20240618","C","G09","r06c06",1902.381
"20240618","C","G10","r04c04",1368.142
"20240618","C","G10","r04c06",1257.414
"20240618","C","G10","r05c05",1284.692
"20240618","C","G10","r06c04",1510.953
"20240618","C","G10","r06c06",1228.427
"20240618","C","G11","r04c04",2098.165
"20240618","C","G11","r04c06",2163.136
"20240618","C","G11","r05c05",2375.559
"20240618","C","G11","r06c04",2332.448
"20240618","C","G11","r06c06",2202.838
"20240618","D","B02","r04c04",2875.065
"20240618","D","B02","r04c06",2720.182
"20240618","D","B02","r05c05",3078.196
"20240618","D","B02","r06c04",3145.312
"20240618","D","B02","r06c06",3128.162
"20240618","D","B03","r04c04",3089.741
"20240618","D","B03","r04c06",3107.504
"20240618","D","B03","r05c05",2810.741
"20240618","D","B03","r06c04",3185.177
"20240618","D","B03","r06c06",3040.948
"20240618","D","B04","r04c04",2915.836
"20240618","D","B04","r04c06",2849.911
"20240618","D","B04","r05c05",2693.883
"20240618","D","B04","r06c04",2845.56
"20240618","D","B04","r06c06",2698.778
"20240618","D","B05","r04c04",2163.904
"20240618","D","B05","r04c06",2203.671
"20240618","D","B05","r05c05",2334.354
"20240618","D","B05","r06c04",2318.757
"20240618","D","B05","r06c06",2531.91
"20240618","D","B06","r04c04",3719.925
"20240618","D","B06","r04c06",3892.921
"20240618","D","B06","r05c05",4116.749
"20240618","D","B06","r06c04",3980.322
"20240618","D","B06","r06c06",3986.301
"20240618","D","B07","r04c04",2539.252
"20240618","D","B07","r04c06",2491.619
"20240618","D","B07","r05c05",2480.359
"20240618","D","B07","r06c04",2630.725
"20240618","D","B07","r06c06",2665.252
"20240618","D","B08","r04c04",4406.993
"20240618","D","B08","r04c06",4776.061
"20240618","D","B08","r05c05",4151.392
"20240618","D","B08","r06c04",3988.403
"20240618","D","B08","r06c06",4517.24
"20240618","D","B09","r04c04",3175.004
"20240618","D","B09","r04c06",3029.392
"20240618","D","B09","r05c05",2983.87
"20240618","D","B09","r06c04",3231.105
"20240618","D","B09","r06c06",2827.429
"20240618","D","B10","r04c04",3566.881
"20240618","D","B10","r04c06",2829.16
"20240618","D","B10","r05c05",2398.1
"20240618","D","B10","r06c04",2612.828
"20240618","D","B10","r06c06",1454.31
"20240618","D","B11","r04c04",2129.289
"20240618","D","B11","r04c06",2051.02
"20240618","D","B11","r05c05",2312.601
"20240618","D","B11","r06c04",2245.819
"20240618","D","B11","r06c06",2158.598
"20240618","D","C02","r04c04",2068.95
"20240618","D","C02","r04c06",2004.244
"20240618","D","C02","r05c05",2098.522
"20240618","D","C02","r06c04",2298.654
"20240618","D","C02","r06c06",2411.72
"20240618","D","C03","r04c04",2197.958
"20240618","D","C03","r04c06",2258.304
"20240618","D","C03","r05c05",2308.32
"20240618","D","C03","r06c04",2537.007
"20240618","D","C03","r06c06",2435.869
"20240618","D","C04","r04c04",3265.899
"20240618","D","C04","r04c06",2976.222
"20240618","D","C04","r05c05",3018.635
"20240618","D","C04","r06c04",3059.985
"20240618","D","C04","r06c06",3217.481
"20240618","D","C05","r04c04",3126.454
"20240618","D","C05","r04c06",2879.128
"20240618","D","C05","r05c05",2998.933
"20240618","D","C05","r06c04",3000.676
"20240618","D","C05","r06c06",3051.48
"20240618","D","C06","r04c04",2461.199
"20240618","D","C06","r04c06",2468.346
"20240618","D","C06","r05c05",2430.302
"20240618","D","C06","r06c04",2589.372
"20240618","D","C06","r06c06",2524.633
"20240618","D","C07","r04c04",3177.728
"20240618","D","C07","r04c06",3411.105
"20240618","D","C07","r05c05",3114.68
"20240618","D","C07","r06c04",3272.242
"20240618","D","C07","r06c06",3132.864
"20240618","D","C08","r04c04",3413.11
"20240618","D","C08","r04c06",3486.432
"20240618","D","C08","r05c05",3609.378
"20240618","D","C08","r06c04",3560.672
"20240618","D","C08","r06c06",3829.98
"20240618","D","C09","r04c04",3780.552
"20240618","D","C09","r04c06",3822.684
"20240618","D","C09","r05c05",3661.89
"20240618","D","C09","r06c04",3872.636
"20240618","D","C09","r06c06",3616.191
"20240618","D","C11","r04c04",2500.415
"20240618","D","C11","r04c06",2750.287
"20240618","D","C11","r05c05",2781.825
"20240618","D","C11","r06c04",2952.004
"20240618","D","C11","r06c06",2725.766
"20240618","D","D02","r04c04",2996.564
"20240618","D","D02","r04c06",2915.974
"20240618","D","D02","r05c05",2936.678
"20240618","D","D02","r06c04",3122.245
"20240618","D","D02","r06c06",3172.255
"20240618","D","D04","r04c04",2546.385
"20240618","D","D04","r04c06",2532.222
"20240618","D","D04","r05c05",2587.995
"20240618","D","D04","r06c04",2512.198
"20240618","D","D04","r06c06",2566.232
"20240618","D","D06","r04c04",3275.68
"20240618","D","D06","r04c06",3519.258
"20240618","D","D06","r05c05",3302.807
"20240618","D","D06","r06c04",3445.956
"20240618","D","D06","r06c06",3624.443
"20240618","D","D07","r04c04",2176.211
"20240618","D","D07","r04c06",2248.848
"20240618","D","D07","r05c05",2184.907
"20240618","D","D07","r06c04",2191.901
"20240618","D","D07","r06c06",2186.566
"20240618","D","D08","r04c04",2450.517
"20240618","D","D08","r04c06",2436.631
"20240618","D","D08","r05c05",2457.528
"20240618","D","D08","r06c04",2286.672
"20240618","D","D08","r06c06",2230.308
"20240618","D","D09","r04c04",3530.247
"20240618","D","D09","r04c06",3780.553
"20240618","D","D09","r05c05",3839.171
"20240618","D","D09","r06c04",3983.062
"20240618","D","D09","r06c06",3855.696
"20240618","D","D10","r04c04",2542.055
"20240618","D","D10","r04c06",2728.113
"20240618","D","D10","r05c05",2827.447
"20240618","D","D10","r06c04",2758.767
"20240618","D","D10","r06c06",2664.525
"20240618","D","D11","r04c04",2669.043
"20240618","D","D11","r04c06",2649.298
"20240618","D","D11","r05c05",2743.619
"20240618","D","D11","r06c04",3010.95
"20240618","D","D11","r06c06",2781.787
"20240618","D","E02","r04c04",3228
"20240618","D","E02","r04c06",3041.783
"20240618","D","E02","r05c05",3235.703
"20240618","D","E02","r06c04",2992.05
"20240618","D","E02","r06c06",2948.764
"20240618","D","E03","r04c04",3439.344
"20240618","D","E03","r04c06",3919.831
"20240618","D","E03","r05c05",3232.264
"20240618","D","E03","r06c04",3224.515
"20240618","D","E03","r06c06",3141.718
"20240618","D","E04","r04c04",2889.259
"20240618","D","E04","r04c06",2973.145
"20240618","D","E04","r05c05",3103.605
"20240618","D","E04","r06c04",3333.102
"20240618","D","E04","r06c06",3095.606
"20240618","D","E05","r04c04",2685.354
"20240618","D","E05","r04c06",2920.936
"20240618","D","E05","r05c05",2625.421
"20240618","D","E05","r06c04",2963.847
"20240618","D","E05","r06c06",2912.473
"20240618","D","E06","r04c04",1664.953
"20240618","D","E06","r04c06",1725.533
"20240618","D","E06","r05c05",1756.329
"20240618","D","E06","r06c04",1763.742
"20240618","D","E06","r06c06",1672.877
"20240618","D","E07","r04c04",2426.423
"20240618","D","E07","r04c06",2408.809
"20240618","D","E07","r05c05",2445.237
"20240618","D","E07","r06c04",2283.788
"20240618","D","E07","r06c06",2228.704
"20240618","D","E08","r04c04",3557.198
"20240618","D","E08","r04c06",3256.206
"20240618","D","E08","r05c05",3343.187
"20240618","D","E08","r06c04",3759.327
"20240618","D","E08","r06c06",3429.601
"20240618","D","E09","r04c04",2281.003
"20240618","D","E09","r04c06",2387.946
"20240618","D","E09","r05c05",2394.756
"20240618","D","E09","r06c04",2209.348
"20240618","D","E09","r06c06",2191.48
"20240618","D","E10","r04c04",2568.21
"20240618","D","E10","r04c06",2493.885
"20240618","D","E10","r05c05",2514.944
"20240618","D","E10","r06c04",2436.717
"20240618","D","E10","r06c06",2347.009
"20240618","D","E11","r04c04",3120.385
"20240618","D","E11","r04c06",3322.99
"20240618","D","E11","r05c05",3219.061
"20240618","D","E11","r06c04",3114.713
"20240618","D","E11","r06c06",2990.968
"20240618","D","F02","r04c04",2375.822
"20240618","D","F02","r04c06",2285.902
"20240618","D","F02","r05c05",1885.999
"20240618","D","F02","r06c04",2200.047
"20240618","D","F02","r06c06",1986.617
"20240618","D","F03","r04c04",2679.054
"20240618","D","F03","r04c06",2481.791
"20240618","D","F03","r05c05",2676.585
"20240618","D","F03","r06c04",2420.997
"20240618","D","F03","r06c06",2530.358
"20240618","D","F04","r04c04",3098.866
"20240618","D","F04","r04c06",2703.375
"20240618","D","F04","r05c05",2827.273
"20240618","D","F04","r06c04",2897.696
"20240618","D","F04","r06c06",2693.446
"20240618","D","F05","r04c04",2869.906
"20240618","D","F05","r04c06",3057.364
"20240618","D","F05","r05c05",2777.672
"20240618","D","F05","r06c04",2756.816
"20240618","D","F05","r06c06",2631.966
"20240618","D","F06","r04c04",2959.411
"20240618","D","F06","r04c06",2625.88
"20240618","D","F06","r05c05",2849.952
"20240618","D","F06","r06c04",2458.199
"20240618","D","F06","r06c06",2710.129
"20240618","D","F07","r04c04",2340.988
"20240618","D","F07","r04c06",2510.894
"20240618","D","F07","r05c05",2457.839
"20240618","D","F07","r06c04",2494.937
"20240618","D","F07","r06c06",2209.967
"20240618","D","F08","r04c04",2858.566
"20240618","D","F08","r04c06",2723.272
"20240618","D","F08","r05c05",3082.59
"20240618","D","F08","r06c04",2463.149
"20240618","D","F08","r06c06",2908.096
"20240618","D","F09","r04c04",1894.001
"20240618","D","F09","r04c06",1692.41
"20240618","D","F09","r05c05",1758.553
"20240618","D","F09","r06c04",1670.148
"20240618","D","F09","r06c06",1806.978
"20240618","D","F10","r04c04",1997.415
"20240618","D","F10","r04c06",1877.199
"20240618","D","F10","r05c05",2042.408
"20240618","D","F10","r06c04",2040.64
"20240618","D","F10","r06c06",1851.539
"20240618","D","F11","r04c04",3268.781
"20240618","D","F11","r04c06",3174.277
"20240618","D","F11","r05c05",3069.808
"20240618","D","F11","r06c04",3211.088
"20240618","D","F11","r06c06",3254.934
"20240618","D","G06","r04c04",241.683
"20240618","D","G06","r04c06",241.539
"20240618","D","G06","r05c05",241.016
"20240618","D","G06","r06c04",252.642
"20240618","D","G06","r06c06",241.13
"20240618","D","G07","r04c04",238.694
"20240618","D","G07","r04c06",219.579
"20240618","D","G07","r05c05",222.796
"20240618","D","G07","r06c04",221.638
"20240618","D","G07","r06c06",215.207
"20240618","D","G08","r04c04",2704.888
"20240618","D","G08","r04c06",2697.5
"20240618","D","G08","r05c05",2606.6
"20240618","D","G08","r06c04",2369.655
"20240618","D","G08","r06c06",2462.048
"20240618","D","G09","r04c04",2243.771
"20240618","D","G09","r04c06",2525.837
"20240618","D","G09","r05c05",2356.721
"20240618","D","G09","r06c04",2440.708
"20240618","D","G09","r06c06",2462.766
"20240618","D","G10","r04c04",2158.295
"20240618","D","G10","r04c06",2059.24
"20240618","D","G10","r05c05",2012.52
"20240618","D","G10","r06c04",2115.217
"20240618","D","G10","r06c06",2152.346
"20240618","D","G11","r04c04",2273.589
"20240618","D","G11","r04c06",2655.52
"20240618","D","G11","r05c05",2462.494
"20240618","D","G11","r06c04",2589.12
"20240618","D","G11","r06c06",2542.797
"20240618","A","B02","r04c04",2805.527
"20240618","A","B02","r04c06",2767.749
"20240618","A","B02","r05c05",2779.771
"20240618","A","B02","r06c04",2637.222
"20240618","A","B02","r06c06",2754.423
"20240618","A","B03","r04c04",2693.873
"20240618","A","B03","r04c06",2957.242
"20240618","A","B03","r05c05",2763.32
"20240618","A","B03","r06c04",2631.512
"20240618","A","B03","r06c06",2843.052
"20240618","A","B04","r04c04",2200.374
"20240618","A","B04","r04c06",2243.329
"20240618","A","B04","r05c05",2218.896
"20240618","A","B04","r06c04",2256.808
"20240618","A","B04","r06c06",2381.409
"20240618","A","B05","r04c04",1986.359
"20240618","A","B05","r04c06",1999.831
"20240618","A","B05","r05c05",1928.761
"20240618","A","B05","r06c04",1847.25
"20240618","A","B05","r06c06",1912.492
"20240618","A","B06","r04c04",3792.104
"20240618","A","B06","r04c06",3890.833
"20240618","A","B06","r05c05",4032.183
"20240618","A","B06","r06c04",3899.986
"20240618","A","B06","r06c06",3670.799
"20240618","A","B07","r04c04",2103.19
"20240618","A","B07","r04c06",2238.057
"20240618","A","B07","r05c05",2176.726
"20240618","A","B07","r06c04",2101.012
"20240618","A","B07","r06c06",2092.416
"20240618","A","B08","r04c04",4087.198
"20240618","A","B08","r04c06",3738.043
"20240618","A","B08","r05c05",3636.758
"20240618","A","B08","r06c04",4115.923
"20240618","A","B08","r06c06",4037.827
"20240618","A","B09","r04c04",3036.093
"20240618","A","B09","r04c06",3280.05
"20240618","A","B09","r05c05",2952.293
"20240618","A","B09","r06c04",3131.556
"20240618","A","B09","r06c06",3092.276
"20240618","A","B10","r04c04",3161.244
"20240618","A","B10","r04c06",3544.993
"20240618","A","B10","r05c05",3053.256
"20240618","A","B10","r06c04",3026.637
"20240618","A","B10","r06c06",3056.04
"20240618","A","B11","r04c04",1789.05
"20240618","A","B11","r04c06",1998.263
"20240618","A","B11","r05c05",1824.159
"20240618","A","B11","r06c04",1776.766
"20240618","A","B11","r06c06",2058.771
"20240618","A","C02","r04c04",1690.175
"20240618","A","C02","r04c06",1899.881
"20240618","A","C02","r05c05",1828.443
"20240618","A","C02","r06c04",1943.911
"20240618","A","C02","r06c06",1930.73
"20240618","A","C03","r04c04",1864.434
"20240618","A","C03","r04c06",1971.105
"20240618","A","C03","r05c05",2101.007
"20240618","A","C03","r06c04",2195.102
"20240618","A","C03","r06c06",1986.887
"20240618","A","C04","r04c04",2867.388
"20240618","A","C04","r04c06",2938.852
"20240618","A","C04","r05c05",2619.52
"20240618","A","C04","r06c04",2849.245
"20240618","A","C04","r06c06",2877.289
"20240618","A","C05","r04c04",2468.913
"20240618","A","C05","r04c06",2633.257
"20240618","A","C05","r05c05",2708.277
"20240618","A","C05","r06c04",2702.25
"20240618","A","C05","r06c06",2518.834
"20240618","A","C06","r04c04",2400.475
"20240618","A","C06","r04c06",2302.15
"20240618","A","C06","r05c05",2226.028
"20240618","A","C06","r06c04",2424.723
"20240618","A","C06","r06c06",2045.526
"20240618","A","C07","r04c04",2248.266
"20240618","A","C07","r04c06",2568.431
"20240618","A","C07","r05c05",2419.338
"20240618","A","C07","r06c04",2264.741
"20240618","A","C07","r06c06",2306.663
"20240618","A","C08","r04c04",2605.508
"20240618","A","C08","r04c06",2915.248
"20240618","A","C08","r05c05",2839.457
"20240618","A","C08","r06c04",2361.881
"20240618","A","C08","r06c06",2494.224
"20240618","A","C09","r04c04",2899.596
"20240618","A","C09","r04c06",2882.465
"20240618","A","C09","r05c05",2811.704
"20240618","A","C09","r06c04",3114.132
"20240618","A","C09","r06c06",2735.254
"20240618","A","C11","r04c04",2048.214
"20240618","A","C11","r04c06",1791.413
"20240618","A","C11","r05c05",1979.864
"20240618","A","C11","r06c04",1868.88
"20240618","A","C11","r06c06",1901.838
"20240618","A","D02","r04c04",2920.252
"20240618","A","D02","r04c06",2992.651
"20240618","A","D02","r05c05",2788.877
"20240618","A","D02","r06c04",2943.857
"20240618","A","D02","r06c06",2991.111
"20240618","A","D04","r04c04",1929.03
"20240618","A","D04","r04c06",1777.876
"20240618","A","D04","r05c05",1758.996
"20240618","A","D04","r06c04",1777.581
"20240618","A","D04","r06c06",1904.481
"20240618","A","D06","r04c04",2803.235
"20240618","A","D06","r04c06",2771.268
"20240618","A","D06","r05c05",2751.782
"20240618","A","D06","r06c04",2511.453
"20240618","A","D06","r06c06",2466.341
"20240618","A","D07","r04c04",1919.975
"20240618","A","D07","r04c06",1815.792
"20240618","A","D07","r05c05",1860.577
"20240618","A","D07","r06c04",1786.569
"20240618","A","D07","r06c06",1628.646
"20240618","A","D08","r04c04",1534.421
"20240618","A","D08","r04c06",1565.428
"20240618","A","D08","r05c05",1430.266
"20240618","A","D08","r06c04",1432.776
"20240618","A","D08","r06c06",1567.526
"20240618","A","D09","r04c04",2586.168
"20240618","A","D09","r04c06",2622.28
"20240618","A","D09","r05c05",2589.499
"20240618","A","D09","r06c04",2719.079
"20240618","A","D09","r06c06",2562.333
"20240618","A","D10","r04c04",2280.584
"20240618","A","D10","r04c06",2108.851
"20240618","A","D10","r05c05",2252.988
"20240618","A","D10","r06c04",1987.795
"20240618","A","D10","r06c06",2274.018
"20240618","A","D11","r04c04",1965.596
"20240618","A","D11","r04c06",2067.324
"20240618","A","D11","r05c05",1892.269
"20240618","A","D11","r06c04",1781.221
"20240618","A","D11","r06c06",2045.054
"20240618","A","E02","r04c04",2692.938
"20240618","A","E02","r04c06",3123.05
"20240618","A","E02","r05c05",2817.834
"20240618","A","E02","r06c04",2796.353
"20240618","A","E02","r06c06",3046.258
"20240618","A","E03","r04c04",2910.592
"20240618","A","E03","r04c06",3151
"20240618","A","E03","r05c05",3007.591
"20240618","A","E03","r06c04",3013.286
"20240618","A","E03","r06c06",2849.148
"20240618","A","E04","r04c04",2514.258
"20240618","A","E04","r04c06",2337.347
"20240618","A","E04","r05c05",2491.552
"20240618","A","E04","r06c04",2304.228
"20240618","A","E04","r06c06",2235.832
"20240618","A","E05","r04c04",2417.727
"20240618","A","E05","r04c06",2708.567
"20240618","A","E05","r05c05",2302.81
"20240618","A","E05","r06c04",2422.209
"20240618","A","E05","r06c06",2247.629
"20240618","A","E06","r04c04",1512.984
"20240618","A","E06","r04c06",1569.04
"20240618","A","E06","r05c05",1645.383
"20240618","A","E06","r06c04",1572.403
"20240618","A","E06","r06c06",1666.758
"20240618","A","E07","r04c04",1886.669
"20240618","A","E07","r04c06",1794.691
"20240618","A","E07","r05c05",1852.182
"20240618","A","E07","r06c04",2000.352
"20240618","A","E07","r06c06",1759.277
"20240618","A","E08","r04c04",2708.321
"20240618","A","E08","r04c06",2607.339
"20240618","A","E08","r05c05",2709.549
"20240618","A","E08","r06c04",2678.385
"20240618","A","E08","r06c06",2446.646
"20240618","A","E09","r04c04",1793.352
"20240618","A","E09","r04c06",1700.193
"20240618","A","E09","r05c05",1601.092
"20240618","A","E09","r06c04",1617.986
"20240618","A","E09","r06c06",1695.111
"20240618","A","E10","r04c04",1434.033
"20240618","A","E10","r04c06",1435.277
"20240618","A","E10","r05c05",1226.432
"20240618","A","E10","r06c04",1333.605
"20240618","A","E10","r06c06",1180.686
"20240618","A","E11","r04c04",1722.729
"20240618","A","E11","r04c06",1925.674
"20240618","A","E11","r05c05",1837.798
"20240618","A","E11","r06c04",1905.586
"20240618","A","E11","r06c06",1785.437
"20240618","A","F02","r04c04",2413.667
"20240618","A","F02","r04c06",2414.333
"20240618","A","F02","r05c05",2328.471
"20240618","A","F02","r06c04",2315.6
"20240618","A","F02","r06c06",2277.231
"20240618","A","F03","r04c04",2756.374
"20240618","A","F03","r04c06",2491.043
"20240618","A","F03","r05c05",2467.786
"20240618","A","F03","r06c04",2471.066
"20240618","A","F03","r06c06",2352.449
"20240618","A","F04","r04c04",2561.492
"20240618","A","F04","r04c06",2294.555
"20240618","A","F04","r05c05",2339.925
"20240618","A","F04","r06c04",2380.694
"20240618","A","F04","r06c06",2530.436
"20240618","A","F05","r04c04",2278.726
"20240618","A","F05","r04c06",2183.488
"20240618","A","F05","r05c05",2293.193
"20240618","A","F05","r06c04",2261.04
"20240618","A","F05","r06c06",2310.045
"20240618","A","F06","r04c04",2603.531
"20240618","A","F06","r04c06",2570.258
"20240618","A","F06","r05c05",2410.308
"20240618","A","F06","r06c04",2460.593
"20240618","A","F06","r06c06",2478.634
"20240618","A","F07","r04c04",1899.125
"20240618","A","F07","r04c06",1943.237
"20240618","A","F07","r05c05",2060.123
"20240618","A","F07","r06c04",1763.458
"20240618","A","F07","r06c06",2000.578
"20240618","A","F08","r04c04",2220.179
"20240618","A","F08","r04c06",2175.082
"20240618","A","F08","r05c05",2096.141
"20240618","A","F08","r06c04",2136.594
"20240618","A","F08","r06c06",1985.354
"20240618","A","F09","r04c04",1351.66
"20240618","A","F09","r04c06",1359.596
"20240618","A","F09","r05c05",1340.823
"20240618","A","F09","r06c04",1377.006
"20240618","A","F09","r06c06",1223.755
"20240618","A","F10","r04c04",1712.739
"20240618","A","F10","r04c06",1692.622
"20240618","A","F10","r05c05",1606.629
"20240618","A","F10","r06c04",1698.672
"20240618","A","F10","r06c06",1603.211
"20240618","A","F11","r04c04",2486.007
"20240618","A","F11","r04c06",2372.745
"20240618","A","F11","r05c05",2341.802
"20240618","A","F11","r06c04",2324.136
"20240618","A","F11","r06c06",2451.384
"20240618","A","G06","r04c04",259.427
"20240618","A","G06","r04c06",256.204
"20240618","A","G06","r05c05",255.816
"20240618","A","G06","r06c04",259.177
"20240618","A","G06","r06c06",244.324
"20240618","A","G07","r04c04",255.576
"20240618","A","G07","r04c06",253.358
"20240618","A","G07","r05c05",250.114
"20240618","A","G07","r06c04",252.681
"20240618","A","G07","r06c06",263.881
"20240618","A","G08","r04c04",2079.853
"20240618","A","G08","r04c06",1945.827
"20240618","A","G08","r05c05",2127.245
"20240618","A","G08","r06c04",1999.074
"20240618","A","G08","r06c06",1757.88
"20240618","A","G09","r04c04",1976.38
"20240618","A","G09","r04c06",1950.901
"20240618","A","G09","r05c05",1875.184
"20240618","A","G09","r06c04",2053.571
"20240618","A","G09","r06c06",1877.706
"20240618","A","G10","r04c04",1841.183
"20240618","A","G10","r04c06",1912.644
"20240618","A","G10","r05c05",1883.293
"20240618","A","G10","r06c04",1950.984
"20240618","A","G10","r06c06",2013.097
"20240618","A","G11","r04c04",2321.489
"20240618","A","G11","r04c06",2425.316
"20240618","A","G11","r05c05",2315.153
"20240618","A","G11","r06c04",2165.694
"20240618","A","G11","r06c06",2047.547
"20240621","A","B02","r04c04",2547.53
"20240621","A","B02","r04c06",2339.047
"20240621","A","B02","r05c05",2413.119
"20240621","A","B02","r06c04",2344.758
"20240621","A","B02","r06c06",2269.338
"20240621","A","B03","r04c04",2081.546
"20240621","A","B03","r04c06",2284.226
"20240621","A","B03","r05c05",1813.541
"20240621","A","B03","r06c04",1723.218
"20240621","A","B03","r06c06",1820.991
"20240621","A","B04","r04c04",2206.299
"20240621","A","B04","r04c06",2309.206
"20240621","A","B04","r05c05",2177.519
"20240621","A","B04","r06c04",2099.145
"20240621","A","B04","r06c06",1984.631
"20240621","A","B05","r04c04",1658.558
"20240621","A","B05","r04c06",1408.067
"20240621","A","B05","r05c05",1460.448
"20240621","A","B05","r06c04",1572.31
"20240621","A","B05","r06c06",1477.542
"20240621","A","B06","r04c04",3279.853
"20240621","A","B06","r04c06",3437.386
"20240621","A","B06","r05c05",3109.677
"20240621","A","B06","r06c04",3085.403
"20240621","A","B06","r06c06",2750.968
"20240621","A","B08","r04c04",2158.62
"20240621","A","B08","r04c06",2240.012
"20240621","A","B08","r05c05",1963.41
"20240621","A","B08","r06c04",1705.329
"20240621","A","B08","r06c06",1652.814
"20240621","A","B10","r04c04",3162.741
"20240621","A","B10","r04c06",3839.179
"20240621","A","B10","r05c05",3437.645
"20240621","A","B10","r06c04",3191.856
"20240621","A","B10","r06c06",3263.389
"20240621","A","B11","r04c04",2577.163
"20240621","A","B11","r04c06",2927.296
"20240621","A","B11","r05c05",2485.725
"20240621","A","B11","r06c04",2144.769
"20240621","A","B11","r06c06",2360.873
"20240621","A","C02","r04c04",3172.628
"20240621","A","C02","r04c06",3236.83
"20240621","A","C02","r05c05",3501.149
"20240621","A","C02","r06c04",3061.213
"20240621","A","C02","r06c06",3298.136
"20240621","A","C03","r04c04",1552.009
"20240621","A","C03","r04c06",1666.794
"20240621","A","C03","r05c05",1667.926
"20240621","A","C03","r06c04",1581.953
"20240621","A","C03","r06c06",1486.703
"20240621","A","C04","r04c04",1474.507
"20240621","A","C04","r04c06",1573.781
"20240621","A","C04","r05c05",1424.14
"20240621","A","C04","r06c04",1386.387
"20240621","A","C04","r06c06",1367.081
"20240621","A","C05","r04c04",2304.065
"20240621","A","C05","r04c06",2111.223
"20240621","A","C05","r05c05",2077.952
"20240621","A","C05","r06c04",2009.063
"20240621","A","C05","r06c06",2114.376
"20240621","A","C06","r04c04",2104.015
"20240621","A","C06","r04c06",1753.359
"20240621","A","C06","r05c05",2033.367
"20240621","A","C06","r06c04",2061.175
"20240621","A","C06","r06c06",1885.296
"20240621","A","C07","r04c04",2669.509
"20240621","A","C07","r04c06",2557.509
"20240621","A","C07","r05c05",2512.341
"20240621","A","C07","r06c04",2464.431
"20240621","A","C07","r06c06",2230.854
"20240621","A","C08","r04c04",1684.234
"20240621","A","C08","r04c06",1683.154
"20240621","A","C08","r05c05",1442.189
"20240621","A","C08","r06c04",1589.099
"20240621","A","C08","r06c06",1609.201
"20240621","A","C09","r04c04",2633.45
"20240621","A","C09","r04c06",2400.433
"20240621","A","C09","r05c05",2404.339
"20240621","A","C09","r06c04",2383.909
"20240621","A","C09","r06c06",2151.408
"20240621","A","C10","r04c04",2293.313
"20240621","A","C10","r04c06",2329.782
"20240621","A","C10","r05c05",2194.093
"20240621","A","C10","r06c04",2205.967
"20240621","A","C10","r06c06",2018.258
"20240621","A","C11","r04c04",2748.407
"20240621","A","C11","r04c06",2922.566
"20240621","A","C11","r05c05",2785.839
"20240621","A","C11","r06c04",2593.477
"20240621","A","C11","r06c06",2714.792
"20240621","A","D02","r04c04",2801.932
"20240621","A","D02","r04c06",2879.254
"20240621","A","D02","r05c05",2582.578
"20240621","A","D02","r06c04",2459.335
"20240621","A","D02","r06c06",2778.265
"20240621","A","D04","r04c04",2986.978
"20240621","A","D04","r04c06",3202.445
"20240621","A","D04","r05c05",2804.135
"20240621","A","D04","r06c04",2871.531
"20240621","A","D04","r06c06",2712.101
"20240621","A","D06","r04c04",4154.426
"20240621","A","D06","r04c06",3509.672
"20240621","A","D06","r05c05",3800.104
"20240621","A","D06","r06c04",3562.258
"20240621","A","D06","r06c06",3613.258
"20240621","A","D07","r04c04",2033.257
"20240621","A","D07","r04c06",2347.852
"20240621","A","D07","r05c05",1768.517
"20240621","A","D07","r06c04",1928.69
"20240621","A","D07","r06c06",2032.175
"20240621","A","D09","r04c04",1889.272
"20240621","A","D09","r04c06",1958.497
"20240621","A","D09","r05c05",1808.506
"20240621","A","D09","r06c04",1897.603
"20240621","A","D09","r06c06",1828.281
"20240621","A","D11","r04c04",1962.977
"20240621","A","D11","r04c06",2019.118
"20240621","A","D11","r05c05",1997.463
"20240621","A","D11","r06c04",1877.143
"20240621","A","D11","r06c06",1854.73
"20240621","A","E02","r04c04",2681.038
"20240621","A","E02","r04c06",2096.747
"20240621","A","E02","r05c05",2353.131
"20240621","A","E02","r06c04",2840.329
"20240621","A","E02","r06c06",2303.018
"20240621","A","E03","r04c04",2188.717
"20240621","A","E03","r04c06",2211.169
"20240621","A","E03","r05c05",2126.148
"20240621","A","E03","r06c04",2354.32
"20240621","A","E03","r06c06",2191.503
"20240621","A","E04","r04c04",2489.122
"20240621","A","E04","r04c06",2530.721
"20240621","A","E04","r05c05",2568.387
"20240621","A","E04","r06c04",2061.074
"20240621","A","E04","r06c06",2059.84
"20240621","A","E05","r04c04",2729.14
"20240621","A","E05","r04c06",2757.192
"20240621","A","E05","r05c05",2787.407
"20240621","A","E05","r06c04",2829.029
"20240621","A","E05","r06c06",2487.042
"20240621","A","E06","r04c04",1842.815
"20240621","A","E06","r04c06",1315.446
"20240621","A","E06","r05c05",1413.232
"20240621","A","E06","r06c04",1436.091
"20240621","A","E06","r06c06",1245.909
"20240621","A","E07","r04c04",3298.47
"20240621","A","E07","r04c06",3250.891
"20240621","A","E07","r05c05",3247.37
"20240621","A","E07","r06c04",2965.348
"20240621","A","E07","r06c06",2988.089
"20240621","A","E08","r04c04",2379.522
"20240621","A","E08","r04c06",2109.017
"20240621","A","E08","r05c05",2283.969
"20240621","A","E08","r06c04",2397.289
"20240621","A","E08","r06c06",2325.289
"20240621","A","E09","r04c04",2378.309
"20240621","A","E09","r04c06",2226.048
"20240621","A","E09","r05c05",2264.393
"20240621","A","E09","r06c04",2341.987
"20240621","A","E09","r06c06",2399.355
"20240621","A","E10","r04c04",1724.478
"20240621","A","E10","r04c06",2001.693
"20240621","A","E10","r05c05",1671.195
"20240621","A","E10","r06c04",1768.467
"20240621","A","E10","r06c06",1807.537
"20240621","A","E11","r04c04",2670.329
"20240621","A","E11","r04c06",2530.628
"20240621","A","E11","r05c05",2366.286
"20240621","A","E11","r06c04",2430.564
"20240621","A","E11","r06c06",2396.836
"20240621","A","F02","r04c04",1635.162
"20240621","A","F02","r04c06",1691.406
"20240621","A","F02","r05c05",1937.367
"20240621","A","F02","r06c04",2029.135
"20240621","A","F02","r06c06",1786.589
"20240621","A","F03","r04c04",1753.204
"20240621","A","F03","r04c06",1726.781
"20240621","A","F03","r05c05",1644.7
"20240621","A","F03","r06c04",1598.314
"20240621","A","F03","r06c06",1623.082
"20240621","A","F04","r04c04",2396.165
"20240621","A","F04","r04c06",2218.62
"20240621","A","F04","r05c05",2304.444
"20240621","A","F04","r06c04",2444.349
"20240621","A","F04","r06c06",2557.286
"20240621","A","F05","r04c04",2624.611
"20240621","A","F05","r04c06",2504.645
"20240621","A","F05","r05c05",2636.403
"20240621","A","F05","r06c04",2724.486
"20240621","A","F05","r06c06",2388.685
"20240621","A","F06","r04c04",3006.814
"20240621","A","F06","r04c06",2546.688
"20240621","A","F06","r05c05",2657.563
"20240621","A","F06","r06c04",2735.747
"20240621","A","F06","r06c06",2758.296
"20240621","A","F07","r04c04",2120.678
"20240621","A","F07","r04c06",2323.262
"20240621","A","F07","r05c05",2031.02
"20240621","A","F07","r06c04",1836.951
"20240621","A","F07","r06c06",2351.244
"20240621","A","F08","r04c04",2224.919
"20240621","A","F08","r04c06",2222.913
"20240621","A","F08","r05c05",2077.786
"20240621","A","F08","r06c04",2131.502
"20240621","A","F08","r06c06",2322.242
"20240621","A","F09","r04c04",2343.574
"20240621","A","F09","r04c06",2496.522
"20240621","A","F09","r05c05",2681.159
"20240621","A","F09","r06c04",2389.81
"20240621","A","F09","r06c06",2298.15
"20240621","A","F11","r04c04",2043.481
"20240621","A","F11","r04c06",2243.333
"20240621","A","F11","r05c05",1962.237
"20240621","A","F11","r06c04",1941.007
"20240621","A","F11","r06c06",2037.992
"20240621","A","G02","r04c04",1952.448
"20240621","A","G02","r04c06",1591.184
"20240621","A","G02","r05c05",1671.602
"20240621","A","G02","r06c04",1657.626
"20240621","A","G02","r06c06",1465.216
"20240621","A","G03","r04c04",2122.398
"20240621","A","G03","r04c06",2217.503
"20240621","A","G03","r05c05",2378.728
"20240621","A","G03","r06c04",2085.889
"20240621","A","G03","r06c06",2182.769
"20240621","A","G04","r04c04",2779.512
"20240621","A","G04","r04c06",3389.359
"20240621","A","G04","r05c05",2521.603
"20240621","A","G04","r06c04",2234.147
"20240621","A","G04","r06c06",2901.846
"20240621","A","G05","r04c04",253.726
"20240621","A","G05","r04c06",269.058
"20240621","A","G05","r05c05",259.756
"20240621","A","G05","r06c04",260.447
"20240621","A","G05","r06c06",250.816
"20240621","A","G06","r04c04",1683.995
"20240621","A","G06","r04c06",2121.022
"20240621","A","G06","r05c05",1840.152
"20240621","A","G06","r06c04",1838.558
"20240621","A","G06","r06c06",2009.574
"20240621","A","G07","r04c04",235.626
"20240621","A","G07","r04c06",229.244
"20240621","A","G07","r05c05",237.601
"20240621","A","G07","r06c04",222.637
"20240621","A","G07","r06c06",233.326
"20240621","A","G08","r04c04",2560.811
"20240621","A","G08","r04c06",2545.375
"20240621","A","G08","r05c05",1917.931
"20240621","A","G08","r06c04",1995.392
"20240621","A","G08","r06c06",2033.409
"20240621","A","G09","r04c04",2398.212
"20240621","A","G09","r04c06",2739.637
"20240621","A","G09","r05c05",2626.62
"20240621","A","G09","r06c04",2669.272
"20240621","A","G09","r06c06",2846.841
"20240621","A","G10","r04c04",2426.923
"20240621","A","G10","r04c06",2402.505
"20240621","A","G10","r05c05",2474.096
"20240621","A","G10","r06c04",2194.298
"20240621","A","G10","r06c06",2127.423
"20240621","A","G11","r04c04",2100.023
"20240621","A","G11","r04c06",2428.287
"20240621","A","G11","r05c05",1914.501
"20240621","A","G11","r06c04",2035.328
"20240621","A","G11","r06c06",1784.19
"20240621","B","B02","r04c04",2624.058
"20240621","B","B02","r04c06",2322.729
"20240621","B","B02","r05c05",2259.688
"20240621","B","B02","r06c04",2419.62
"20240621","B","B02","r06c06",2144.903
"20240621","B","B03","r04c04",2352.635
"20240621","B","B03","r04c06",2181.529
"20240621","B","B03","r05c05",2074.864
"20240621","B","B03","r06c04",2068.516
"20240621","B","B03","r06c06",1819.312
"20240621","B","B04","r04c04",1988.328
"20240621","B","B04","r04c06",1944.156
"20240621","B","B04","r05c05",1687.132
"20240621","B","B04","r06c04",1719.218
"20240621","B","B04","r06c06",1579.347
"20240621","B","B05","r04c04",1560.139
"20240621","B","B05","r04c06",1466.24
"20240621","B","B05","r05c05",1380.072
"20240621","B","B05","r06c04",1417.198
"20240621","B","B05","r06c06",1301.133
"20240621","B","B06","r04c04",2621.953
"20240621","B","B06","r04c06",2979.17
"20240621","B","B06","r05c05",2526.088
"20240621","B","B06","r06c04",2146.99
"20240621","B","B06","r06c06",2551.987
"20240621","B","B08","r04c04",1779.696
"20240621","B","B08","r04c06",1696.968
"20240621","B","B08","r05c05",1663.46
"20240621","B","B08","r06c04",1516.99
"20240621","B","B08","r06c06",1425.915
"20240621","B","B10","r04c04",2988.351
"20240621","B","B10","r04c06",2924.983
"20240621","B","B10","r05c05",2884.472
"20240621","B","B10","r06c04",2721.5
"20240621","B","B10","r06c06",2698.543
"20240621","B","B11","r04c04",2175.522
"20240621","B","B11","r04c06",2271.054
"20240621","B","B11","r05c05",2067.772
"20240621","B","B11","r06c04",1789.013
"20240621","B","B11","r06c06",1763.831
"20240621","B","C02","r04c04",2991.493
"20240621","B","C02","r04c06",2958.026
"20240621","B","C02","r05c05",2452.109
"20240621","B","C02","r06c04",2662.814
"20240621","B","C02","r06c06",2615.889
"20240621","B","C03","r04c04",2047.414
"20240621","B","C03","r04c06",1507.725
"20240621","B","C03","r05c05",1280.536
"20240621","B","C03","r06c04",1602.393
"20240621","B","C03","r06c06",1137.932
"20240621","B","C04","r04c04",2168.576
"20240621","B","C04","r04c06",2094.395
"20240621","B","C04","r05c05",2064.262
"20240621","B","C04","r06c04",2395.729
"20240621","B","C04","r06c06",2101.215
"20240621","B","C05","r04c04",2968.001
"20240621","B","C05","r04c06",2465.05
"20240621","B","C05","r05c05",2165.568
"20240621","B","C05","r06c04",2401.778
"20240621","B","C05","r06c06",2113.414
"20240621","B","C06","r04c04",2495.496
"20240621","B","C06","r04c06",2289.527
"20240621","B","C06","r05c05",2256.203
"20240621","B","C06","r06c04",2100.921
"20240621","B","C06","r06c06",2168.867
"20240621","B","C07","r04c04",2821.908
"20240621","B","C07","r04c06",2486.692
"20240621","B","C07","r05c05",2699.28
"20240621","B","C07","r06c04",2392.751
"20240621","B","C07","r06c06",2520.923
"20240621","B","C08","r04c04",2403.223
"20240621","B","C08","r04c06",2093.045
"20240621","B","C08","r05c05",2221.766
"20240621","B","C08","r06c04",2043.052
"20240621","B","C08","r06c06",1961.033
"20240621","B","C09","r04c04",2739.517
"20240621","B","C09","r04c06",2950.474
"20240621","B","C09","r05c05",2823.489
"20240621","B","C09","r06c04",2988.572
"20240621","B","C09","r06c06",2793.846
"20240621","B","C10","r04c04",2731.202
"20240621","B","C10","r04c06",2815.282
"20240621","B","C10","r05c05",2743.925
"20240621","B","C10","r06c04",2682.909
"20240621","B","C10","r06c06",2420.93
"20240621","B","C11","r04c04",3115.315
"20240621","B","C11","r04c06",3318.436
"20240621","B","C11","r05c05",3048.32
"20240621","B","C11","r06c04",2547.525
"20240621","B","C11","r06c06",2842.031
"20240621","B","D02","r04c04",2822.91
"20240621","B","D02","r04c06",2654.431
"20240621","B","D02","r05c05",2631.041
"20240621","B","D02","r06c04",2569.381
"20240621","B","D02","r06c06",2431.286
"20240621","B","D04","r04c04",3113.894
"20240621","B","D04","r04c06",3218.829
"20240621","B","D04","r05c05",2948.035
"20240621","B","D04","r06c04",2703.838
"20240621","B","D04","r06c06",3020.036
"20240621","B","D06","r04c04",3742.158
"20240621","B","D06","r04c06",3589.938
"20240621","B","D06","r05c05",3439.102
"20240621","B","D06","r06c04",3298.494
"20240621","B","D06","r06c06",3261.696
"20240621","B","D07","r04c04",2236.15
"20240621","B","D07","r04c06",2125.724
"20240621","B","D07","r05c05",2181.981
"20240621","B","D07","r06c04",2017.642
"20240621","B","D07","r06c06",2065.757
"20240621","B","D09","r04c04",1826.278
"20240621","B","D09","r04c06",1920.005
"20240621","B","D09","r05c05",2030.649
"20240621","B","D09","r06c04",1967.707
"20240621","B","D09","r06c06",1764.875
"20240621","B","D11","r04c04",1991.894
"20240621","B","D11","r04c06",2016.978
"20240621","B","D11","r05c05",1727.847
"20240621","B","D11","r06c04",1846.276
"20240621","B","D11","r06c06",1668.2
"20240621","B","E02","r04c04",2844.979
"20240621","B","E02","r04c06",2587.79
"20240621","B","E02","r05c05",2612.982
"20240621","B","E02","r06c04",2965.562
"20240621","B","E02","r06c06",2699.575
"20240621","B","E03","r04c04",2107.795
"20240621","B","E03","r04c06",2078.142
"20240621","B","E03","r05c05",1849.29
"20240621","B","E03","r06c04",1987.42
"20240621","B","E03","r06c06",1916.305
"20240621","B","E04","r04c04",2552.815
"20240621","B","E04","r04c06",2522.467
"20240621","B","E04","r05c05",2263.071
"20240621","B","E04","r06c04",2352.582
"20240621","B","E04","r06c06",2347.917
"20240621","B","E05","r04c04",3170.968
"20240621","B","E05","r04c06",3145.99
"20240621","B","E05","r05c05",2722.601
"20240621","B","E05","r06c04",3028.038
"20240621","B","E05","r06c06",2921.087
"20240621","B","E06","r04c04",1870.621
"20240621","B","E06","r04c06",1583.057
"20240621","B","E06","r05c05",1531.828
"20240621","B","E06","r06c04",1952.748
"20240621","B","E06","r06c06",1572.431
"20240621","B","E07","r04c04",3324.621
"20240621","B","E07","r04c06",3895.651
"20240621","B","E07","r05c05",3390.744
"20240621","B","E07","r06c04",3320.858
"20240621","B","E07","r06c06",3031.895
"20240621","B","E08","r04c04",2429.268
"20240621","B","E08","r04c06",2545.379
"20240621","B","E08","r05c05",2500.482
"20240621","B","E08","r06c04",2636.751
"20240621","B","E08","r06c06",2419.365
"20240621","B","E09","r04c04",2756.501
"20240621","B","E09","r04c06",2505.644
"20240621","B","E09","r05c05",2639.268
"20240621","B","E09","r06c04",2537.338
"20240621","B","E09","r06c06",2384.906
"20240621","B","E10","r04c04",2010.324
"20240621","B","E10","r04c06",1890.579
"20240621","B","E10","r05c05",1695.874
"20240621","B","E10","r06c04",1400.89
"20240621","B","E10","r06c06",1692.502
"20240621","B","E11","r04c04",2603.27
"20240621","B","E11","r04c06",2798.751
"20240621","B","E11","r05c05",2609.928
"20240621","B","E11","r06c04",2666.971
"20240621","B","E11","r06c06",2874.893
"20240621","B","F02","r04c04",1698.182
"20240621","B","F02","r04c06",1420.839
"20240621","B","F02","r05c05",1736.486
"20240621","B","F02","r06c04",1837.216
"20240621","B","F02","r06c06",1513.355
"20240621","B","F03","r04c04",1976.679
"20240621","B","F03","r04c06",2011.477
"20240621","B","F03","r05c05",1832.486
"20240621","B","F03","r06c04",1879.751
"20240621","B","F03","r06c06",1898.975
"20240621","B","F04","r04c04",2352.005
"20240621","B","F04","r04c06",2290.618
"20240621","B","F04","r05c05",2288.453
"20240621","B","F04","r06c04",2094.454
"20240621","B","F04","r06c06",2320.667
"20240621","B","F05","r04c04",2497.629
"20240621","B","F05","r04c06",2353.118
"20240621","B","F05","r05c05",2315.565
"20240621","B","F05","r06c04",2229.725
"20240621","B","F05","r06c06",2351.893
"20240621","B","F06","r04c04",2672.226
"20240621","B","F06","r04c06",2492.862
"20240621","B","F06","r05c05",2371.039
"20240621","B","F06","r06c04",2543.907
"20240621","B","F06","r06c06",2240.297
"20240621","B","F07","r04c04",2258.668
"20240621","B","F07","r04c06",1791.83
"20240621","B","F07","r05c05",2040.123
"20240621","B","F07","r06c04",1873.87
"20240621","B","F07","r06c06",1908.196
"20240621","B","F08","r04c04",2259.638
"20240621","B","F08","r04c06",2032.393
"20240621","B","F08","r05c05",2145.483
"20240621","B","F08","r06c04",2223.974
"20240621","B","F08","r06c06",1959.267
"20240621","B","F09","r04c04",2152.737
"20240621","B","F09","r04c06",2254.238
"20240621","B","F09","r05c05",2156.476
"20240621","B","F09","r06c04",2040.579
"20240621","B","F09","r06c06",2237.235
"20240621","B","F11","r04c04",2147.661
"20240621","B","F11","r04c06",2434.327
"20240621","B","F11","r05c05",2032.378
"20240621","B","F11","r06c04",1970.366
"20240621","B","F11","r06c06",1812.321
"20240621","B","G02","r04c04",1361.726
"20240621","B","G02","r04c06",1211.169
"20240621","B","G02","r05c05",1351.181
"20240621","B","G02","r06c04",1531.723
"20240621","B","G02","r06c06",1245.691
"20240621","B","G03","r04c04",1906.575
"20240621","B","G03","r04c06",1708.515
"20240621","B","G03","r05c05",1856.494
"20240621","B","G03","r06c04",1784.964
"20240621","B","G03","r06c06",1687.873
"20240621","B","G04","r04c04",2787.76
"20240621","B","G04","r04c06",2185.514
"20240621","B","G04","r05c05",2304.063
"20240621","B","G04","r06c04",2697.066
"20240621","B","G04","r06c06",2014.133
"20240621","B","G05","r04c04",244.734
"20240621","B","G05","r04c06",238.316
"20240621","B","G05","r05c05",247.532
"20240621","B","G05","r06c04",241.563
"20240621","B","G05","r06c06",243.415
"20240621","B","G06","r04c04",1729.352
"20240621","B","G06","r04c06",1401.875
"20240621","B","G06","r05c05",1526.893
"20240621","B","G06","r06c04",1750.754
"20240621","B","G06","r06c06",1784.023
"20240621","B","G07","r04c04",249.246
"20240621","B","G07","r04c06",254.007
"20240621","B","G07","r05c05",248.083
"20240621","B","G07","r06c04",243.584
"20240621","B","G07","r06c06",249.197
"20240621","B","G08","r04c04",1870.656
"20240621","B","G08","r04c06",2238.424
"20240621","B","G08","r05c05",2252.632
"20240621","B","G08","r06c04",2401.862
"20240621","B","G08","r06c06",2391.306
"20240621","B","G09","r04c04",2562.756
"20240621","B","G09","r04c06",2693.603
"20240621","B","G09","r05c05",2637.381
"20240621","B","G09","r06c04",2690.434
"20240621","B","G09","r06c06",2645.421
"20240621","B","G10","r04c04",1932.049
"20240621","B","G10","r04c06",1932.298
"20240621","B","G10","r05c05",2190.549
"20240621","B","G10","r06c04",2165.109
"20240621","B","G10","r06c06",1976.321
"20240621","B","G11","r04c04",1975.043
"20240621","B","G11","r04c06",2197.39
"20240621","B","G11","r05c05",2080.068
"20240621","B","G11","r06c04",1829.838
"20240621","B","G11","r06c06",2236.471
"20240621","C","C02","r04c04",2968.671
"20240621","C","C02","r04c06",2981.464
"20240621","C","C02","r05c05",2476.286
"20240621","C","C02","r06c04",2839.025
"20240621","C","C02","r06c06",2469.527
"20240621","C","C03","r04c04",1702.284
"20240621","C","C03","r04c06",1930.194
"20240621","C","C03","r05c05",1616.535
"20240621","C","C03","r06c04",1434.167
"20240621","C","C03","r06c06",1328.404
"20240621","C","C04","r04c04",1947.413
"20240621","C","C04","r04c06",2085.998
"20240621","C","C04","r05c05",1996.9
"20240621","C","C04","r06c04",2102.647
"20240621","C","C04","r06c06",2118.017
"20240621","C","C05","r04c04",3029.2
"20240621","C","C05","r04c06",2075.28
"20240621","C","C05","r05c05",2105.407
"20240621","C","C05","r06c04",2631.593
"20240621","C","C05","r06c06",2159.33
"20240621","C","C06","r04c04",2282.956
"20240621","C","C06","r04c06",1768.95
"20240621","C","C06","r05c05",1263.004
"20240621","C","C06","r06c04",1535.071
"20240621","C","C06","r06c06",1507.932
"20240621","C","C07","r04c04",2791.231
"20240621","C","C07","r04c06",2757.468
"20240621","C","C07","r05c05",2600.302
"20240621","C","C07","r06c04",2404.288
"20240621","C","C07","r06c06",2334.762
"20240621","C","C08","r04c04",1689.225
"20240621","C","C08","r04c06",1795.245
"20240621","C","C08","r05c05",1903.15
"20240621","C","C08","r06c04",1654.02
"20240621","C","C08","r06c06",1718.337
"20240621","C","C09","r04c04",2706.296
"20240621","C","C09","r04c06",2273.814
"20240621","C","C09","r05c05",2532.394
"20240621","C","C09","r06c04",2268.065
"20240621","C","C09","r06c06",2340.844
"20240621","C","C10","r04c04",2391.458
"20240621","C","C10","r04c06",2459.757
"20240621","C","C10","r05c05",2655.925
"20240621","C","C10","r06c04",2509.641
"20240621","C","C10","r06c06",2814.994
"20240621","C","C11","r04c04",2246.11
"20240621","C","C11","r04c06",2705.599
"20240621","C","C11","r05c05",2514.932
"20240621","C","C11","r06c04",2225.368
"20240621","C","C11","r06c06",2420.982
"20240621","C","D02","r04c04",2614.092
"20240621","C","D02","r04c06",2552.775
"20240621","C","D02","r05c05",2692.942
"20240621","C","D02","r06c04",2605.265
"20240621","C","D02","r06c06",2402.177
"20240621","C","D04","r04c04",3470.798
"20240621","C","D04","r04c06",2952.095
"20240621","C","D04","r05c05",2600.19
"20240621","C","D04","r06c04",2517.664
"20240621","C","D04","r06c06",2516.037
"20240621","C","D06","r04c04",3075.373
"20240621","C","D06","r04c06",3448.188
"20240621","C","D06","r05c05",3176.766
"20240621","C","D06","r06c04",2759.257
"20240621","C","D06","r06c06",2952.133
"20240621","C","D07","r04c04",2104.731
"20240621","C","D07","r04c06",2110.238
"20240621","C","D07","r05c05",1871.668
"20240621","C","D07","r06c04",1767.057
"20240621","C","D07","r06c06",2097.004
"20240621","C","D09","r04c04",2120.719
"20240621","C","D09","r04c06",2126.288
"20240621","C","D09","r05c05",2034.9
"20240621","C","D09","r06c04",2018.805
"20240621","C","D09","r06c06",2172.823
"20240621","C","D11","r04c04",1966.138
"20240621","C","D11","r04c06",1864.601
"20240621","C","D11","r05c05",1847.706
"20240621","C","D11","r06c04",1900.378
"20240621","C","D11","r06c06",2095.808
"20240621","C","E02","r04c04",2548.682
"20240621","C","E02","r04c06",3133.273
"20240621","C","E02","r05c05",2739.075
"20240621","C","E02","r06c04",2782.792
"20240621","C","E02","r06c06",2580.285
"20240621","C","E03","r04c04",2181.23
"20240621","C","E03","r04c06",2340.732
"20240621","C","E03","r05c05",2213.954
"20240621","C","E03","r06c04",1848.45
"20240621","C","E03","r06c06",2265.515
"20240621","C","E04","r04c04",2660.227
"20240621","C","E04","r04c06",2555.893
"20240621","C","E04","r05c05",2451.853
"20240621","C","E04","r06c04",2325.768
"20240621","C","E04","r06c06",2409.091
"20240621","C","E05","r04c04",2772.676
"20240621","C","E05","r04c06",2872.266
"20240621","C","E05","r05c05",2590.655
"20240621","C","E05","r06c04",2602.569
"20240621","C","E05","r06c06",2822.128
"20240621","C","E06","r04c04",1593.122
"20240621","C","E06","r04c06",1797.721
"20240621","C","E06","r05c05",1562.509
"20240621","C","E06","r06c04",1567.894
"20240621","C","E06","r06c06",1450.922
"20240621","C","E07","r04c04",3916.568
"20240621","C","E07","r04c06",3315.085
"20240621","C","E07","r05c05",3772.206
"20240621","C","E07","r06c04",3308.123
"20240621","C","E07","r06c06",3155.937
"20240621","C","E08","r04c04",2341.047
"20240621","C","E08","r04c06",2728.425
"20240621","C","E08","r05c05",2009.129
"20240621","C","E08","r06c04",2018.349
"20240621","C","E08","r06c06",2137.212
"20240621","C","E09","r04c04",2472.227
"20240621","C","E09","r04c06",2352.791
"20240621","C","E09","r05c05",2530.746
"20240621","C","E09","r06c04",2426.057
"20240621","C","E09","r06c06",2432.231
"20240621","C","E10","r04c04",1839.934
"20240621","C","E10","r04c06",1923.721
"20240621","C","E10","r05c05",1883.822
"20240621","C","E10","r06c04",1743.273
"20240621","C","E10","r06c06",2085.612
"20240621","C","E11","r04c04",2937.138
"20240621","C","E11","r04c06",3230.251
"20240621","C","E11","r05c05",2953.205
"20240621","C","E11","r06c04",2729.489
"20240621","C","E11","r06c06",3120.137
"20240621","C","F02","r04c04",1626.882
"20240621","C","F02","r04c06",1679.804
"20240621","C","F02","r05c05",1461.754
"20240621","C","F02","r06c04",1604.502
"20240621","C","F02","r06c06",1391.813
"20240621","C","F03","r04c04",1637.783
"20240621","C","F03","r04c06",1612.661
"20240621","C","F03","r05c05",1480.782
"20240621","C","F03","r06c04",1740.831
"20240621","C","F03","r06c06",1637.059
"20240621","C","F04","r04c04",2417.333
"20240621","C","F04","r04c06",2331.251
"20240621","C","F04","r05c05",2400.334
"20240621","C","F04","r06c04",2310.678
"20240621","C","F04","r06c06",2471.392
"20240621","C","F05","r04c04",2237.553
"20240621","C","F05","r04c06",2225.945
"20240621","C","F05","r05c05",2127.415
"20240621","C","F05","r06c04",2082.082
"20240621","C","F05","r06c06",2506.361
"20240621","C","F06","r04c04",2757.009
"20240621","C","F06","r04c06",2649.791
"20240621","C","F06","r05c05",2430.717
"20240621","C","F06","r06c04",2313.848
"20240621","C","F06","r06c06",2377.731
"20240621","C","F07","r04c04",2238.796
"20240621","C","F07","r04c06",2686.983
"20240621","C","F07","r05c05",2364.245
"20240621","C","F07","r06c04",2085.799
"20240621","C","F07","r06c06",1990.117
"20240621","C","F08","r04c04",2438.204
"20240621","C","F08","r04c06",2096.614
"20240621","C","F08","r05c05",2076.456
"20240621","C","F08","r06c04",2255.995
"20240621","C","F08","r06c06",2033.1
"20240621","C","F09","r04c04",2509.864
"20240621","C","F09","r04c06",2353.796
"20240621","C","F09","r05c05",2206.583
"20240621","C","F09","r06c04",2289.603
"20240621","C","F09","r06c06",2230.997
"20240621","C","F11","r04c04",2141.427
"20240621","C","F11","r04c06",2571.241
"20240621","C","F11","r05c05",1931.773
"20240621","C","F11","r06c04",1959.828
"20240621","C","F11","r06c06",1924.28
"20240621","C","G02","r04c04",1534.471
"20240621","C","G02","r04c06",1225.718
"20240621","C","G02","r05c05",1235.236
"20240621","C","G02","r06c04",1502.077
"20240621","C","G02","r06c06",1371.807
"20240621","C","G03","r04c04",1943.181
"20240621","C","G03","r04c06",1564.8
"20240621","C","G03","r05c05",1799.068
"20240621","C","G03","r06c04",1932.638
"20240621","C","G03","r06c06",1688.734
"20240621","C","G04","r04c04",2214.284
"20240621","C","G04","r04c06",2372.464
"20240621","C","G04","r05c05",1904.788
"20240621","C","G04","r06c04",2473.813
"20240621","C","G04","r06c06",2311.271
"20240621","C","G05","r04c04",250.114
"20240621","C","G05","r04c06",259.289
"20240621","C","G05","r05c05",267.886
"20240621","C","G05","r06c04",285.111
"20240621","C","G05","r06c06",271.616
"20240621","C","G06","r04c04",2101.899
"20240621","C","G06","r04c06",1867.048
"20240621","C","G06","r05c05",2070.334
"20240621","C","G06","r06c04",1915.305
"20240621","C","G06","r06c06",1933.218
"20240621","C","G07","r04c04",255.878
"20240621","C","G07","r04c06",252.93
"20240621","C","G07","r05c05",260.415
"20240621","C","G07","r06c04",265.689
"20240621","C","G07","r06c06",255.762
"20240621","C","G08","r04c04",2226.258
"20240621","C","G08","r04c06",1995.832
"20240621","C","G08","r05c05",2100.898
"20240621","C","G08","r06c04",2426.427
"20240621","C","G08","r06c06",2040.396
"20240621","C","G09","r04c04",2501.327
"20240621","C","G09","r04c06",2555.56
"20240621","C","G09","r05c05",2391.414
"20240621","C","G09","r06c04",2614.771
"20240621","C","G09","r06c06",2656.436
"20240621","C","G10","r04c04",2242.996
"20240621","C","G10","r04c06",1890.681
"20240621","C","G10","r05c05",1984.701
"20240621","C","G10","r06c04",2120.741
"20240621","C","G10","r06c06",2161.552
"20240621","C","G11","r04c04",2326.322
"20240621","C","G11","r04c06",2584.326
"20240621","C","G11","r05c05",2090.493
"20240621","C","G11","r06c04",2263.782
"20240621","C","G11","r06c06",2265.247
"20240621","C","B02","r04c04",2702.002
"20240621","C","B02","r04c06",2001.305
"20240621","C","B02","r05c05",2489.408
"20240621","C","B02","r06c04",2259.832
"20240621","C","B02","r06c06",2140.471
"20240621","C","B03","r04c04",2300.792
"20240621","C","B03","r04c06",2404.134
"20240621","C","B03","r05c05",2307.615
"20240621","C","B03","r06c04",2267.043
"20240621","C","B03","r06c06",2315.871
"20240621","C","B04","r04c04",2089.115
"20240621","C","B04","r04c06",2084.631
"20240621","C","B04","r05c05",2102.531
"20240621","C","B04","r06c04",1986.482
"20240621","C","B04","r06c06",1888.754
"20240621","C","B05","r04c04",1725.493
"20240621","C","B05","r04c06",1623.997
"20240621","C","B05","r05c05",1692.365
"20240621","C","B05","r06c04",1614.4
"20240621","C","B05","r06c06",1512.254
"20240621","C","B06","r04c04",2980.015
"20240621","C","B06","r04c06",2871.966
"20240621","C","B06","r05c05",2903.389
"20240621","C","B06","r06c04",2649.871
"20240621","C","B06","r06c06",2634.084
"20240621","C","B08","r04c04",1852.8
"20240621","C","B08","r04c06",1997.737
"20240621","C","B08","r05c05",1905.847
"20240621","C","B08","r06c04",1684.778
"20240621","C","B08","r06c06",1658.552
"20240621","C","B10","r04c04",3035.862
"20240621","C","B10","r04c06",2504.011
"20240621","C","B10","r05c05",2668.14
"20240621","C","B10","r06c04",2643.642
"20240621","C","B10","r06c06",2364.658
"20240621","C","B11","r04c04",1861.444
"20240621","C","B11","r04c06",2364.2
"20240621","C","B11","r05c05",1977.759
"20240621","C","B11","r06c04",1775.822
"20240621","C","B11","r06c06",1874.602
"20240621","D","B02","r04c04",2869.863
"20240621","D","B02","r04c06",2896.043
"20240621","D","B02","r05c05",2612.39
"20240621","D","B02","r06c04",2731.055
"20240621","D","B02","r06c06",2706.451
"20240621","D","B03","r04c04",2989.194
"20240621","D","B03","r04c06",2660.072
"20240621","D","B03","r05c05",2811.022
"20240621","D","B03","r06c04",2710.012
"20240621","D","B03","r06c06",2822.361
"20240621","D","B04","r04c04",2618.192
"20240621","D","B04","r04c06",2523.655
"20240621","D","B04","r05c05",2254.643
"20240621","D","B04","r06c04",2483.974
"20240621","D","B04","r06c06",2387.482
"20240621","D","B05","r04c04",2189.386
"20240621","D","B05","r04c06",1924.119
"20240621","D","B05","r05c05",2087.308
"20240621","D","B05","r06c04",1818.719
"20240621","D","B05","r06c06",2180.035
"20240621","D","B06","r04c04",3252.729
"20240621","D","B06","r04c06",3239.967
"20240621","D","B06","r05c05",3299.114
"20240621","D","B06","r06c04",3178.631
"20240621","D","B06","r06c06",3185.942
"20240621","D","B08","r04c04",1585.176
"20240621","D","B08","r04c06",1813.238
"20240621","D","B08","r05c05",1327.941
"20240621","D","B08","r06c04",1239.877
"20240621","D","B08","r06c06",1250.931
"20240621","D","B10","r04c04",3673.952
"20240621","D","B10","r04c06",3359.499
"20240621","D","B10","r05c05",3527.538
"20240621","D","B10","r06c04",2990.964
"20240621","D","B10","r06c06",3576.927
"20240621","D","B11","r04c04",2152.154
"20240621","D","B11","r04c06",2634.65
"20240621","D","B11","r05c05",2570.67
"20240621","D","B11","r06c04",2355.553
"20240621","D","B11","r06c06",2636.042
"20240621","D","C02","r04c04",3783.384
"20240621","D","C02","r04c06",4218.084
"20240621","D","C02","r05c05",3754.117
"20240621","D","C02","r06c04",3375.471
"20240621","D","C02","r06c06",3964.558
"20240621","D","C03","r04c04",1466.694
"20240621","D","C03","r04c06",1791.917
"20240621","D","C03","r05c05",1660.821
"20240621","D","C03","r06c04",1865.668
"20240621","D","C03","r06c06",1712.249
"20240621","D","C04","r04c04",2372.228
"20240621","D","C04","r04c06",2365.421
"20240621","D","C04","r05c05",2499.244
"20240621","D","C04","r06c04",2408.167
"20240621","D","C04","r06c06",2434.854
"20240621","D","C05","r04c04",2847.693
"20240621","D","C05","r04c06",3109.896
"20240621","D","C05","r05c05",3176.164
"20240621","D","C05","r06c04",2980.873
"20240621","D","C05","r06c06",2897.41
"20240621","D","C06","r04c04",2400.781
"20240621","D","C06","r04c06",2466
"20240621","D","C06","r05c05",2569.356
"20240621","D","C06","r06c04",2552.766
"20240621","D","C06","r06c06",2253.239
"20240621","D","C07","r04c04",2974.956
"20240621","D","C07","r04c06",2738.961
"20240621","D","C07","r05c05",2743.459
"20240621","D","C07","r06c04",2852.588
"20240621","D","C07","r06c06",2788.139
"20240621","D","C08","r04c04",2558.399
"20240621","D","C08","r04c06",2781.507
"20240621","D","C08","r05c05",2568.465
"20240621","D","C08","r06c04",1993.643
"20240621","D","C08","r06c06",2274.509
"20240621","D","C09","r04c04",3364.696
"20240621","D","C09","r04c06",2995.418
"20240621","D","C09","r05c05",2958.336
"20240621","D","C09","r06c04",3262.959
"20240621","D","C09","r06c06",2439.325
"20240621","D","C10","r04c04",2327.571
"20240621","D","C10","r04c06",2142.869
"20240621","D","C10","r05c05",2118.228
"20240621","D","C10","r06c04",2324.489
"20240621","D","C10","r06c06",2040.115
"20240621","D","C11","r04c04",3045.084
"20240621","D","C11","r04c06",3224.075
"20240621","D","C11","r05c05",3372.797
"20240621","D","C11","r06c04",3109.47
"20240621","D","C11","r06c06",3338.218
"20240621","D","D02","r04c04",3175.33
"20240621","D","D02","r04c06",3113.817
"20240621","D","D02","r05c05",2989.179
"20240621","D","D02","r06c04",2894.089
"20240621","D","D02","r06c06",2969.866
"20240621","D","D04","r04c04",3524.545
"20240621","D","D04","r04c06",3646.069
"20240621","D","D04","r05c05",3598.416
"20240621","D","D04","r06c04",3218.731
"20240621","D","D04","r06c06",2989.657
"20240621","D","D06","r04c04",3768.32
"20240621","D","D06","r04c06",3613.851
"20240621","D","D06","r05c05",3594.494
"20240621","D","D06","r06c04",3456.805
"20240621","D","D06","r06c06",3534.997
"20240621","D","D07","r04c04",2519.714
"20240621","D","D07","r04c06",2229.633
"20240621","D","D07","r05c05",2198.764
"20240621","D","D07","r06c04",2089.742
"20240621","D","D07","r06c06",2297.838
"20240621","D","D09","r04c04",2346.859
"20240621","D","D09","r04c06",2489.965
"20240621","D","D09","r05c05",2426.529
"20240621","D","D09","r06c04",2556.123
"20240621","D","D09","r06c06",2471.705
"20240621","D","D11","r04c04",2399.607
"20240621","D","D11","r04c06",2386.783
"20240621","D","D11","r05c05",2316.921
"20240621","D","D11","r06c04",2304.211
"20240621","D","D11","r06c06",2450.786
"20240621","D","E02","r04c04",3168.101
"20240621","D","E02","r04c06",3158.809
"20240621","D","E02","r05c05",2637.833
"20240621","D","E02","r06c04",2327.679
"20240621","D","E02","r06c06",2762.454
"20240621","D","E03","r04c04",2286.338
"20240621","D","E03","r04c06",2628.403
"20240621","D","E03","r05c05",2134.465
"20240621","D","E03","r06c04",1906.366
"20240621","D","E03","r06c06",1736.943
"20240621","D","E04","r04c04",2823.944
"20240621","D","E04","r04c06",2655.731
"20240621","D","E04","r05c05",2772.098
"20240621","D","E04","r06c04",2484.742
"20240621","D","E04","r06c06",2302.146
"20240621","D","E05","r04c04",3398.002
"20240621","D","E05","r04c06",3106.853
"20240621","D","E05","r05c05",2949.768
"20240621","D","E05","r06c04",2743.761
"20240621","D","E05","r06c06",3026.693
"20240621","D","E06","r04c04",2359.109
"20240621","D","E06","r04c06",1972.714
"20240621","D","E06","r05c05",1569.405
"20240621","D","E06","r06c04",1590.285
"20240621","D","E06","r06c06",1145.156
"20240621","D","E07","r04c04",3469.593
"20240621","D","E07","r04c06",3203.103
"20240621","D","E07","r05c05",2883.876
"20240621","D","E07","r06c04",2669.39
"20240621","D","E07","r06c06",2906.297
"20240621","D","E08","r04c04",2673.442
"20240621","D","E08","r04c06",2579.378
"20240621","D","E08","r05c05",2620.548
"20240621","D","E08","r06c04",2467.087
"20240621","D","E08","r06c06",2478.064
"20240621","D","E09","r04c04",3190.608
"20240621","D","E09","r04c06",2967.978
"20240621","D","E09","r05c05",1951.747
"20240621","D","E09","r06c04",2191.678
"20240621","D","E09","r06c06",2414.87
"20240621","D","E10","r04c04",2071.77
"20240621","D","E10","r04c06",1904.135
"20240621","D","E10","r05c05",1889.754
"20240621","D","E10","r06c04",2015.673
"20240621","D","E10","r06c06",1996.823
"20240621","D","E11","r04c04",3024.612
"20240621","D","E11","r04c06",3502.121
"20240621","D","E11","r05c05",2887.194
"20240621","D","E11","r06c04",3074.123
"20240621","D","E11","r06c06",3158.292
"20240621","D","F02","r04c04",1907.696
"20240621","D","F02","r04c06",1928.742
"20240621","D","F02","r05c05",1667.869
"20240621","D","F02","r06c04",1404.829
"20240621","D","F02","r06c06",1349.229
"20240621","D","F03","r04c04",1938.674
"20240621","D","F03","r04c06",1884.387
"20240621","D","F03","r05c05",1667.915
"20240621","D","F03","r06c04",1826.141
"20240621","D","F03","r06c06",1754.947
"20240621","D","F04","r04c04",2289.414
"20240621","D","F04","r04c06",2465.08
"20240621","D","F04","r05c05",2376.888
"20240621","D","F04","r06c04",2640.487
"20240621","D","F04","r06c06",2280.49
"20240621","D","F05","r04c04",2841.922
"20240621","D","F05","r04c06",2364.053
"20240621","D","F05","r05c05",2482.744
"20240621","D","F05","r06c04",2534.868
"20240621","D","F05","r06c06",2301.682
"20240621","D","F06","r04c04",2715.537
"20240621","D","F06","r04c06",2706.7
"20240621","D","F06","r05c05",2424.029
"20240621","D","F06","r06c04",2493.087
"20240621","D","F06","r06c06",2727.342
"20240621","D","F07","r04c04",2224.714
"20240621","D","F07","r04c06",2080.955
"20240621","D","F07","r05c05",2361.042
"20240621","D","F07","r06c04",2673.619
"20240621","D","F07","r06c06",2678.324
"20240621","D","F08","r04c04",2363.611
"20240621","D","F08","r04c06",2282.455
"20240621","D","F08","r05c05",2512.455
"20240621","D","F08","r06c04",1836.59
"20240621","D","F08","r06c06",2335.739
"20240621","D","F09","r04c04",2405.89
"20240621","D","F09","r04c06",2483.559
"20240621","D","F09","r05c05",2449.277
"20240621","D","F09","r06c04",2692.702
"20240621","D","F09","r06c06",2371.998
"20240621","D","F11","r04c04",2371.441
"20240621","D","F11","r04c06",2244.548
"20240621","D","F11","r05c05",2096.032
"20240621","D","F11","r06c04",2120.109
"20240621","D","F11","r06c06",1986.443
"20240621","D","G02","r04c04",1850.214
"20240621","D","G02","r04c06",1859.779
"20240621","D","G02","r05c05",1737.917
"20240621","D","G02","r06c04",1780.908
"20240621","D","G02","r06c06",1621.866
"20240621","D","G03","r04c04",1910.051
"20240621","D","G03","r04c06",1921.846
"20240621","D","G03","r05c05",1792.878
"20240621","D","G03","r06c04",1926.816
"20240621","D","G03","r06c06",1891.499
"20240621","D","G04","r04c04",2451.879
"20240621","D","G04","r04c06",2900.563
"20240621","D","G04","r05c05",2773.842
"20240621","D","G04","r06c04",2757.893
"20240621","D","G04","r06c06",2783.202
"20240621","D","G05","r04c04",246.881
"20240621","D","G05","r04c06",243.66
"20240621","D","G05","r05c05",239.978
"20240621","D","G05","r06c04",234.395
"20240621","D","G05","r06c06",243.608
"20240621","D","G06","r04c04",2107.271
"20240621","D","G06","r04c06",2061.888
"20240621","D","G06","r05c05",2064.836
"20240621","D","G06","r06c04",2105.752
"20240621","D","G06","r06c06",1921.369
"20240621","D","G07","r04c04",252.376
"20240621","D","G07","r04c06",241.578
"20240621","D","G07","r05c05",245.677
"20240621","D","G07","r06c04",242.66
"20240621","D","G07","r06c06",237.62
"20240621","D","G08","r04c04",2775.099
"20240621","D","G08","r04c06",2995.839
"20240621","D","G08","r05c05",2199.931
"20240621","D","G08","r06c04",2078.585
"20240621","D","G08","r06c06",2551.832
"20240621","D","G09","r04c04",2780.361
"20240621","D","G09","r04c06",2794.741
"20240621","D","G09","r05c05",2536.884
"20240621","D","G09","r06c04",2714.736
"20240621","D","G09","r06c06",2365.082
"20240621","D","G10","r04c04",2017.958
"20240621","D","G10","r04c06",2095.439
"20240621","D","G10","r05c05",1560.359
"20240621","D","G10","r06c04",1797.621
"20240621","D","G10","r06c06",2065.946
"20240621","D","G11","r04c04",2617.665
"20240621","D","G11","r04c06",2709.445
"20240621","D","G11","r05c05",2647.947
"20240621","D","G11","r06c04",2989.538
"20240621","D","G11","r06c06",2924.131
"20240624","A","B02","r04c04",2126.35
"20240624","A","B02","r04c06",2217.438
"20240624","A","B02","r05c05",2078.491
"20240624","A","B02","r06c04",1999.413
"20240624","A","B02","r06c06",2106.787
"20240624","A","B03","r04c04",2148.925
"20240624","A","B03","r04c06",2150.569
"20240624","A","B03","r05c05",2265.534
"20240624","A","B03","r06c04",2151.88
"20240624","A","B03","r06c06",2020.353
"20240624","A","B04","r04c04",1890.943
"20240624","A","B04","r04c06",1727.66
"20240624","A","B04","r05c05",1614.193
"20240624","A","B04","r06c04",1657.972
"20240624","A","B04","r06c06",1901.882
"20240624","A","B05","r04c04",1558.4
"20240624","A","B05","r04c06",1635.29
"20240624","A","B05","r05c05",1504.837
"20240624","A","B05","r06c04",1519.469
"20240624","A","B05","r06c06",1665.209
"20240624","A","B06","r04c04",2753.041
"20240624","A","B06","r04c06",2943.46
"20240624","A","B06","r05c05",3059.197
"20240624","A","B06","r06c04",2829.384
"20240624","A","B06","r06c06",2774.737
"20240624","A","B07","r04c04",1717.149
"20240624","A","B07","r04c06",1925.503
"20240624","A","B07","r05c05",1743.763
"20240624","A","B07","r06c04",1619.923
"20240624","A","B07","r06c06",1910.123
"20240624","A","B08","r04c04",3046.755
"20240624","A","B08","r04c06",3262.531
"20240624","A","B08","r05c05",3039.146
"20240624","A","B08","r06c04",2879.194
"20240624","A","B08","r06c06",3226.669
"20240624","A","B09","r04c04",1855.865
"20240624","A","B09","r04c06",2060.273
"20240624","A","B09","r05c05",1951.643
"20240624","A","B09","r06c04",1814.946
"20240624","A","B09","r06c06",2165.424
"20240624","A","B10","r04c04",3391.092
"20240624","A","B10","r04c06",3884.611
"20240624","A","B10","r05c05",4182.485
"20240624","A","B10","r06c04",3724.751
"20240624","A","B10","r06c06",4122.068
"20240624","A","B11","r04c04",1738.551
"20240624","A","B11","r04c06",2153.81
"20240624","A","B11","r05c05",1782.683
"20240624","A","B11","r06c04",1832.969
"20240624","A","B11","r06c06",1910.894
"20240624","A","C02","r04c04",1815.69
"20240624","A","C02","r04c06",1774.795
"20240624","A","C02","r05c05",1932.771
"20240624","A","C02","r06c04",1815.567
"20240624","A","C02","r06c06",1875.495
"20240624","A","C03","r04c04",2075.789
"20240624","A","C03","r04c06",1883.868
"20240624","A","C03","r05c05",1896.482
"20240624","A","C03","r06c04",1977.462
"20240624","A","C03","r06c06",1915.027
"20240624","A","C04","r04c04",1975.138
"20240624","A","C04","r04c06",1959.21
"20240624","A","C04","r05c05",1980.172
"20240624","A","C04","r06c04",1819.749
"20240624","A","C04","r06c06",2129.887
"20240624","A","C06","r04c04",1949.05
"20240624","A","C06","r04c06",1872.732
"20240624","A","C06","r05c05",1699.536
"20240624","A","C06","r06c04",1784.094
"20240624","A","C06","r06c06",1831.615
"20240624","A","C07","r04c04",2506.672
"20240624","A","C07","r04c06",2407.793
"20240624","A","C07","r05c05",2353.848
"20240624","A","C07","r06c04",2508.384
"20240624","A","C07","r06c06",2613.475
"20240624","A","C08","r04c04",2169.121
"20240624","A","C08","r04c06",2342.414
"20240624","A","C08","r05c05",2332.188
"20240624","A","C08","r06c04",2282.754
"20240624","A","C08","r06c06",2384.114
"20240624","A","C09","r04c04",2490.258
"20240624","A","C09","r04c06",2298.815
"20240624","A","C09","r05c05",2360.879
"20240624","A","C09","r06c04",2297.628
"20240624","A","C09","r06c06",2454.243
"20240624","A","C11","r04c04",2075.2
"20240624","A","C11","r04c06",2206.268
"20240624","A","C11","r05c05",2200.532
"20240624","A","C11","r06c04",2202.089
"20240624","A","C11","r06c06",2146.923
"20240624","A","D02","r04c04",2473.364
"20240624","A","D02","r04c06",2355.899
"20240624","A","D02","r05c05",2353.244
"20240624","A","D02","r06c04",2194.203
"20240624","A","D02","r06c06",2243.577
"20240624","A","D04","r04c04",1596.649
"20240624","A","D04","r04c06",1519.786
"20240624","A","D04","r05c05",1542.529
"20240624","A","D04","r06c04",1536.652
"20240624","A","D04","r06c06",1621.993
"20240624","A","D06","r04c04",2615.942
"20240624","A","D06","r04c06",2450.717
"20240624","A","D06","r05c05",2561.577
"20240624","A","D06","r06c04",2595.386
"20240624","A","D06","r06c06",2646.202
"20240624","A","D07","r04c04",2079.425
"20240624","A","D07","r04c06",2081.197
"20240624","A","D07","r05c05",1999.676
"20240624","A","D07","r06c04",2059.7
"20240624","A","D07","r06c06",1904.894
"20240624","A","D08","r04c04",1419.874
"20240624","A","D08","r04c06",1502.874
"20240624","A","D08","r05c05",1527.419
"20240624","A","D08","r06c04",1512.861
"20240624","A","D08","r06c06",1555.37
"20240624","A","D09","r04c04",2193.099
"20240624","A","D09","r04c06",2157.267
"20240624","A","D09","r05c05",2208.451
"20240624","A","D09","r06c04",2430.216
"20240624","A","D09","r06c06",2308.902
"20240624","A","D10","r04c04",1895.365
"20240624","A","D10","r04c06",1995.205
"20240624","A","D10","r05c05",2038.237
"20240624","A","D10","r06c04",1898.366
"20240624","A","D10","r06c06",2007.679
"20240624","A","D11","r04c04",2259.507
"20240624","A","D11","r04c06",2339.806
"20240624","A","D11","r05c05",2273.553
"20240624","A","D11","r06c04",2118.466
"20240624","A","D11","r06c06",2200.829
"20240624","A","E03","r04c04",3317.6
"20240624","A","E03","r04c06",3275.466
"20240624","A","E03","r05c05",2957.573
"20240624","A","E03","r06c04",3169.216
"20240624","A","E03","r06c06",3225.695
"20240624","A","E04","r04c04",2900.743
"20240624","A","E04","r04c06",3089.839
"20240624","A","E04","r05c05",2808.825
"20240624","A","E04","r06c04",2999.456
"20240624","A","E04","r06c06",3055.846
"20240624","A","E05","r04c04",2325.582
"20240624","A","E05","r04c06",2102.036
"20240624","A","E05","r05c05",1951.39
"20240624","A","E05","r06c04",2138.182
"20240624","A","E05","r06c06",1956.449
"20240624","A","E06","r04c04",1804.812
"20240624","A","E06","r04c06",1582.117
"20240624","A","E06","r05c05",1722.256
"20240624","A","E06","r06c04",1615.68
"20240624","A","E06","r06c06",1786.123
"20240624","A","E07","r04c04",1511.337
"20240624","A","E07","r04c06",1600.001
"20240624","A","E07","r05c05",1410.887
"20240624","A","E07","r06c04",1447.783
"20240624","A","E07","r06c06",1452.94
"20240624","A","E08","r04c04",2276.833
"20240624","A","E08","r04c06",2495.526
"20240624","A","E08","r05c05",2451.089
"20240624","A","E08","r06c04",2252.541
"20240624","A","E08","r06c06",2333.295
"20240624","A","E10","r04c04",2060.666
"20240624","A","E10","r04c06",1936.032
"20240624","A","E10","r05c05",1955.858
"20240624","A","E10","r06c04",1884.031
"20240624","A","E10","r06c06",1897.657
"20240624","A","E11","r04c04",2402.324
"20240624","A","E11","r04c06",2701.52
"20240624","A","E11","r05c05",2445.894
"20240624","A","E11","r06c04",2409.628
"20240624","A","E11","r06c06",2475.346
"20240624","A","F02","r04c04",1894.632
"20240624","A","F02","r04c06",2000.562
"20240624","A","F02","r05c05",1975.352
"20240624","A","F02","r06c04",1897.77
"20240624","A","F02","r06c06",1999.753
"20240624","A","F03","r04c04",1184.441
"20240624","A","F03","r04c06",1245.369
"20240624","A","F03","r05c05",1277.991
"20240624","A","F03","r06c04",1256.162
"20240624","A","F03","r06c06",1344.713
"20240624","A","F04","r04c04",2095.433
"20240624","A","F04","r04c06",2144.452
"20240624","A","F04","r05c05",2045.385
"20240624","A","F04","r06c04",2015.756
"20240624","A","F04","r06c06",1991.619
"20240624","A","F06","r04c04",2323.467
"20240624","A","F06","r04c06",2207.865
"20240624","A","F06","r05c05",2220.353
"20240624","A","F06","r06c04",2211.848
"20240624","A","F06","r06c06",2123.398
"20240624","A","F07","r04c04",2212.452
"20240624","A","F07","r04c06",2391.542
"20240624","A","F07","r05c05",2100.594
"20240624","A","F07","r06c04",2155.954
"20240624","A","F07","r06c06",2235.814
"20240624","A","F08","r04c04",1828.574
"20240624","A","F08","r04c06",1915.352
"20240624","A","F08","r05c05",1736.055
"20240624","A","F08","r06c04",1722.143
"20240624","A","F08","r06c06",1815.038
"20240624","A","F09","r04c04",257.12
"20240624","A","F09","r04c06",258.755
"20240624","A","F09","r05c05",260.079
"20240624","A","F09","r06c04",245.723
"20240624","A","F09","r06c06",259.242
"20240624","A","F10","r04c04",2025.231
"20240624","A","F10","r04c06",1932.142
"20240624","A","F10","r05c05",1930.091
"20240624","A","F10","r06c04",1878.238
"20240624","A","F10","r06c06",1935.638
"20240624","A","F11","r04c04",2096.623
"20240624","A","F11","r04c06",2329.7
"20240624","A","F11","r05c05",2238.662
"20240624","A","F11","r06c04",2195.847
"20240624","A","F11","r06c06",2212.656
"20240624","A","G02","r04c04",2088.617
"20240624","A","G02","r04c06",2216.167
"20240624","A","G02","r05c05",2532.993
"20240624","A","G02","r06c04",2470.487
"20240624","A","G02","r06c06",2171.209
"20240624","A","G03","r04c04",1652.957
"20240624","A","G03","r04c06",1674.196
"20240624","A","G03","r05c05",1703.88
"20240624","A","G03","r06c04",1646.718
"20240624","A","G03","r06c06",1595.213
"20240624","A","G04","r04c04",1676.99
"20240624","A","G04","r04c06",1729.874
"20240624","A","G04","r05c05",1616.279
"20240624","A","G04","r06c04",1809.775
"20240624","A","G04","r06c06",1555.583
"20240624","A","G05","r04c04",1694.373
"20240624","A","G05","r04c06",1673.74
"20240624","A","G05","r05c05",1720.485
"20240624","A","G05","r06c04",1720.599
"20240624","A","G05","r06c06",1800.219
"20240624","A","G06","r04c04",2723.258
"20240624","A","G06","r04c06",2661.288
"20240624","A","G06","r05c05",2527.225
"20240624","A","G06","r06c04",2587.885
"20240624","A","G06","r06c06",2601.459
"20240624","A","G07","r04c04",231.147
"20240624","A","G07","r04c06",236.052
"20240624","A","G07","r05c05",232.029
"20240624","A","G07","r06c04",226.852
"20240624","A","G07","r06c06",238.009
"20240624","A","G08","r04c04",2545.304
"20240624","A","G08","r04c06",2403.642
"20240624","A","G08","r05c05",2456.585
"20240624","A","G08","r06c04",2530.781
"20240624","A","G08","r06c06",2637.308
"20240624","A","G09","r04c04",2126.446
"20240624","A","G09","r04c06",2215.097
"20240624","A","G09","r05c05",2304.139
"20240624","A","G09","r06c04",2193.289
"20240624","A","G09","r06c06",2355.785
"20240624","A","G10","r04c04",1708.006
"20240624","A","G10","r04c06",1688.637
"20240624","A","G10","r05c05",1707.615
"20240624","A","G10","r06c04",1923.165
"20240624","A","G10","r06c06",1794.867
"20240624","A","G11","r04c04",2472.109
"20240624","A","G11","r04c06",2523.614
"20240624","A","G11","r05c05",2422.565
"20240624","A","G11","r06c04",2637.185
"20240624","A","G11","r06c06",2632.127
"20240624","B","B02","r04c04",2787.408
"20240624","B","B02","r04c06",2538.382
"20240624","B","B02","r05c05",2781.769
"20240624","B","B02","r06c04",2768.87
"20240624","B","B02","r06c06",2496.771
"20240624","B","B03","r04c04",2594.081
"20240624","B","B03","r04c06",2581.659
"20240624","B","B03","r05c05",2780.059
"20240624","B","B03","r06c04",2907.318
"20240624","B","B03","r06c06",2612.75
"20240624","B","B04","r04c04",2356.289
"20240624","B","B04","r04c06",2460.912
"20240624","B","B04","r05c05",2130.491
"20240624","B","B04","r06c04",2235.066
"20240624","B","B04","r06c06",2222.488
"20240624","B","B05","r04c04",1956.209
"20240624","B","B05","r04c06",1863.481
"20240624","B","B05","r05c05",1922.965
"20240624","B","B05","r06c04",1801.243
"20240624","B","B05","r06c06",2024.279
"20240624","B","B06","r04c04",3153.217
"20240624","B","B06","r04c06",3362.707
"20240624","B","B06","r05c05",3748.055
"20240624","B","B06","r06c04",3298.809
"20240624","B","B06","r06c06",3635.66
"20240624","B","B07","r04c04",2034.693
"20240624","B","B07","r04c06",1956.921
"20240624","B","B07","r05c05",1947.495
"20240624","B","B07","r06c04",2066.976
"20240624","B","B07","r06c06",1942.998
"20240624","B","B08","r04c04",3403.013
"20240624","B","B08","r04c06",3511.318
"20240624","B","B08","r05c05",3455.181
"20240624","B","B08","r06c04",3152.358
"20240624","B","B08","r06c06",3377.674
"20240624","B","B09","r04c04",2388.783
"20240624","B","B09","r04c06",2247.584
"20240624","B","B09","r05c05",2173.557
"20240624","B","B09","r06c04",2213.358
"20240624","B","B09","r06c06",1993.13
"20240624","B","B10","r04c04",3803.068
"20240624","B","B10","r04c06",3757.31
"20240624","B","B10","r05c05",3950.267
"20240624","B","B10","r06c04",3583.502
"20240624","B","B10","r06c06",3194.907
"20240624","B","B11","r04c04",2102.487
"20240624","B","B11","r04c06",2434.796
"20240624","B","B11","r05c05",2605.026
"20240624","B","B11","r06c04",2173.479
"20240624","B","B11","r06c06",2371.66
"20240624","B","C02","r04c04",2135.708
"20240624","B","C02","r04c06",2342.763
"20240624","B","C02","r05c05",2010.035
"20240624","B","C02","r06c04",2266.833
"20240624","B","C02","r06c06",2305.66
"20240624","B","C03","r04c04",2139.652
"20240624","B","C03","r04c06",2314.232
"20240624","B","C03","r05c05",2311.04
"20240624","B","C03","r06c04",2117.588
"20240624","B","C03","r06c06",2348.417
"20240624","B","C04","r04c04",2943.635
"20240624","B","C04","r04c06",2847.077
"20240624","B","C04","r05c05",3292.404
"20240624","B","C04","r06c04",3151.774
"20240624","B","C04","r06c06",2891.861
"20240624","B","C06","r04c04",2478.535
"20240624","B","C06","r04c06",2664.489
"20240624","B","C06","r05c05",2877.228
"20240624","B","C06","r06c04",2894.045
"20240624","B","C06","r06c06",2561.005
"20240624","B","C07","r04c04",2669.593
"20240624","B","C07","r04c06",3156.062
"20240624","B","C07","r05c05",3185.709
"20240624","B","C07","r06c04",2982.721
"20240624","B","C07","r06c06",3208.686
"20240624","B","C08","r04c04",2818.152
"20240624","B","C08","r04c06",2785.13
"20240624","B","C08","r05c05",2969.287
"20240624","B","C08","r06c04",2799.205
"20240624","B","C08","r06c06",2968.252
"20240624","B","C09","r04c04",2841.378
"20240624","B","C09","r04c06",2929.004
"20240624","B","C09","r05c05",2990.648
"20240624","B","C09","r06c04",3110.656
"20240624","B","C09","r06c06",2966.783
"20240624","B","C11","r04c04",2541.972
"20240624","B","C11","r04c06",2701.059
"20240624","B","C11","r05c05",2638.297
"20240624","B","C11","r06c04",2641.95
"20240624","B","C11","r06c06",2704.68
"20240624","B","D02","r04c04",2568.425
"20240624","B","D02","r04c06",2531.567
"20240624","B","D02","r05c05",2747.433
"20240624","B","D02","r06c04",2699.231
"20240624","B","D02","r06c06",2835.704
"20240624","B","D04","r04c04",1846.14
"20240624","B","D04","r04c06",1790.554
"20240624","B","D04","r05c05",1883.967
"20240624","B","D04","r06c04",1878.258
"20240624","B","D04","r06c06",1903.787
"20240624","B","D06","r04c04",3787.206
"20240624","B","D06","r04c06",3548.332
"20240624","B","D06","r05c05",3841.976
"20240624","B","D06","r06c04",3691.544
"20240624","B","D06","r06c06",3669.037
"20240624","B","D07","r04c04",3115.483
"20240624","B","D07","r04c06",3121.489
"20240624","B","D07","r05c05",3047.809
"20240624","B","D07","r06c04",3020.012
"20240624","B","D07","r06c06",3090.303
"20240624","B","D08","r04c04",1715.952
"20240624","B","D08","r04c06",2006.442
"20240624","B","D08","r05c05",1861.512
"20240624","B","D08","r06c04",1894.972
"20240624","B","D08","r06c06",1955.666
"20240624","B","D09","r04c04",2866.64
"20240624","B","D09","r04c06",2743.623
"20240624","B","D09","r05c05",2853.982
"20240624","B","D09","r06c04",2824.64
"20240624","B","D09","r06c06",2863.213
"20240624","B","D10","r04c04",2587.396
"20240624","B","D10","r04c06",2659.182
"20240624","B","D10","r05c05",2279.171
"20240624","B","D10","r06c04",2537.508
"20240624","B","D10","r06c06",2471.073
"20240624","B","D11","r04c04",2033.46
"20240624","B","D11","r04c06",2243.954
"20240624","B","D11","r05c05",2239.176
"20240624","B","D11","r06c04",2391.388
"20240624","B","D11","r06c06",2056.496
"20240624","B","E03","r04c04",2996.978
"20240624","B","E03","r04c06",3294.623
"20240624","B","E03","r05c05",3292.789
"20240624","B","E03","r06c04",3182.005
"20240624","B","E03","r06c06",3175.893
"20240624","B","E04","r04c04",3252.579
"20240624","B","E04","r04c06",3156.75
"20240624","B","E04","r05c05",3220.971
"20240624","B","E04","r06c04",3347.054
"20240624","B","E04","r06c06",3556.926
"20240624","B","E05","r04c04",2102.375
"20240624","B","E05","r04c06",1982.377
"20240624","B","E05","r05c05",2259.999
"20240624","B","E05","r06c04",2390.109
"20240624","B","E05","r06c06",2052.973
"20240624","B","E06","r04c04",1616.131
"20240624","B","E06","r04c06",1826.188
"20240624","B","E06","r05c05",1752.81
"20240624","B","E06","r06c04",1808.239
"20240624","B","E06","r06c06",1653.6
"20240624","B","E07","r04c04",1787.684
"20240624","B","E07","r04c06",1898.055
"20240624","B","E07","r05c05",1878.747
"20240624","B","E07","r06c04",1770.517
"20240624","B","E07","r06c06",1872.627
"20240624","B","E08","r04c04",2353.825
"20240624","B","E08","r04c06",2603.652
"20240624","B","E08","r05c05",2417.327
"20240624","B","E08","r06c04",2788.567
"20240624","B","E08","r06c06",2275.859
"20240624","B","E10","r04c04",2354.553
"20240624","B","E10","r04c06",2260.319
"20240624","B","E10","r05c05",2068.037
"20240624","B","E10","r06c04",2233.7
"20240624","B","E10","r06c06",1943.053
"20240624","B","E11","r04c04",2840.127
"20240624","B","E11","r04c06",3008.752
"20240624","B","E11","r05c05",2870.101
"20240624","B","E11","r06c04",2785.167
"20240624","B","E11","r06c06",2939.528
"20240624","B","F02","r04c04",2193.233
"20240624","B","F02","r04c06",2152.99
"20240624","B","F02","r05c05",2186.265
"20240624","B","F02","r06c04",2246.986
"20240624","B","F02","r06c06",2011.671
"20240624","B","F03","r04c04",1603.811
"20240624","B","F03","r04c06",1567.687
"20240624","B","F03","r05c05",1670.605
"20240624","B","F03","r06c04",1670.422
"20240624","B","F03","r06c06",1694.726
"20240624","B","F04","r04c04",2467.718
"20240624","B","F04","r04c06",2508.415
"20240624","B","F04","r05c05",2544.332
"20240624","B","F04","r06c04",2416.404
"20240624","B","F04","r06c06",2372.607
"20240624","B","F06","r04c04",2833.942
"20240624","B","F06","r04c06",2743.415
"20240624","B","F06","r05c05",2597.216
"20240624","B","F06","r06c04",2585.641
"20240624","B","F06","r06c06",2475.489
"20240624","B","F07","r04c04",2660.887
"20240624","B","F07","r04c06",2436.442
"20240624","B","F07","r05c05",2558.013
"20240624","B","F07","r06c04",2681.966
"20240624","B","F07","r06c06",2493.364
"20240624","B","F08","r04c04",2576.658
"20240624","B","F08","r04c06",2733.182
"20240624","B","F08","r05c05",2582.901
"20240624","B","F08","r06c04",2314.496
"20240624","B","F08","r06c06",2233.503
"20240624","B","F09","r04c04",272.151
"20240624","B","F09","r04c06",282.191
"20240624","B","F09","r05c05",277.582
"20240624","B","F09","r06c04",278.259
"20240624","B","F09","r06c06",279.55
"20240624","B","F10","r04c04",2322.004
"20240624","B","F10","r04c06",2358.747
"20240624","B","F10","r05c05",2326.656
"20240624","B","F10","r06c04",2228.026
"20240624","B","F10","r06c06",2346.413
"20240624","B","F11","r04c04",2243.485
"20240624","B","F11","r04c06",2543.583
"20240624","B","F11","r05c05",2502.705
"20240624","B","F11","r06c04",2598.974
"20240624","B","F11","r06c06",2436.185
"20240624","B","G02","r04c04",2424.653
"20240624","B","G02","r04c06",2449.869
"20240624","B","G02","r05c05",2346.252
"20240624","B","G02","r06c04",2243.675
"20240624","B","G02","r06c06",2421.848
"20240624","B","G03","r04c04",2575.039
"20240624","B","G03","r04c06",2222.227
"20240624","B","G03","r05c05",2441.206
"20240624","B","G03","r06c04",2674.146
"20240624","B","G03","r06c06",2626.492
"20240624","B","G04","r04c04",1864.84
"20240624","B","G04","r04c06",1806.613
"20240624","B","G04","r05c05",1816.58
"20240624","B","G04","r06c04",1992.654
"20240624","B","G04","r06c06",1798.888
"20240624","B","G05","r04c04",2045.24
"20240624","B","G05","r04c06",2104.252
"20240624","B","G05","r05c05",1998.185
"20240624","B","G05","r06c04",2171.572
"20240624","B","G05","r06c06",2081.421
"20240624","B","G06","r04c04",2755.318
"20240624","B","G06","r04c06",3012.423
"20240624","B","G06","r05c05",2811.976
"20240624","B","G06","r06c04",2830.402
"20240624","B","G06","r06c06",2993.262
"20240624","B","G07","r04c04",285.463
"20240624","B","G07","r04c06",275.11
"20240624","B","G07","r05c05",279.918
"20240624","B","G07","r06c04",290.329
"20240624","B","G07","r06c06",292.534
"20240624","B","G08","r04c04",2571.56
"20240624","B","G08","r04c06",2756.183
"20240624","B","G08","r05c05",2758.759
"20240624","B","G08","r06c04",3047.403
"20240624","B","G08","r06c06",2831.471
"20240624","B","G09","r04c04",1989.776
"20240624","B","G09","r04c06",2188.675
"20240624","B","G09","r05c05",2206.251
"20240624","B","G09","r06c04",2296.173
"20240624","B","G09","r06c06",2174.471
"20240624","B","G10","r04c04",2031.866
"20240624","B","G10","r04c06",2044.918
"20240624","B","G10","r05c05",2017.859
"20240624","B","G10","r06c04",2070.938
"20240624","B","G10","r06c06",2099.156
"20240624","B","G11","r04c04",2470.678
"20240624","B","G11","r04c06",2725.344
"20240624","B","G11","r05c05",2893.227
"20240624","B","G11","r06c04",2755.463
"20240624","B","G11","r06c06",2991.907
"20240624","C","B02","r04c04",2942.055
"20240624","C","B02","r04c06",2870.857
"20240624","C","B02","r05c05",2737.058
"20240624","C","B02","r06c04",2624.986
"20240624","C","B02","r06c06",2652.206
"20240624","C","B03","r04c04",2449.107
"20240624","C","B03","r04c06",2508.453
"20240624","C","B03","r05c05",2439.928
"20240624","C","B03","r06c04",2560.103
"20240624","C","B03","r06c06",2362.662
"20240624","C","B04","r04c04",2172.217
"20240624","C","B04","r04c06",1967.371
"20240624","C","B04","r05c05",2045.67
"20240624","C","B04","r06c04",2258.712
"20240624","C","B04","r06c06",2029.76
"20240624","C","B05","r04c04",1921.081
"20240624","C","B05","r04c06",1793.623
"20240624","C","B05","r05c05",1883.878
"20240624","C","B05","r06c04",1928.151
"20240624","C","B05","r06c06",1909.88
"20240624","C","B06","r04c04",3485.435
"20240624","C","B06","r04c06",3334.625
"20240624","C","B06","r05c05",3530.287
"20240624","C","B06","r06c04",3609.099
"20240624","C","B06","r06c06",3783.397
"20240624","C","B07","r04c04",2245.259
"20240624","C","B07","r04c06",2228.325
"20240624","C","B07","r05c05",2237.971
"20240624","C","B07","r06c04",2203.2
"20240624","C","B07","r06c06",2092.024
"20240624","C","B08","r04c04",3883.896
"20240624","C","B08","r04c06",4081.812
"20240624","C","B08","r05c05",3725.675
"20240624","C","B08","r06c04",3854.084
"20240624","C","B08","r06c06",3876.478
"20240624","C","B09","r04c04",2783.655
"20240624","C","B09","r04c06",2767.81
"20240624","C","B09","r05c05",2995.353
"20240624","C","B09","r06c04",2992.87
"20240624","C","B09","r06c06",2823.838
"20240624","C","B10","r04c04",4069.333
"20240624","C","B10","r04c06",3974.276
"20240624","C","B10","r05c05",3591.021
"20240624","C","B10","r06c04",3566.51
"20240624","C","B10","r06c06",3619.311
"20240624","C","B11","r04c04",2417.393
"20240624","C","B11","r04c06",2320.455
"20240624","C","B11","r05c05",2025.204
"20240624","C","B11","r06c04",1706.747
"20240624","C","B11","r06c06",1774.496
"20240624","C","C02","r04c04",2199.952
"20240624","C","C02","r04c06",1862.666
"20240624","C","C02","r05c05",2179.407
"20240624","C","C02","r06c04",2103.232
"20240624","C","C02","r06c06",2133.643
"20240624","C","C03","r04c04",2269.628
"20240624","C","C03","r04c06",2278.378
"20240624","C","C03","r05c05",2253.716
"20240624","C","C03","r06c04",2349.479
"20240624","C","C03","r06c06",2232.925
"20240624","C","C04","r04c04",3039.11
"20240624","C","C04","r04c06",2974.156
"20240624","C","C04","r05c05",2753.86
"20240624","C","C04","r06c04",3071.42
"20240624","C","C04","r06c06",2950.378
"20240624","C","C06","r04c04",2930.177
"20240624","C","C06","r04c06",2961.318
"20240624","C","C06","r05c05",2734.716
"20240624","C","C06","r06c04",2749.708
"20240624","C","C06","r06c06",3275.415
"20240624","C","C07","r04c04",2865.304
"20240624","C","C07","r04c06",2843.251
"20240624","C","C07","r05c05",2797.171
"20240624","C","C07","r06c04",2711.04
"20240624","C","C07","r06c06",2982.577
"20240624","C","C08","r04c04",2791.708
"20240624","C","C08","r04c06",3068.174
"20240624","C","C08","r05c05",3155.086
"20240624","C","C08","r06c04",2900.046
"20240624","C","C08","r06c06",3074.547
"20240624","C","C09","r04c04",2984.86
"20240624","C","C09","r04c06",2979.872
"20240624","C","C09","r05c05",2752.019
"20240624","C","C09","r06c04",2874.423
"20240624","C","C09","r06c06",3120.157
"20240624","C","C11","r04c04",2297.391
"20240624","C","C11","r04c06",2443.081
"20240624","C","C11","r05c05",2326.844
"20240624","C","C11","r06c04",2342.765
"20240624","C","C11","r06c06",2300.379
"20240624","C","D02","r04c04",2566.314
"20240624","C","D02","r04c06",2564.674
"20240624","C","D02","r05c05",2285.356
"20240624","C","D02","r06c04",2476.163
"20240624","C","D02","r06c06",2375.409
"20240624","C","D04","r04c04",2075.596
"20240624","C","D04","r04c06",2090.216
"20240624","C","D04","r05c05",2002.028
"20240624","C","D04","r06c04",1892.649
"20240624","C","D04","r06c06",2029.841
"20240624","C","D06","r04c04",3435.143
"20240624","C","D06","r04c06",3705.509
"20240624","C","D06","r05c05",3669.88
"20240624","C","D06","r06c04",3569.904
"20240624","C","D06","r06c06",3766.469
"20240624","C","D07","r04c04",2828.131
"20240624","C","D07","r04c06",3023.617
"20240624","C","D07","r05c05",3067.698
"20240624","C","D07","r06c04",2897.187
"20240624","C","D07","r06c06",3077.584
"20240624","C","D08","r04c04",2077.159
"20240624","C","D08","r04c06",2113.199
"20240624","C","D08","r05c05",2207.486
"20240624","C","D08","r06c04",2160.643
"20240624","C","D08","r06c06",2182.591
"20240624","C","D09","r04c04",2751.948
"20240624","C","D09","r04c06",2738.522
"20240624","C","D09","r05c05",2960.735
"20240624","C","D09","r06c04",2879.532
"20240624","C","D09","r06c06",2980.921
"20240624","C","D10","r04c04",2299.873
"20240624","C","D10","r04c06",2504.781
"20240624","C","D10","r05c05",2446.38
"20240624","C","D10","r06c04",2545.068
"20240624","C","D10","r06c06",2465.496
"20240624","C","D11","r04c04",2645.988
"20240624","C","D11","r04c06",2588.297
"20240624","C","D11","r05c05",2613.227
"20240624","C","D11","r06c04",2398.082
"20240624","C","D11","r06c06",2363.744
"20240624","C","E03","r04c04",3154.454
"20240624","C","E03","r04c06",3051.364
"20240624","C","E03","r05c05",3034.134
"20240624","C","E03","r06c04",3095.212
"20240624","C","E03","r06c06",2950.828
"20240624","C","E04","r04c04",3251.619
"20240624","C","E04","r04c06",3369.384
"20240624","C","E04","r05c05",3382.089
"20240624","C","E04","r06c04",3175.78
"20240624","C","E04","r06c06",3450.28
"20240624","C","E05","r04c04",2382.273
"20240624","C","E05","r04c06",2486.266
"20240624","C","E05","r05c05",2552.208
"20240624","C","E05","r06c04",2444.316
"20240624","C","E05","r06c06",2267.621
"20240624","C","E06","r04c04",1814.404
"20240624","C","E06","r04c06",1872.74
"20240624","C","E06","r05c05",1780.781
"20240624","C","E06","r06c04",1709.272
"20240624","C","E06","r06c06",1718.366
"20240624","C","E07","r04c04",2006.242
"20240624","C","E07","r04c06",1922.212
"20240624","C","E07","r05c05",1928.219
"20240624","C","E07","r06c04",1822.017
"20240624","C","E07","r06c06",1887.006
"20240624","C","E08","r04c04",2302.336
"20240624","C","E08","r04c06",2253.005
"20240624","C","E08","r05c05",2302.759
"20240624","C","E08","r06c04",2291.25
"20240624","C","E08","r06c06",2373.591
"20240624","C","E10","r04c04",2006.007
"20240624","C","E10","r04c06",2232.956
"20240624","C","E10","r05c05",2146.998
"20240624","C","E10","r06c04",2288.841
"20240624","C","E10","r06c06",2070.792
"20240624","C","E11","r04c04",3059.804
"20240624","C","E11","r04c06",3463.076
"20240624","C","E11","r05c05",2979.822
"20240624","C","E11","r06c04",3122.963
"20240624","C","E11","r06c06",3252.815
"20240624","C","F02","r04c04",2169.581
"20240624","C","F02","r04c06",2027.321
"20240624","C","F02","r05c05",2126.665
"20240624","C","F02","r06c04",1896.324
"20240624","C","F02","r06c06",1895.745
"20240624","C","F03","r04c04",1291.953
"20240624","C","F03","r04c06",1292.87
"20240624","C","F03","r05c05",1230.763
"20240624","C","F03","r06c04",1414.612
"20240624","C","F03","r06c06",1322.541
"20240624","C","F04","r04c04",1977.095
"20240624","C","F04","r04c06",2051.218
"20240624","C","F04","r05c05",1943.029
"20240624","C","F04","r06c04",1990.571
"20240624","C","F04","r06c06",1825.554
"20240624","C","F06","r04c04",2630.655
"20240624","C","F06","r04c06",2439.657
"20240624","C","F06","r05c05",2354.987
"20240624","C","F06","r06c04",2124.161
"20240624","C","F06","r06c06",2269.96
"20240624","C","F07","r04c04",2373.021
"20240624","C","F07","r04c06",2184.724
"20240624","C","F07","r05c05",2164.554
"20240624","C","F07","r06c04",2009.38
"20240624","C","F07","r06c06",2302.927
"20240624","C","F08","r04c04",2234.177
"20240624","C","F08","r04c06",2255.119
"20240624","C","F08","r05c05",2191.313
"20240624","C","F08","r06c04",2190.918
"20240624","C","F08","r06c06",2284.879
"20240624","C","F09","r04c04",264.614
"20240624","C","F09","r04c06",262.85
"20240624","C","F09","r05c05",262.684
"20240624","C","F09","r06c04",273.681
"20240624","C","F09","r06c06",272.128
"20240624","C","F10","r04c04",1838.61
"20240624","C","F10","r04c06",1928.206
"20240624","C","F10","r05c05",1858.052
"20240624","C","F10","r06c04",1983.996
"20240624","C","F10","r06c06",1932.578
"20240624","C","F11","r04c04",1918.094
"20240624","C","F11","r04c06",2229.08
"20240624","C","F11","r05c05",2179.641
"20240624","C","F11","r06c04",2094.536
"20240624","C","F11","r06c06",2124.578
"20240624","C","G02","r04c04",2269.222
"20240624","C","G02","r04c06",2262.988
"20240624","C","G02","r05c05",2373.232
"20240624","C","G02","r06c04",2328.847
"20240624","C","G02","r06c06",2298.528
"20240624","C","G03","r04c04",2116.432
"20240624","C","G03","r04c06",2366.577
"20240624","C","G03","r05c05",2391.216
"20240624","C","G03","r06c04",2575.809
"20240624","C","G03","r06c06",2222.973
"20240624","C","G04","r04c04",1568.559
"20240624","C","G04","r04c06",1599.449
"20240624","C","G04","r05c05",1640.887
"20240624","C","G04","r06c04",1699.944
"20240624","C","G04","r06c06",1768.478
"20240624","C","G05","r04c04",2265.498
"20240624","C","G05","r04c06",1897.19
"20240624","C","G05","r05c05",2062.925
"20240624","C","G05","r06c04",2146.413
"20240624","C","G05","r06c06",2107.067
"20240624","C","G06","r04c04",2775.787
"20240624","C","G06","r04c06",2850.951
"20240624","C","G06","r05c05",2681.243
"20240624","C","G06","r06c04",2872.987
"20240624","C","G06","r06c06",2940.557
"20240624","C","G07","r04c04",265.683
"20240624","C","G07","r04c06",254.246
"20240624","C","G07","r05c05",253.236
"20240624","C","G07","r06c04",254.944
"20240624","C","G07","r06c06",254.979
"20240624","C","G08","r04c04",2765.053
"20240624","C","G08","r04c06",2993.736
"20240624","C","G08","r05c05",3024.082
"20240624","C","G08","r06c04",3018.201
"20240624","C","G08","r06c06",3091.431
"20240624","C","G09","r04c04",2003.382
"20240624","C","G09","r04c06",2152.347
"20240624","C","G09","r05c05",1886.926
"20240624","C","G09","r06c04",2071.517
"20240624","C","G09","r06c06",2025.198
"20240624","C","G10","r04c04",1979.173
"20240624","C","G10","r04c06",1912.907
"20240624","C","G10","r05c05",1926.844
"20240624","C","G10","r06c04",2096.009
"20240624","C","G10","r06c06",1867.503
"20240624","C","G11","r04c04",2546.878
"20240624","C","G11","r04c06",2770.086
"20240624","C","G11","r05c05",2534.458
"20240624","C","G11","r06c04",2550.121
"20240624","C","G11","r06c06",2403.09
"20240624","D","B02","r04c04",2476.925
"20240624","D","B02","r04c06",2464.512
"20240624","D","B02","r05c05",2450.307
"20240624","D","B02","r06c04",2458.779
"20240624","D","B02","r06c06",2310.573
"20240624","D","B03","r04c04",2768.982
"20240624","D","B03","r04c06",2710.816
"20240624","D","B03","r05c05",2812.354
"20240624","D","B03","r06c04",2971.654
"20240624","D","B03","r06c06",2626.905
"20240624","D","B04","r04c04",2150.453
"20240624","D","B04","r04c06",2242.014
"20240624","D","B04","r05c05",2203.742
"20240624","D","B04","r06c04",2298.059
"20240624","D","B04","r06c06",2260.923
"20240624","D","B05","r04c04",1905.907
"20240624","D","B05","r04c06",1981.151
"20240624","D","B05","r05c05",1934.905
"20240624","D","B05","r06c04",2106.649
"20240624","D","B05","r06c06",2024.832
"20240624","D","B06","r04c04",3584.117
"20240624","D","B06","r04c06",3529.771
"20240624","D","B06","r05c05",3445.339
"20240624","D","B06","r06c04",3396.624
"20240624","D","B06","r06c06",3577.578
"20240624","D","B07","r04c04",2074.02
"20240624","D","B07","r04c06",1937.511
"20240624","D","B07","r05c05",1963.511
"20240624","D","B07","r06c04",2023.581
"20240624","D","B07","r06c06",2004.267
"20240624","D","B08","r04c04",3870.058
"20240624","D","B08","r04c06",3988.22
"20240624","D","B08","r05c05",3501.583
"20240624","D","B08","r06c04",3713.632
"20240624","D","B08","r06c06",3689.842
"20240624","D","B09","r04c04",2654.377
"20240624","D","B09","r04c06",2756.746
"20240624","D","B09","r05c05",2728.869
"20240624","D","B09","r06c04",2684.541
"20240624","D","B09","r06c06",2716.904
"20240624","D","B10","r04c04",4755.701
"20240624","D","B10","r04c06",4541.455
"20240624","D","B10","r05c05",4633.117
"20240624","D","B10","r06c04",4185.203
"20240624","D","B10","r06c06",4130.596
"20240624","D","B11","r04c04",2695.08
"20240624","D","B11","r04c06",2773.681
"20240624","D","B11","r05c05",2571.959
"20240624","D","B11","r06c04",2142.342
"20240624","D","B11","r06c06",2243.91
"20240624","D","C02","r04c04",1827.658
"20240624","D","C02","r04c06",1706.484
"20240624","D","C02","r05c05",1910.977
"20240624","D","C02","r06c04",1932.754
"20240624","D","C02","r06c06",1684.255
"20240624","D","C03","r04c04",2190.665
"20240624","D","C03","r04c06",2215.733
"20240624","D","C03","r05c05",2240.632
"20240624","D","C03","r06c04",2175.037
"20240624","D","C03","r06c06",1997.64
"20240624","D","C04","r04c04",3114.379
"20240624","D","C04","r04c06",3097.94
"20240624","D","C04","r05c05",3034.465
"20240624","D","C04","r06c04",3113.368
"20240624","D","C04","r06c06",2968.214
"20240624","D","C06","r04c04",2785.02
"20240624","D","C06","r04c06",2775.357
"20240624","D","C06","r05c05",2573.21
"20240624","D","C06","r06c04",2630.306
"20240624","D","C06","r06c06",2743.976
"20240624","D","C07","r04c04",2269.351
"20240624","D","C07","r04c06",2247.317
"20240624","D","C07","r05c05",2067.864
"20240624","D","C07","r06c04",1986.431
"20240624","D","C07","r06c06",1828.98
"20240624","D","C08","r04c04",3048.424
"20240624","D","C08","r04c06",3057.929
"20240624","D","C08","r05c05",2901.029
"20240624","D","C08","r06c04",3137.193
"20240624","D","C08","r06c06",3045.83
"20240624","D","C09","r04c04",2964.648
"20240624","D","C09","r04c06",2636.195
"20240624","D","C09","r05c05",2578.929
"20240624","D","C09","r06c04",2810.881
"20240624","D","C09","r06c06",2546.62
"20240624","D","C11","r04c04",613.977
"20240624","D","C11","r04c06",561.691
"20240624","D","C11","r05c05",587.268
"20240624","D","C11","r06c04",539.249
"20240624","D","C11","r06c06",482.495
"20240624","D","D02","r04c04",2852.594
"20240624","D","D02","r04c06",2502.106
"20240624","D","D02","r05c05",2672.19
"20240624","D","D02","r06c04",2869.167
"20240624","D","D02","r06c06",2690.832
"20240624","D","D04","r04c04",1932.18
"20240624","D","D04","r04c06",1987.324
"20240624","D","D04","r05c05",1975.767
"20240624","D","D04","r06c04",2143.609
"20240624","D","D04","r06c06",2178.173
"20240624","D","D06","r04c04",3756.172
"20240624","D","D06","r04c06",3468.663
"20240624","D","D06","r05c05",3741.021
"20240624","D","D06","r06c04",3533.223
"20240624","D","D06","r06c06",3669.881
"20240624","D","D07","r04c04",2993.861
"20240624","D","D07","r04c06",3353.203
"20240624","D","D07","r05c05",2921.001
"20240624","D","D07","r06c04",2911.671
"20240624","D","D07","r06c06",3047.268
"20240624","D","D08","r04c04",1995.975
"20240624","D","D08","r04c06",1852.899
"20240624","D","D08","r05c05",2014.418
"20240624","D","D08","r06c04",2099.646
"20240624","D","D08","r06c06",2001.6
"20240624","D","D09","r04c04",3020.847
"20240624","D","D09","r04c06",2529.576
"20240624","D","D09","r05c05",2349.335
"20240624","D","D09","r06c04",2717.249
"20240624","D","D09","r06c06",2426.571
"20240624","D","D10","r04c04",2132.352
"20240624","D","D10","r04c06",2158.009
"20240624","D","D10","r05c05",2132.199
"20240624","D","D10","r06c04",2202.121
"20240624","D","D10","r06c06",2039.975
"20240624","D","D11","r04c04",2642.137
"20240624","D","D11","r04c06",2352.899
"20240624","D","D11","r05c05",2428.695
"20240624","D","D11","r06c04",2584.539
"20240624","D","D11","r06c06",2617.979
"20240624","D","E03","r04c04",3028.93
"20240624","D","E03","r04c06",2980.321
"20240624","D","E03","r05c05",3416.277
"20240624","D","E03","r06c04",3287.698
"20240624","D","E03","r06c06",3287.793
"20240624","D","E04","r04c04",3365.423
"20240624","D","E04","r04c06",3330.067
"20240624","D","E04","r05c05",3209.868
"20240624","D","E04","r06c04",3255.956
"20240624","D","E04","r06c06",3536.197
"20240624","D","E05","r04c04",2796.473
"20240624","D","E05","r04c06",2952.939
"20240624","D","E05","r05c05",2508.243
"20240624","D","E05","r06c04",2771.134
"20240624","D","E05","r06c06",2660.746
"20240624","D","E06","r04c04",1695.197
"20240624","D","E06","r04c06",1839.035
"20240624","D","E06","r05c05",1768.818
"20240624","D","E06","r06c04",1569.798
"20240624","D","E06","r06c06",1769.168
"20240624","D","E07","r04c04",1823.323
"20240624","D","E07","r04c06",1956.031
"20240624","D","E07","r05c05",1760.623
"20240624","D","E07","r06c04",1807.482
"20240624","D","E07","r06c06",1733.538
"20240624","D","E08","r04c04",2844.504
"20240624","D","E08","r04c06",2832.491
"20240624","D","E08","r05c05",2693.365
"20240624","D","E08","r06c04",2850.509
"20240624","D","E08","r06c06",2426.329
"20240624","D","E10","r04c04",2178.582
"20240624","D","E10","r04c06",2319.416
"20240624","D","E10","r05c05",2183.166
"20240624","D","E10","r06c04",2201.978
"20240624","D","E10","r06c06",2182.628
"20240624","D","E11","r04c04",2992.645
"20240624","D","E11","r04c06",3027.222
"20240624","D","E11","r05c05",3114.99
"20240624","D","E11","r06c04",2890.181
"20240624","D","E11","r06c06",3034.941
"20240624","D","F02","r04c04",2375.485
"20240624","D","F02","r04c06",2073.783
"20240624","D","F02","r05c05",2216.246
"20240624","D","F02","r06c04",2060.641
"20240624","D","F02","r06c06",2047.011
"20240624","D","F03","r04c04",1706.133
"20240624","D","F03","r04c06",1661.494
"20240624","D","F03","r05c05",1673.739
"20240624","D","F03","r06c04",1846.991
"20240624","D","F03","r06c06",1540.737
"20240624","D","F04","r04c04",2546.673
"20240624","D","F04","r04c06",2267.915
"20240624","D","F04","r05c05",2178.968
"20240624","D","F04","r06c04",2136.712
"20240624","D","F04","r06c06",2464.996
"20240624","D","F06","r04c04",2403.264
"20240624","D","F06","r04c06",2658.784
"20240624","D","F06","r05c05",2712.972
"20240624","D","F06","r06c04",2562.397
"20240624","D","F06","r06c06",2580.757
"20240624","D","F07","r04c04",2400.802
"20240624","D","F07","r04c06",2666.181
"20240624","D","F07","r05c05",2562.244
"20240624","D","F07","r06c04",2582.523
"20240624","D","F07","r06c06",2571.508
"20240624","D","F08","r04c04",2398.434
"20240624","D","F08","r04c06",2229.749
"20240624","D","F08","r05c05",2266.842
"20240624","D","F08","r06c04",2308.549
"20240624","D","F08","r06c06",2111.74
"20240624","D","F09","r04c04",249.393
"20240624","D","F09","r04c06",257.748
"20240624","D","F09","r05c05",251.641
"20240624","D","F09","r06c04",250.17
"20240624","D","F09","r06c06",246.097
"20240624","D","F10","r04c04",2375.085
"20240624","D","F10","r04c06",2333.264
"20240624","D","F10","r05c05",2392.01
"20240624","D","F10","r06c04",2315.107
"20240624","D","F10","r06c06",2301.984
"20240624","D","F11","r04c04",2484.713
"20240624","D","F11","r04c06",2470.36
"20240624","D","F11","r05c05",2320.58
"20240624","D","F11","r06c04",2456.43
"20240624","D","F11","r06c06",2376.02
"20240624","D","G02","r04c04",2678.304
"20240624","D","G02","r04c06",2633.849
"20240624","D","G02","r05c05",2513.163
"20240624","D","G02","r06c04",3978.6
"20240624","D","G02","r06c06",2363.957
"20240624","D","G03","r04c04",2011.551
"20240624","D","G03","r04c06",1967.699
"20240624","D","G03","r05c05",2083.641
"20240624","D","G03","r06c04",2095.922
"20240624","D","G03","r06c06",1957.702
"20240624","D","G04","r04c04",1652.21
"20240624","D","G04","r04c06",1599.969
"20240624","D","G04","r05c05",1673.977
"20240624","D","G04","r06c04",1637.994
"20240624","D","G04","r06c06",1684.198
"20240624","D","G05","r04c04",2141.376
"20240624","D","G05","r04c06",1887.157
"20240624","D","G05","r05c05",1843.239
"20240624","D","G05","r06c04",1982.081
"20240624","D","G05","r06c06",1934.316
"20240624","D","G06","r04c04",2684.938
"20240624","D","G06","r04c06",2470.826
"20240624","D","G06","r05c05",2595.698
"20240624","D","G06","r06c04",2799.838
"20240624","D","G06","r06c06",2685.526
"20240624","D","G07","r04c04",223.238
"20240624","D","G07","r04c06",226.247
"20240624","D","G07","r05c05",223.379
"20240624","D","G07","r06c04",219.156
"20240624","D","G07","r06c06",221.785
"20240624","D","G08","r04c04",2646.49
"20240624","D","G08","r04c06",2856.341
"20240624","D","G08","r05c05",2822.359
"20240624","D","G08","r06c04",2844.358
"20240624","D","G08","r06c06",2618.835
"20240624","D","G09","r04c04",2251.647
"20240624","D","G09","r04c06",2051.612
"20240624","D","G09","r05c05",2175.798
"20240624","D","G09","r06c04",2546.986
"20240624","D","G09","r06c06",2215.762
"20240624","D","G10","r04c04",1536.6
"20240624","D","G10","r04c06",1636.479
"20240624","D","G10","r05c05",1428.184
"20240624","D","G10","r06c04",1565.492
"20240624","D","G10","r06c06",1483.871
"20240624","D","G11","r04c04",2342.653
"20240624","D","G11","r04c06",2234.431
"20240624","D","G11","r05c05",2101.951
"20240624","D","G11","r06c04",2385.954
"20240624","D","G11","r06c06",2132.83
